qqq_regime,signal_time,entry_time,exit_time,drop_return,entry_mid,entry_executed,exit_mid,exit_executed,quantity,exit_reason,broker_profile,gross_pnl,spread_cost,slippage_cost,broker_commission,sec_fee,finra_taf,cat_fee,regulatory_fees,total_broker_fees,commission_cost,net_pnl,qqq_return_5m
falling,2026-05-01 10:18:00-04:00,2026-05-01 10:19:00-04:00,2026-05-01 10:19:00-04:00,-0.003250162508125487,199.34,199.3798699934,199.7786297333868,199.7386760052264,5,take_profit,alpaca_personal_api,2.1931486669339506,0.19955931486677514,0.19955929293516306,0.0,0.03,0.01,0.0,0.04,0.04,0.0,1.7540300591320124,-0.0012449239707147397
falling,2026-05-01 10:30:00-04:00,2026-05-01 10:31:00-04:00,2026-05-01 10:31:00-04:00,-0.0030650185910964245,198.42,198.4596859842,198.16199645522371,198.12236603755264,5,stop_loss,alpaca_personal_api,-1.2900177238813626,0.19829099822771923,0.1982910111277647,0.0,0.03,0.01,0.0,0.04,0.04,0.0,-1.7265997332368466,-0.0012752454105994238
falling,2026-05-01 10:32:00-04:00,2026-05-01 10:33:00-04:00,2026-05-01 10:33:00-04:00,-0.009283420313127233,197.45,197.4894919745,197.884470958449,197.844896043102,5,take_profit,alpaca_personal_api,2.172354792244988,0.1976672354791731,0.19766721375575003,0.0,0.03,0.01,0.0,0.04,0.04,0.0,1.737020343010065,-0.0017647146056085639
falling,2026-05-01 10:34:00-04:00,2026-05-01 10:35:00-04:00,2026-05-01 10:36:00-04:00,-0.008690410408399019,197.35,197.38947197349998,197.09338776553975,197.05397105892052,5,stop_loss,alpaca_personal_api,-1.2830611723012453,0.1972216938827387,0.1972217067132931,0.0,0.03,0.01,0.0,0.04,0.04,0.0,-1.717504572897277,-0.0020470829068577334
falling,2026-05-01 11:01:00-04:00,2026-05-01 11:02:00-04:00,2026-05-01 11:02:00-04:00,-0.002506391297809385,199.0,199.03980199,198.741242287015,198.70149602597004,5,stop_loss,alpaca_personal_api,-1.293788564924938,0.19887062114349874,0.1988706340813451,0.0,0.03,0.01,0.0,0.04,0.04,0.0,-1.731529820149782,-0.001411086685283225
falling,2026-05-01 11:52:00-04:00,2026-05-01 11:53:00-04:00,2026-05-01 11:57:00-04:00,-0.002956356165756402,199.0,199.03980199,198.741242287015,198.70149602597004,5,stop_loss,alpaca_personal_api,-1.293788564924938,0.19887062114349874,0.1988706340813451,0.0,0.03,0.01,0.0,0.04,0.04,0.0,-1.731529820149782,-0.0010962800551103102
falling,2026-05-01 12:09:00-04:00,2026-05-01 12:10:00-04:00,2026-05-01 12:13:00-04:00,-0.0022132796780683917,198.36,198.3996739836,198.7964733315672,198.75671602486563,5,take_profit,alpaca_personal_api,2.182366657835928,0.1985782366656963,0.1985782148420867,0.0,0.03,0.01,0.0,0.04,0.04,0.0,1.745210206328145,-0.0013195350492231084
falling,2026-05-01 12:27:00-04:00,2026-05-01 12:28:00-04:00,2026-05-01 12:32:00-04:00,-0.002512184092850367,198.53,198.5697079853,198.58,198.5402859858,5,max_holding,alpaca_personal_api,0.25000000000005684,0.19855500000005577,0.1985549974999401,0.0,0.03,0.01,0.0,0.04,0.04,0.0,-0.18710999749993903,-0.001409056525415009
falling,2026-05-04 10:57:00-04:00,2026-05-04 10:58:00-04:00,2026-05-04 10:59:00-04:00,-0.0032349373230894374,197.22,197.2594459722,196.96355680324172,196.92416606151664,5,stop_loss,alpaca_personal_api,-1.282215983791417,0.1970917784015569,0.197091791223869,0.0,0.03,0.01,0.0,0.04,0.04,0.0,-1.716399553416843,-0.001523871521356357
falling,2026-05-04 11:00:00-04:00,2026-05-04 11:01:00-04:00,2026-05-04 11:04:00-04:00,-0.0025778406793367514,197.34,197.3794699734,197.7742289133468,197.73467604530643,5,take_profit,alpaca_personal_api,2.171144566734,0.19755711445668567,0.19755709274519972,0.0,0.03,0.01,0.0,0.04,0.04,0.0,1.7360303595321147,-0.0012134126490869201
falling,2026-05-04 11:15:00-04:00,2026-05-04 11:16:00-04:00,2026-05-04 11:17:00-04:00,-0.0051110773746269045,196.61,196.64932396609998,196.35434998015086,196.31508107369834,5,stop_loss,alpaca_personal_api,-1.2782500992457813,0.196482174989967,0.19648218777248871,0.0,0.03,0.01,0.0,0.04,0.04,0.0,-1.711214462008237,-0.0010374827703755196
falling,2026-05-04 11:18:00-04:00,2026-05-04 11:19:00-04:00,2026-05-04 11:19:00-04:00,-0.004668391941949457,196.15,196.18923196149998,195.89494811355775,195.85577108288453,5,stop_loss,alpaca_personal_api,-1.2752594322112998,0.19602247405671847,0.19602248680925527,0.0,0.03,0.01,0.0,0.04,0.04,0.0,-1.7073043930772736,-0.0012165269638749754
falling,2026-05-04 11:20:00-04:00,2026-05-04 11:21:00-04:00,2026-05-04 11:21:00-04:00,-0.005696846388606347,195.48,195.51909795479997,195.2258193078678,195.18677609626442,5,stop_loss,alpaca_personal_api,-1.2709034606609748,0.19535290965379204,0.19535292236298574,0.0,0.03,0.01,0.0,0.04,0.04,0.0,-1.7016092926777526,-0.0032195368021245008
falling,2026-05-04 11:22:00-04:00,2026-05-04 11:23:00-04:00,2026-05-04 11:23:00-04:00,-0.006006617459913377,195.26,195.29905395259996,195.00610537167108,194.96710610065782,5,stop_loss,alpaca_personal_api,-1.2694731416445393,0.19513305268574754,0.19513306538044617,0.0,0.03,0.01,0.0,0.04,0.04,0.0,-1.699739259710733,-0.0031031462042138136
falling,2026-05-04 11:24:00-04:00,2026-05-04 11:25:00-04:00,2026-05-04 11:25:00-04:00,-0.0047025148231444325,194.72,194.7589459472,195.1484638390944,195.10943609781123,5,take_profit,alpaca_personal_api,2.1423191954720266,0.19493423191960346,0.19493421049631365,0.0,0.03,0.01,0.0,0.04,0.04,0.0,1.7124507530561095,-0.002127279759602585
falling,2026-05-04 11:32:00-04:00,2026-05-04 11:33:00-04:00,2026-05-04 11:34:00-04:00,-0.002708918987988751,195.12,195.1590259512,195.5493440031024,195.51023608979523,5,take_profit,alpaca_personal_api,2.1467200155119315,0.19533467200147925,0.1953346505342779,0.0,0.03,0.01,0.0,0.04,0.04,0.0,1.7160506929761743,-0.0020825275934905907
falling,2026-05-04 11:51:00-04:00,2026-05-04 11:52:00-04:00,2026-05-04 11:52:00-04:00,-0.0024975788776187002,195.73,195.7691479573,196.1606862532146,196.12145607757083,5,take_profit,alpaca_personal_api,2.1534312660730848,0.19594534312659562,0.19594532159231903,0.0,0.03,0.01,0.0,0.04,0.04,0.0,1.72154060135417,-0.0012958963282937441
falling,2026-05-04 12:01:00-04:00,2026-05-04 12:02:00-04:00,2026-05-04 12:05:00-04:00,-0.002401144375191566,195.26,195.29905395259996,195.68965206050515,195.65051608698957,5,take_profit,alpaca_personal_api,2.148260302525813,0.1954748260301642,0.19547480454761512,0.0,0.03,0.01,0.0,0.04,0.04,0.0,1.7173106719480336,-0.001146840231751045
falling,2026-05-04 12:09:00-04:00,2026-05-04 12:10:00-04:00,2026-05-04 12:10:00-04:00,-0.002197577554044927,195.22,195.25904595219998,194.9661573832717,194.92716610145663,5,stop_loss,alpaca_personal_api,-1.2692130836414606,0.19509307869157055,0.19509309138371123,0.0,0.03,0.01,0.0,0.04,0.04,0.0,-1.6993992537167424,-0.001938302345345977
falling,2026-05-04 15:54:00-04:00,2026-05-04 15:55:00-04:00,2026-05-04 15:55:00-04:00,-0.002114803625377526,198.18,198.2196379818,197.92230852482732,197.88272604234544,5,stop_loss,alpaca_personal_api,-1.2884573758634588,0.19805115426237307,0.19805116714692872,0.0,0.03,0.01,0.0,0.04,0.04,0.0,-1.7245596972727606,-0.0011303300266222172
falling,2026-05-05 10:14:00-04:00,2026-05-05 10:15:00-04:00,2026-05-05 10:15:00-04:00,-0.004632426988922411,197.65,197.6895319765,197.39299767853527,197.35352105292955,5,stop_loss,alpaca_personal_api,-1.2850116073236961,0.19752149883927927,0.19752151168930254,0.0,0.03,0.01,0.0,0.04,0.04,0.0,-1.720054617852278,-0.0016767171642888545
falling,2026-05-05 10:39:00-04:00,2026-05-05 10:40:00-04:00,2026-05-05 10:44:00-04:00,-0.004341241797072071,197.22,197.2594459722,196.96355680324172,196.92416606151664,5,stop_loss,alpaca_personal_api,-1.282215983791417,0.1970917784015569,0.197091791223869,0.0,0.03,0.01,0.0,0.04,0.04,0.0,-1.716399553416843,-0.0011314876858872225
falling,2026-05-05 12:31:00-04:00,2026-05-05 12:32:00-04:00,2026-05-05 12:36:00-04:00,-0.0023734976265024077,197.55,197.58951197550002,197.74,197.70045397740003,5,max_holding,alpaca_personal_api,0.9499999999999886,0.19764499999993745,0.19764499049998108,0.0,0.03,0.01,0.0,0.04,0.04,0.0,0.5147100095000701,-0.0010723309242611778
falling,2026-05-06 09:50:00-04:00,2026-05-06 09:51:00-04:00,2026-05-06 09:51:00-04:00,-0.0026301424246936156,200.98,201.02019800979997,201.42223840581957,201.38195597236077,4,take_profit,alpaca_personal_api,1.7689536232783212,0.1609608953623365,0.16096087767277822,0.0,0.02,0.01,0.0,0.03,0.03,0.0,1.4170318502432064,-0.0017269653300826526
falling,2026-05-06 10:02:00-04:00,2026-05-06 10:03:00-04:00,2026-05-06 10:03:00-04:00,-0.0020138513679454073,203.18,203.2206380318,202.9158070747523,202.87522594249543,4,stop_loss,alpaca_personal_api,-1.0567717009907938,0.16243832282987114,0.16243833339763114,0.0,0.02,0.01,0.0,0.03,0.03,0.0,-1.411648357218296,-0.0014801271167994567
falling,2026-05-06 10:04:00-04:00,2026-05-06 10:05:00-04:00,2026-05-06 10:05:00-04:00,-0.006659810978894343,202.78,202.8205580278,203.22619914385558,203.1855559362888,4,take_profit,alpaca_personal_api,1.7847965754223196,0.16240247965754406,0.16240246180950635,0.0,0.02,0.01,0.0,0.03,0.03,0.0,1.4299916339552692,-0.001800049356192046
falling,2026-05-06 10:06:00-04:00,2026-05-06 10:07:00-04:00,2026-05-06 10:07:00-04:00,-0.0055362304639656745,203.02,203.0606060302,203.46672724226042,203.42603593147925,4,take_profit,alpaca_personal_api,1.786908969041633,0.16259469089686718,0.1625946730277974,0.0,0.02,0.01,0.0,0.03,0.03,0.0,1.4317196051169685,-0.002395887785328399
falling,2026-05-06 10:17:00-04:00,2026-05-06 10:18:00-04:00,2026-05-06 10:18:00-04:00,-0.00443880786303108,204.11,204.1508240411,203.84459780503838,203.80383092392336,4,stop_loss,alpaca_personal_api,-1.0616087798465514,0.16318183912198947,0.16318184973806638,0.0,0.02,0.01,0.0,0.03,0.03,0.0,-1.4179724687066073,-0.001494790003773172
falling,2026-05-06 10:19:00-04:00,2026-05-06 10:20:00-04:00,2026-05-06 10:20:00-04:00,-0.010185681563429028,203.12,203.1606260312,202.85588509215322,202.81531594369363,4,stop_loss,alpaca_personal_api,-1.0564596313871562,0.1623903540368019,0.16239036460149237,0.0,0.02,0.01,0.0,0.03,0.03,0.0,-1.4112403500254505,-0.002249702458707148
falling,2026-05-06 10:21:00-04:00,2026-05-06 10:22:00-04:00,2026-05-06 10:22:00-04:00,-0.007468879668049766,203.32,203.36066603319998,203.05562503415018,203.01501593969962,4,stop_loss,alpaca_personal_api,-1.0574998633992436,0.16255025001362355,0.16255026058854583,0.0,0.02,0.01,0.0,0.03,0.03,0.0,-1.412600374001413,-0.0012194236771431166
falling,2026-05-06 12:47:00-04:00,2026-05-06 12:48:00-04:00,2026-05-06 12:52:00-04:00,-0.002587637925983821,204.3,204.34086204300002,204.03435074993553,203.99354592012904,4,stop_loss,alpaca_personal_api,-1.062597000257938,0.16333374030000414,0.1633337509259718,0.0,0.02,0.01,0.0,0.03,0.03,0.0,-1.4192644914839139,-0.00133038335285518
falling,2026-05-07 09:44:00-04:00,2026-05-07 09:45:00-04:00,2026-05-07 09:45:00-04:00,-0.0034154319799885036,207.22,207.26144607220002,206.95055390309173,206.90916586181663,4,stop_loss,alpaca_personal_api,-1.0777843876330735,0.16566822156130456,0.16566823233915784,0.0,0.02,0.01,0.0,0.03,0.03,0.0,-1.439120841533536,-0.0011631747490559174
falling,2026-05-07 10:50:00-04:00,2026-05-07 10:51:00-04:00,2026-05-07 10:52:00-04:00,-0.004549718574108796,212.21,212.2524441221,212.6769490103442,212.6344157473116,4,take_profit,alpaca_personal_api,1.8677960413767778,0.16995477960415428,0.16995476092620265,0.0,0.02,0.01,0.0,0.03,0.03,0.0,1.4978865008464208,-0.0010718726329479455
falling,2026-05-07 11:01:00-04:00,2026-05-07 11:02:00-04:00,2026-05-07 11:04:00-04:00,-0.0024883797361378024,212.5,212.542502125,212.2236883718125,212.181245756375,4,stop_loss,alpaca_personal_api,-1.10524651275,0.16988947534878207,0.16988948640118906,0.0,0.02,0.01,0.0,0.03,0.03,0.0,-1.4750254744999711,-0.0011140469899306726
falling,2026-05-07 11:05:00-04:00,2026-05-07 11:06:00-04:00,2026-05-07 11:09:00-04:00,-0.0035793340554797215,211.57,211.61231611569997,212.03554074793138,211.99313576013722,4,take_profit,alpaca_personal_api,1.8621629917255405,0.16944221629910317,0.16944219767742652,0.0,0.02,0.01,0.0,0.03,0.03,0.0,1.4932785777490107,-0.0016148624508752762
falling,2026-05-07 11:49:00-04:00,2026-05-07 11:50:00-04:00,2026-05-07 11:54:00-04:00,-0.002533546026086131,212.65,212.6925321265,213.08,213.0373861308,4,max_holding,alpaca_personal_api,1.7200000000000273,0.17029200000001765,0.1702919827999949,0.0,0.02,0.01,0.0,0.03,0.03,0.0,1.3494160172000147,-0.0010587612493381249
falling,2026-05-07 11:59:00-04:00,2026-05-07 12:00:00-04:00,2026-05-07 12:00:00-04:00,-0.002956636005256308,212.45,212.4924921245,212.17375338631325,212.13132075737352,4,stop_loss,alpaca_personal_api,-1.1049864547469497,0.16984950135451982,0.1698495124044257,0.0,0.02,0.01,0.0,0.03,0.03,0.0,-1.4746854685058952,-0.0017912158773375486
falling,2026-05-07 12:07:00-04:00,2026-05-07 12:08:00-04:00,2026-05-07 12:09:00-04:00,-0.005319148936170137,211.3,211.342262113,211.76494663722602,211.72259576554805,4,take_profit,alpaca_personal_api,1.859786548904026,0.16922597865482203,0.16922596005701962,0.0,0.02,0.01,0.0,0.03,0.03,0.0,1.4913346101921843,-0.001766403860238741
falling,2026-05-07 12:14:00-04:00,2026-05-07 12:15:00-04:00,2026-05-07 12:15:00-04:00,-0.002689948088721028,211.31,211.3522641131,211.03523571693037,210.99303078013935,4,stop_loss,alpaca_personal_api,-1.0990571322785172,0.16893809428677287,0.16893810527733422,0.0,0.02,0.01,0.0,0.03,0.03,0.0,-1.4669333318426243,-0.0016243333764571766
falling,2026-05-07 12:16:00-04:00,2026-05-07 12:17:00-04:00,2026-05-07 12:17:00-04:00,-0.00250567322239037,211.01,211.05220411009998,211.47430851832019,211.4320157713596,4,take_profit,alpaca_personal_api,1.8572340732807788,0.16899372340731134,0.16899370483497478,0.0,0.02,0.01,0.0,0.03,0.03,0.0,1.4892466450384927,-0.0017268423249052756
falling,2026-05-07 12:38:00-04:00,2026-05-07 12:39:00-04:00,2026-05-07 12:41:00-04:00,-0.00589528844804188,212.52,212.5625061252,212.9876311374504,212.94503574109922,4,take_profit,alpaca_personal_api,1.8705245498015302,0.17020305245500822,0.17020303374965806,0.0,0.02,0.01,0.0,0.03,0.03,0.0,1.5001184635968638,-0.0011922546541024426
falling,2026-05-07 12:57:00-04:00,2026-05-07 12:58:00-04:00,2026-05-07 13:01:00-04:00,-0.002683868537527001,211.81,211.85236411809998,212.2760688463362,212.23361575532763,4,take_profit,alpaca_personal_api,1.8642753853447402,0.16963442753842628,0.16963440889571757,0.0,0.02,0.01,0.0,0.03,0.03,0.0,1.4950065489105964,-0.0010654533936130806
falling,2026-05-07 13:18:00-04:00,2026-05-07 13:19:00-04:00,2026-05-07 13:22:00-04:00,-0.004154863078375981,210.89,210.93218010889998,211.35404446911778,211.3117757737644,4,take_profit,alpaca_personal_api,1.856177876471179,0.16889761778759294,0.16889759922594294,0.0,0.02,0.01,0.0,0.03,0.03,0.0,1.488382659457643,-0.0014989478539103596
falling,2026-05-07 13:27:00-04:00,2026-05-07 13:28:00-04:00,2026-05-07 13:28:00-04:00,-0.0030251465305350944,210.91,210.9521841091,211.3740884773182,211.33181577336364,4,take_profit,alpaca_personal_api,1.8563539092727979,0.1689136353908225,0.1689136168273535,0.0,0.02,0.01,0.0,0.03,0.03,0.0,1.4885266570546218,-0.0028114186851211365
falling,2026-05-07 13:45:00-04:00,2026-05-07 13:46:00-04:00,2026-05-07 13:49:00-04:00,-0.0028696429411487756,211.96,212.0023941196,211.68439052842064,211.64205576715887,4,stop_loss,alpaca_personal_api,-1.1024378863174888,0.16945775621138637,0.1694577672357127,0.0,0.02,0.01,0.0,0.03,0.03,0.0,-1.471353409764588,-0.001181743504013566
falling,2026-05-07 14:44:00-04:00,2026-05-07 14:45:00-04:00,2026-05-07 14:45:00-04:00,-0.0037118827233003637,212.04,212.0824101204,211.76428650521942,211.72193576556126,4,stop_loss,alpaca_personal_api,-1.102853979122301,0.16952171460206955,0.1695217256306023,0.0,0.02,0.01,0.0,0.03,0.03,0.0,-1.471897419354973,-0.00200354584372342
falling,2026-05-07 14:47:00-04:00,2026-05-07 14:48:00-04:00,2026-05-07 14:48:00-04:00,-0.0027728169940783864,212.17,212.2124361217,211.89411746751745,211.85174076296514,4,stop_loss,alpaca_personal_api,-1.1035301299301636,0.169625646987015,0.16962565802225527,0.0,0.02,0.01,0.0,0.03,0.03,0.0,-1.472781434939434,-0.0019027849852967238
falling,2026-05-07 15:18:00-04:00,2026-05-07 15:19:00-04:00,2026-05-07 15:23:00-04:00,-0.002541415662650537,211.92,211.96238611919998,211.64444254002117,211.6021157679576,4,stop_loss,alpaca_personal_api,-1.1022298399152533,0.1694257770159311,0.16942578803832475,0.0,0.02,0.01,0.0,0.03,0.03,0.0,-1.4710814049695091,-0.0014419402748337973
falling,2026-05-08 10:29:00-04:00,2026-05-08 10:30:00-04:00,2026-05-08 10:30:00-04:00,-0.0025511387355628967,215.06,215.1030141506,214.7803596293741,214.73740570525183,4,stop_loss,alpaca_personal_api,-1.118561482503651,0.1719361438516671,0.17193615503731507,0.0,0.02,0.01,0.0,0.03,0.03,0.0,-1.4924337813926332,-0.001289682539682535
falling,2026-05-08 10:31:00-04:00,2026-05-08 10:32:00-04:00,2026-05-08 10:32:00-04:00,-0.002499884264617336,215.47,215.5130961547,215.18982651046798,215.14679069706418,4,stop_loss,alpaca_personal_api,-1.1206939581280722,0.17226393060411738,0.17226394181113847,0.0,0.02,0.01,0.0,0.03,0.03,0.0,-1.495221830543328,-0.0016860061489635259
falling,2026-05-11 09:53:00-04:00,2026-05-11 09:54:00-04:00,2026-05-11 09:54:00-04:00,-0.01069761116903134,218.27,218.31365618270002,217.98618569842597,217.94259064114814,4,stop_loss,alpaca_personal_api,-1.13525720629616,0.17450247427939303,0.17450248563193327,0.0,0.02,0.01,0.0,0.03,0.03,0.0,-1.5142621662074862,-0.002611735961919215
falling,2026-05-11 09:55:00-04:00,2026-05-11 09:56:00-04:00,2026-05-11 09:56:00-04:00,-0.011818181818181839,217.4,217.443482174,217.117316950739,217.07389565852202,4,stop_loss,alpaca_personal_api,-1.1307321970440398,0.17380692678023024,0.1738069380876368,0.0,0.02,0.01,0.0,0.03,0.03,0.0,-1.508346061911907,-0.0010270407158333716
falling,2026-05-11 09:57:00-04:00,2026-05-11 09:58:00-04:00,2026-05-11 09:59:00-04:00,-0.010442792649003607,217.02,217.0634061702,216.73781106094472,216.69446566611063,4,stop_loss,alpaca_personal_api,-1.1287557562211532,0.17350312442442828,0.17350313571193965,0.0,0.02,0.01,0.0,0.03,0.03,0.0,-1.5057620163575212,-0.001097324217101514
falling,2026-05-11 10:26:00-04:00,2026-05-11 10:27:00-04:00,2026-05-11 10:28:00-04:00,-0.002189880925224652,218.71,218.7537441871,218.42561357081937,218.38193063236133,4,stop_loss,alpaca_personal_api,-1.1375457167225704,0.1748542454283779,0.1748542568037692,0.0,0.02,0.01,0.0,0.03,0.03,0.0,-1.5172542189547176,-0.0018117723065687041
falling,2026-05-11 10:29:00-04:00,2026-05-11 10:30:00-04:00,2026-05-11 10:31:00-04:00,-0.0055268807381355645,217.73,217.77354817729997,217.44688785503402,217.4034006519319,4,stop_loss,alpaca_personal_api,-1.1324485798638761,0.17407075514199732,0.17407076646645692,0.0,0.02,0.01,0.0,0.03,0.03,0.0,-1.5105901014723304,-0.0034714414211828304
falling,2026-05-11 10:32:00-04:00,2026-05-11 10:33:00-04:00,2026-05-11 10:35:00-04:00,-0.0038899821518465494,217.66,217.7035341766,218.1389412449532,218.0953156380936,4,take_profit,alpaca_personal_api,1.9157649798128205,0.1743195764979646,0.1743195573403682,0.0,0.02,0.01,0.0,0.03,0.03,0.0,1.5371258459744876,-0.0014225552472569847
falling,2026-05-11 11:14:00-04:00,2026-05-11 11:15:00-04:00,2026-05-11 11:16:00-04:00,-0.006621919906302121,220.55,220.5941122055,221.03530042991102,220.99109558017804,4,take_profit,alpaca_personal_api,1.9412017196440274,0.1766341201719115,0.17663410075999764,0.0,0.02,0.01,0.0,0.03,0.03,0.0,1.5579334987121183,-0.0013482767337996693
falling,2026-05-11 12:41:00-04:00,2026-05-11 12:42:00-04:00,2026-05-11 12:42:00-04:00,-0.0025742931984463757,220.84,220.8841702084,220.55284395308743,220.50873558982528,4,stop_loss,alpaca_personal_api,-1.1486241876502845,0.17655713758119873,0.1765571490674347,0.0,0.02,0.01,0.0,0.03,0.03,0.0,-1.531738474298918,-0.0013179664058776686
falling,2026-05-11 12:43:00-04:00,2026-05-11 12:44:00-04:00,2026-05-11 12:48:00-04:00,-0.003524149460082282,220.58,220.6241182058,220.55,220.50589220550003,4,max_holding,alpaca_personal_api,-0.12000000000000455,0.17645199999992656,0.17645200119989113,0.0,0.02,0.01,0.0,0.03,0.03,0.0,-0.5029040011998223,-0.001584741602973172
falling,2026-05-11 14:58:00-04:00,2026-05-11 14:59:00-04:00,2026-05-11 14:59:00-04:00,-0.002764308696243223,220.07,220.11401620069998,219.78384517639893,219.7398906052021,4,stop_loss,alpaca_personal_api,-1.144619294404265,0.17594153807056045,0.17594154951666496,0.0,0.02,0.01,0.0,0.03,0.03,0.0,-1.5265023819914905,-0.0011783354608835284
falling,2026-05-11 15:00:00-04:00,2026-05-11 15:01:00-04:00,2026-05-11 15:05:00-04:00,-0.004395504803335171,219.73,219.7739481973,220.08,220.0359862008,4,max_holding,alpaca_personal_api,1.400000000000091,0.17592400000000907,0.17592398600004344,0.0,0.02,0.01,0.0,0.03,0.03,0.0,1.0181520140000384,-0.0017677511679784486
falling,2026-05-11 15:16:00-04:00,2026-05-11 15:17:00-04:00,2026-05-11 15:21:00-04:00,-0.003272281052583703,219.31,219.3538641931,219.35,219.30613219350002,4,max_holding,alpaca_personal_api,0.15999999999996817,0.1754639999999199,0.17546399840000504,0.0,0.02,0.01,0.0,0.03,0.03,0.0,-0.22092799839995678,-0.0010806410868161587
falling,2026-05-12 09:48:00-04:00,2026-05-12 09:49:00-04:00,2026-05-12 09:50:00-04:00,-0.0038584054914979626,222.05,222.0944122205,221.76127060216928,221.71692056566155,4,stop_loss,alpaca_personal_api,-1.154917591322942,0.1775245082408219,0.17752451979004036,0.0,0.02,0.01,0.0,0.03,0.03,0.0,-1.5399666193538042,-0.002355729218095348
falling,2026-05-12 09:51:00-04:00,2026-05-12 09:52:00-04:00,2026-05-12 09:52:00-04:00,-0.005204360895509019,221.75,221.7943522175,222.237940921935,222.19349555613005,4,take_profit,alpaca_personal_api,1.9517636877400264,0.17759517636875444,0.17759515685111182,0.0,0.02,0.01,0.0,0.03,0.03,0.0,1.56657335452016,-0.002610597615183785
falling,2026-05-12 09:57:00-04:00,2026-05-12 09:58:00-04:00,2026-05-12 09:58:00-04:00,-0.009462307726803898,220.9,220.944182209,220.6127659356865,220.56864558862702,4,stop_loss,alpaca_personal_api,-1.1489362572540358,0.17660510637426796,0.17660511786357347,0.0,0.02,0.01,0.0,0.03,0.03,0.0,-1.5321464814918773,-0.002402623099100998
falling,2026-05-12 09:59:00-04:00,2026-05-12 10:00:00-04:00,2026-05-12 10:00:00-04:00,-0.013360233131584964,220.1,220.14402220099998,219.8138061676985,219.769845604603,4,stop_loss,alpaca_personal_api,-1.144775329206027,0.17596552246709507,0.1759655339147912,0.0,0.02,0.01,0.0,0.03,0.03,0.0,-1.5267063855879133,-0.00332075684994404
falling,2026-05-12 10:25:00-04:00,2026-05-12 10:26:00-04:00,2026-05-12 10:26:00-04:00,-0.004040495755209594,219.38,219.4238781938,219.09474237650932,219.05092561898144,4,stop_loss,alpaca_personal_api,-1.1410304939627167,0.17538989695060536,0.17538990836089852,0.0,0.02,0.01,0.0,0.03,0.03,0.0,-1.5218102992742206,-0.001951053993298535
falling,2026-05-12 10:27:00-04:00,2026-05-12 10:28:00-04:00,2026-05-12 10:28:00-04:00,-0.004772076535017988,218.99,219.0338001899,218.70524948961517,218.66151062676974,4,stop_loss,alpaca_personal_api,-1.1390020415393565,0.17507809979576905,0.17507811118593963,0.0,0.02,0.01,0.0,0.03,0.03,0.0,-1.5191582525210652,-0.0019806182358350632
falling,2026-05-12 10:29:00-04:00,2026-05-12 10:30:00-04:00,2026-05-12 10:30:00-04:00,-0.0050957732380909615,218.64,218.68373018639997,218.35570459112037,218.3120356337592,4,stop_loss,alpaca_personal_api,-1.1371816355184592,0.17479828183638801,0.17479829320825502,0.0,0.02,0.01,0.0,0.03,0.03,0.0,-1.5167782105631022,-0.0031422950077142353
falling,2026-05-12 10:31:00-04:00,2026-05-12 10:32:00-04:00,2026-05-12 10:32:00-04:00,-0.005657192390163823,217.97,218.0135961797,218.4496233720594,218.40593563188122,4,take_profit,alpaca_personal_api,1.9184934882375728,0.17456784934881853,0.1745678301638236,0.0,0.02,0.01,0.0,0.03,0.03,0.0,1.5393578087249307,-0.0037267432798174793
falling,2026-05-12 10:33:00-04:00,2026-05-12 10:34:00-04:00,2026-05-12 10:35:00-04:00,-0.0035689773507207034,217.75,217.79355217749998,218.22913928185497,218.18549563629,4,take_profit,alpaca_personal_api,1.9165571274198783,0.17439165571272497,0.1743916365470568,0.0,0.02,0.01,0.0,0.03,0.03,0.0,1.5377738351600965,-0.0026825633383009695
falling,2026-05-12 10:47:00-04:00,2026-05-12 10:48:00-04:00,2026-05-12 10:48:00-04:00,-0.00324719871941459,217.94,217.98359017939998,217.6566147941309,217.61308564773822,4,stop_loss,alpaca_personal_api,-1.1335408234764373,0.17423864591762595,0.17423865725299947,0.0,0.02,0.01,0.0,0.03,0.03,0.0,-1.5120181266470627,-0.0018442332245708348
falling,2026-05-12 10:49:00-04:00,2026-05-12 10:50:00-04:00,2026-05-12 10:52:00-04:00,-0.0028897756983624623,217.38,217.4234781738,217.8583251301476,217.8147556437048,4,take_profit,alpaca_personal_api,1.9133005205903828,0.17409533005206868,0.17409531091902863,0.0,0.02,0.01,0.0,0.03,0.03,0.0,1.5351098796192855,-0.0014484315758083177
falling,2026-05-12 10:58:00-04:00,2026-05-12 10:59:00-04:00,2026-05-12 10:59:00-04:00,-0.005123278898495065,217.49,217.5335001749,217.20719992463768,217.16376065672475,4,stop_loss,alpaca_personal_api,-1.1312003014493257,0.1738788799698341,0.17387889128190182,0.0,0.02,0.01,0.0,0.03,0.03,0.0,-1.5089580727010616,-0.001917913310318431
falling,2026-05-12 11:00:00-04:00,2026-05-12 11:01:00-04:00,2026-05-12 11:04:00-04:00,-0.006590389016018272,217.07,217.1134161707,217.5476430030414,217.50413564991723,4,take_profit,alpaca_personal_api,1.9105720121656304,0.17384705720121474,0.17384703809545954,0.0,0.02,0.01,0.0,0.03,0.03,0.0,1.5328779168689561,-0.001549395877754156
falling,2026-05-12 11:15:00-04:00,2026-05-12 11:16:00-04:00,2026-05-12 11:17:00-04:00,-0.004735632183908045,216.48,216.5232981648,216.1985132175528,216.15527567689443,4,stop_loss,alpaca_personal_api,-1.1259471297887558,0.17307140528703258,0.1730714165464633,0.0,0.02,0.01,0.0,0.03,0.03,0.0,-1.5020899516222517,-0.002505195433711971
falling,2026-05-12 11:18:00-04:00,2026-05-12 11:19:00-04:00,2026-05-12 11:19:00-04:00,-0.005378568473313972,216.37,216.4132761637,216.84610271602742,216.80273566394524,4,take_profit,alpaca_personal_api,1.90441086410965,0.17328644108636126,0.17328642204233802,0.0,0.02,0.01,0.0,0.03,0.03,0.0,1.5278380009809507,-0.0027061672126477143
falling,2026-05-12 11:24:00-04:00,2026-05-12 11:25:00-04:00,2026-05-12 11:25:00-04:00,-0.007562133997325637,215.26,215.30305415259997,215.73366026090517,215.6905156861896,4,take_profit,alpaca_personal_api,1.8946410436207088,0.1723974641042787,0.17239744515791244,0.0,0.02,0.01,0.0,0.03,0.03,0.0,1.5198461343585177,-0.0018839380013129237
falling,2026-05-12 11:26:00-04:00,2026-05-12 11:27:00-04:00,2026-05-12 11:28:00-04:00,-0.006373250819747822,215.15,215.1930321515,214.87024260327277,214.82727070345456,4,stop_loss,alpaca_personal_api,-1.1190295869089368,0.17200809704127096,0.17200810823158008,0.0,0.02,0.01,0.0,0.03,0.03,0.0,-1.493045792181788,-0.0012139908879270633
falling,2026-05-12 11:57:00-04:00,2026-05-12 11:58:00-04:00,2026-05-12 12:00:00-04:00,-0.002256504720239527,216.61,216.6533241661,216.32834417985086,216.28508067429834,4,stop_loss,alpaca_personal_api,-1.1266232805966183,0.17317533767186433,0.17317534893811626,0.0,0.02,0.01,0.0,0.03,0.03,0.0,-1.502973967206599,-0.0014010207436847555
falling,2026-05-12 12:18:00-04:00,2026-05-12 12:19:00-04:00,2026-05-12 12:21:00-04:00,-0.002754062241806743,217.26,217.3034541726,216.97749899134112,216.93410566131786,4,stop_loss,alpaca_personal_api,-1.1300040346354763,0.17369499959647783,0.17369501089660844,0.0,0.02,0.01,0.0,0.03,0.03,0.0,-1.5073940451285626,-0.001071505107507642
falling,2026-05-12 12:33:00-04:00,2026-05-12 12:34:00-04:00,2026-05-12 12:38:00-04:00,-0.002069060646466614,217.02,217.0634061702,217.14,217.0965741714,4,max_holding,alpaca_personal_api,0.4799999999999045,0.17366400000003068,0.17366399519994502,0.0,0.02,0.01,0.0,0.03,0.03,0.0,0.1026720047999288,-0.002032171274829686
falling,2026-05-12 12:41:00-04:00,2026-05-12 12:42:00-04:00,2026-05-12 12:42:00-04:00,-0.0022086228316385847,216.86,216.9033741686,216.57801910734713,216.53470566930588,4,stop_loss,alpaca_personal_api,-1.1279235706115287,0.17337520764283454,0.17337521892216046,0.0,0.02,0.01,0.0,0.03,0.03,0.0,-1.5046739971765237,-0.0016616530583010158
falling,2026-05-12 13:28:00-04:00,2026-05-12 13:29:00-04:00,2026-05-12 13:30:00-04:00,-0.002067064768029314,217.26,217.3034541726,217.7380610809452,217.6945156461096,4,take_profit,alpaca_personal_api,1.912244323780783,0.17399922443235027,0.1739992053099968,0.0,0.02,0.01,0.0,0.03,0.03,0.0,1.5342458940384358,-0.001456622634773308
falling,2026-05-12 14:46:00-04:00,2026-05-12 14:47:00-04:00,2026-05-12 14:51:00-04:00,-0.0023694522919894823,218.91,218.9537841891,219.23,219.18615619230002,4,max_holding,alpaca_personal_api,1.2799999999999727,0.1752559999999903,0.17525598719987556,0.0,0.02,0.01,0.0,0.03,0.03,0.0,0.8994880128001068,-0.0014244405509735714
falling,2026-05-12 15:22:00-04:00,2026-05-12 15:23:00-04:00,2026-05-12 15:27:00-04:00,-0.0023121911411343454,220.1,220.14402220099998,220.58431024540198,220.540195589196,4,take_profit,alpaca_personal_api,1.9372409816079426,0.1762737240981096,0.17627370472575876,0.0,0.02,0.01,0.0,0.03,0.03,0.0,1.5546935527840742,-0.0012225981632595362
falling,2026-05-13 09:38:00-04:00,2026-05-13 09:39:00-04:00,2026-05-13 09:39:00-04:00,-0.0023923444976076125,225.16,225.20503425159998,225.6554443201032,225.6103154877936,4,take_profit,alpaca_personal_api,1.9817772804127571,0.18032617772803405,0.1803261579102582,0.0,0.02,0.01,0.0,0.03,0.03,0.0,1.5911249447744649,-0.0025682998419507275
falling,2026-05-13 09:45:00-04:00,2026-05-13 09:46:00-04:00,2026-05-13 09:46:00-04:00,-0.006533042975867764,223.56,223.6047142356,223.2693071642466,223.22465553550686,4,stop_loss,alpaca_personal_api,-1.16277134301356,0.1787317228656775,0.1787317344933399,0.0,0.02,0.01,0.0,0.03,0.03,0.0,-1.5502348003725774,-0.0020346167432003792
falling,2026-05-13 09:47:00-04:00,2026-05-13 09:48:00-04:00,2026-05-13 09:48:00-04:00,-0.011953961693996318,222.35,222.39447222349997,222.06088051516474,222.01647055967052,4,stop_loss,alpaca_personal_api,-1.1564779393410163,0.17776435220605435,0.17776436377073424,0.0,0.02,0.01,0.0,0.03,0.03,0.0,-1.542006655317805,-0.004364468424695289
falling,2026-05-13 09:49:00-04:00,2026-05-13 09:50:00-04:00,2026-05-13 09:50:00-04:00,-0.009094556640363738,222.3,222.34446222300002,222.01094552966552,221.96654556066903,4,stop_loss,alpaca_personal_api,-1.156217881337966,0.1777243782119058,0.17772438977408456,0.0,0.02,0.01,0.0,0.03,0.03,0.0,-1.5416666493239564,-0.0026999519380283
falling,2026-05-13 11:25:00-04:00,2026-05-13 11:26:00-04:00,2026-05-13 11:29:00-04:00,-0.004105778994304754,225.59,225.6351202559,226.0863904964118,226.04117547917642,4,take_profit,alpaca_personal_api,1.985561985647223,0.1806705561986064,0.1806705363429728,0.0,0.02,0.01,0.0,0.03,0.03,0.0,1.5942208931056439,-0.0014357097614189351
falling,2026-05-13 14:59:00-04:00,2026-05-13 15:00:00-04:00,2026-05-13 15:04:00-04:00,-0.0027334450224848483,226.19,226.23524026189997,226.1,226.054782261,4,max_holding,alpaca_personal_api,-0.36000000000001364,0.18091599999991104,0.18091600359991844,0.0,0.02,0.01,0.0,0.03,0.03,0.0,-0.7518320035998431,-0.0011757460388556185
falling,2026-05-13 15:24:00-04:00,2026-05-13 15:25:00-04:00,2026-05-13 15:29:00-04:00,-0.002866340344842788,226.1,226.145222261,226.52,226.47469826520003,4,max_holding,alpaca_personal_api,1.6800000000000637,0.18104799999991883,0.18104798319996007,0.0,0.02,0.01,0.0,0.03,0.03,0.0,1.2879040168001847,-0.0010207363284252535
falling,2026-05-13 15:50:00-04:00,2026-05-13 15:51:00-04:00,2026-05-13 15:53:00-04:00,-0.003185840707964571,225.27,225.3150562527,224.97708366832097,224.93209050135815,4,stop_loss,alpaca_personal_api,-1.1716653267161519,0.18009883346735478,0.18009884518392028,0.0,0.02,0.01,0.0,0.03,0.03,0.0,-1.561863005367427,-0.0013844992028639869
falling,2026-05-13 15:54:00-04:00,2026-05-13 15:55:00-04:00,2026-05-13 15:55:00-04:00,-0.003099127816885927,225.18,225.2250382518,225.36,225.3149302536,4,max_holding,alpaca_personal_api,0.7200000000000273,0.18021599999997306,0.18021599279995826,0.0,0.02,0.01,0.0,0.03,0.03,0.0,0.32956800720009594,-0.0024054261939723265
falling,2026-05-14 09:59:00-04:00,2026-05-14 10:00:00-04:00,2026-05-14 10:00:00-04:00,-0.002596615744146824,230.41,230.4560843041,230.91699647270818,230.8708153825836,4,take_profit,alpaca_personal_api,2.027985890832724,0.18453079858909405,0.1845307783091812,0.0,0.02,0.01,0.0,0.03,0.03,0.0,1.628924313934449,-0.0022173567434141672
falling,2026-05-14 10:09:00-04:00,2026-05-14 10:10:00-04:00,2026-05-14 10:11:00-04:00,-0.004446363047701296,230.62,230.6661263062,231.1274585588124,231.08123537837523,4,take_profit,alpaca_personal_api,2.0298342352496093,0.18469898342357283,0.184698963125129,0.0,0.02,0.01,0.0,0.03,0.03,0.0,1.6304362887009074,-0.0016183035714285587
falling,2026-05-14 10:27:00-04:00,2026-05-14 10:28:00-04:00,2026-05-14 10:29:00-04:00,-0.003126606133287635,232.75,232.7965523275,232.44735749900875,232.40087035198252,4,stop_loss,alpaca_personal_api,-1.2105700039650173,0.18607894299952932,0.18607895510535855,0.0,0.02,0.01,0.0,0.03,0.03,0.0,-1.6127279020699052,-0.0018516198192929378
falling,2026-05-14 10:56:00-04:00,2026-05-14 10:57:00-04:00,2026-05-14 10:59:00-04:00,-0.003781119891239637,234.49,234.5369003449,234.18509499438267,234.13826031723474,4,stop_loss,alpaca_personal_api,-1.2196200224693712,0.1874700379977412,0.18747005019395147,0.0,0.02,0.01,0.0,0.03,0.03,0.0,-1.6245601106610639,-0.001111327202511725
falling,2026-05-14 12:26:00-04:00,2026-05-14 12:27:00-04:00,2026-05-14 12:29:00-04:00,-0.003016399014359794,234.68,234.7269383468,234.37484793927982,234.32797531344045,4,stop_loss,alpaca_personal_api,-1.2206082428807576,0.18762193917575587,0.1876219513817432,0.0,0.02,0.01,0.0,0.03,0.03,0.0,-1.6258521334382567,-0.0016361846392768387
falling,2026-05-14 13:07:00-04:00,2026-05-14 13:08:00-04:00,2026-05-14 13:09:00-04:00,-0.003396306516663228,234.75,234.7969523475,234.44475691897875,234.39787031204253,4,stop_loss,alpaca_personal_api,-1.2209723240849826,0.1876779027675184,0.18767791497737107,0.0,0.02,0.01,0.0,0.03,0.03,0.0,-1.626328141829872,-0.001013452541266835
falling,2026-05-14 13:10:00-04:00,2026-05-14 13:11:00-04:00,2026-05-14 13:11:00-04:00,-0.0023393305261367736,234.56,234.60691434560002,234.25500397408163,234.20815531583688,4,stop_loss,alpaca_personal_api,-1.2199841036734824,0.1875260015896174,0.18752601378946565,0.0,0.02,0.01,0.0,0.03,0.03,0.0,-1.6250361190525655,-0.001069414738479435
falling,2026-05-14 13:15:00-04:00,2026-05-14 13:16:00-04:00,2026-05-14 13:16:00-04:00,-0.005158594815825368,233.39,233.43668033389997,233.08652531339914,233.0399103392017,4,stop_loss,alpaca_personal_api,-1.2138987464034017,0.18659061012533584,0.18659062226436163,0.0,0.02,0.01,0.0,0.03,0.03,0.0,-1.6170799787930992,-0.001724018074383049
falling,2026-05-14 13:17:00-04:00,2026-05-14 13:18:00-04:00,2026-05-14 13:19:00-04:00,-0.0031679438332120613,232.85,232.89657232849999,232.54722747000724,232.50072034998553,4,stop_loss,alpaca_personal_api,-1.2110901199710042,0.18615889098794014,0.18615890309888528,0.0,0.02,0.01,0.0,0.03,0.03,0.0,-1.6134079140578297,-0.00180819250295583
falling,2026-05-14 14:01:00-04:00,2026-05-14 14:02:00-04:00,2026-05-14 14:03:00-04:00,-0.002260127931769773,234.01,234.0568043401,233.70571913358987,233.65898032682034,4,stop_loss,alpaca_personal_api,-1.2171234656404977,0.18708628765341473,0.18708629982472758,0.0,0.02,0.01,0.0,0.03,0.03,0.0,-1.62129605311864,-0.002637570103836917
falling,2026-05-14 14:04:00-04:00,2026-05-14 14:05:00-04:00,2026-05-14 14:07:00-04:00,-0.0027718550106610174,233.87,233.91677633869998,233.56590117419194,233.5191903296161,4,stop_loss,alpaca_personal_api,-1.2163953032322752,0.18697436046966232,0.18697437263358552,0.0,0.02,0.01,0.0,0.03,0.03,0.0,-1.620344036335523,-0.002555555555555644
falling,2026-05-15 09:35:00-04:00,2026-05-15 09:36:00-04:00,2026-05-15 09:36:00-04:00,-0.00682952456002095,226.84,226.8853702684,227.33914100893682,227.29367545412646,4,take_profit,alpaca_personal_api,1.9965640357472694,0.18167165640352323,0.18167163643795448,0.0,0.02,0.01,0.0,0.03,0.03,0.0,1.6032207429057916,-0.0015659387167766825
falling,2026-05-15 09:37:00-04:00,2026-05-15 09:38:00-04:00,2026-05-15 09:38:00-04:00,-0.011246280413093057,225.97,226.0151962597,225.67617346531046,225.63104048737912,4,stop_loss,alpaca_personal_api,-1.1753061387581738,0.18065846938611685,0.18065848113917582,0.0,0.02,0.01,0.0,0.03,0.03,0.0,-1.5666230892834665,-0.002737715559820608
falling,2026-05-15 09:39:00-04:00,2026-05-15 09:40:00-04:00,2026-05-15 09:40:00-04:00,-0.0066006600660065695,225.79,225.8351602579,225.49640751751315,225.45131049097373,4,stop_loss,alpaca_personal_api,-1.1743699299473747,0.18051456300702284,0.1805145747506458,0.0,0.02,0.01,0.0,0.03,0.03,0.0,-1.5653990677050433,-0.003019315151600588
falling,2026-05-15 09:46:00-04:00,2026-05-15 09:47:00-04:00,2026-05-15 09:47:00-04:00,-0.006633352496351663,224.6,224.644922246,224.307954862631,224.263095514738,4,stop_loss,alpaca_personal_api,-1.1681805494760056,0.17956318194501364,0.17956319362690465,0.0,0.02,0.01,0.0,0.03,0.03,0.0,-1.557306925047924,-0.003913203175769153
falling,2026-05-15 09:58:00-04:00,2026-05-15 09:59:00-04:00,2026-05-15 09:59:00-04:00,-0.004198709449306004,225.3,225.345062253,225.00704465962053,224.96204550075907,4,stop_loss,alpaca_personal_api,-1.1718213615179138,0.1801228178637757,0.1801228295820465,0.0,0.02,0.01,0.0,0.03,0.03,0.0,-1.562067008963736,-0.0018646964923928477
falling,2026-05-15 10:00:00-04:00,2026-05-15 10:01:00-04:00,2026-05-15 10:01:00-04:00,-0.00854889172872686,224.98,225.02499824979998,225.47504824629956,225.42995549140082,4,take_profit,alpaca_personal_api,1.9801929851983004,0.1801820192983996,0.1801819994965399,0.0,0.02,0.01,0.0,0.03,0.03,0.0,1.589828966403361,-0.00397625526994827
falling,2026-05-15 10:26:00-04:00,2026-05-15 10:27:00-04:00,2026-05-15 10:27:00-04:00,-0.0023683171790710444,227.44,227.48549027439998,227.1442620389884,227.09883545802322,4,stop_loss,alpaca_personal_api,-1.1829518440464426,0.1818337048155172,0.1818337166450874,0.0,0.02,0.01,0.0,0.03,0.03,0.0,-1.5766192655070472,-0.0015042879235201978
falling,2026-05-15 10:28:00-04:00,2026-05-15 10:29:00-04:00,2026-05-15 10:29:00-04:00,-0.004340201665935961,227.13,227.1754282713,226.83466512889308,226.78930046421397,4,stop_loss,alpaca_personal_api,-1.1813394844276672,0.18158586605159144,0.18158587786490443,0.0,0.02,0.01,0.0,0.03,0.03,0.0,-1.5745112283441631,-0.0016727579420859895
falling,2026-05-15 10:46:00-04:00,2026-05-15 10:47:00-04:00,2026-05-15 10:49:00-04:00,-0.0029464796165178386,226.74,226.7853502674,226.4451722419989,226.39988547200224,4,stop_loss,alpaca_personal_api,-1.1793110320044207,0.18127406889675513,0.18127408068983186,0.0,0.02,0.01,0.0,0.03,0.03,0.0,-1.5718591815910077,-0.0015614889007681265
falling,2026-05-15 10:50:00-04:00,2026-05-15 10:51:00-04:00,2026-05-15 10:52:00-04:00,-0.00431775124465783,226.02,226.0652062602,225.7261084508097,225.68096548638061,4,stop_loss,alpaca_personal_api,-1.175566196761224,0.1806984433803791,0.18069845513593918,0.0,0.02,0.01,0.0,0.03,0.03,0.0,-1.5669630952775424,-0.0015203344735842395
falling,2026-05-15 11:01:00-04:00,2026-05-15 11:02:00-04:00,2026-05-15 11:06:00-04:00,-0.0023845270687981035,225.92,225.96518625919998,225.73,225.6848562573,4,max_holding,alpaca_personal_api,-0.7599999999999909,0.18065999999998894,0.18066000759995404,0.0,0.02,0.01,0.0,0.03,0.03,0.0,-1.151320007599934,-0.0011261736841363668
falling,2026-05-15 11:43:00-04:00,2026-05-15 11:44:00-04:00,2026-05-15 11:44:00-04:00,-0.0028419027632039517,228.06,228.1056142806,227.76345585917912,227.71790544564183,4,stop_loss,alpaca_personal_api,-1.1861765632835386,0.18232938234370977,0.18232939420545335,0.0,0.02,0.01,0.0,0.03,0.03,0.0,-1.5808353398327017,-0.0018836097835255305
falling,2026-05-15 11:47:00-04:00,2026-05-15 11:48:00-04:00,2026-05-15 11:50:00-04:00,-0.003239788100345864,227.7,227.745542277,227.4039239635845,227.35844545283103,4,stop_loss,alpaca_personal_api,-1.1843041456619403,0.18204156958540807,0.18204158142850702,0.0,0.02,0.01,0.0,0.03,0.03,0.0,-1.5783872966758554,-0.002082541826726736
falling,2026-05-15 11:51:00-04:00,2026-05-15 11:52:00-04:00,2026-05-15 11:55:00-04:00,-0.0032863026903864334,227.49,227.53550027490002,227.1941970244877,227.14876045702476,4,stop_loss,alpaca_personal_api,-1.1832119020492655,0.18187367880977945,0.18187369064196446,0.0,0.02,0.01,0.0,0.03,0.03,0.0,-1.5769592715010095,-0.0012823584121302023
falling,2026-05-15 12:06:00-04:00,2026-05-15 12:07:00-04:00,2026-05-15 12:11:00-04:00,-0.0029374369766320685,227.42,227.46548627419998,227.1242880447887,227.07886545842263,4,stop_loss,alpaca_personal_api,-1.1828478208451543,0.18181771521790324,0.18181772704633659,0.0,0.02,0.01,0.0,0.03,0.03,0.0,-1.5764832631093941,-0.0011833819365200116
falling,2026-05-15 12:52:00-04:00,2026-05-15 12:53:00-04:00,2026-05-15 12:54:00-04:00,-0.0026720399491874103,227.68,227.7255382768,227.38394996938482,227.33847545323044,4,stop_loss,alpaca_personal_api,-1.1842001224607657,0.18202557998768043,0.1820255918297562,0.0,0.02,0.01,0.0,0.03,0.03,0.0,-1.5782512942782023,-0.0010829664842969544
falling,2026-05-15 14:17:00-04:00,2026-05-15 14:18:00-04:00,2026-05-15 14:18:00-04:00,-0.0023371564596408323,230.51,230.5561043051,230.21027014864237,230.16423039671534,4,stop_loss,alpaca_personal_api,-1.1989194054305017,0.1842881080594907,0.18428812004867723,0.0,0.02,0.01,0.0,0.03,0.03,0.0,-1.5974956335386696,-0.0011900095200761962
falling,2026-05-15 14:19:00-04:00,2026-05-15 14:20:00-04:00,2026-05-15 14:22:00-04:00,-0.004722908271588944,229.7,229.74594229699997,230.20543418159397,230.159395396812,4,take_profit,alpaca_personal_api,2.0217367263759343,0.1839621736726258,0.1839621534552407,0.0,0.02,0.01,0.0,0.03,0.03,0.0,1.6238123992480678,-0.002409334771463434
falling,2026-05-15 14:27:00-04:00,2026-05-15 14:28:00-04:00,2026-05-15 14:30:00-04:00,-0.002692842251563632,229.61,229.6559242961,229.3114404096559,229.26558041468837,4,stop_loss,alpaca_personal_api,-1.194238361376506,0.18356857616390698,0.18356858810614085,0.0,0.02,0.01,0.0,0.03,0.03,0.0,-1.5913755256465538,-0.0012904854750248607
falling,2026-05-15 14:31:00-04:00,2026-05-15 14:32:00-04:00,2026-05-15 14:36:00-04:00,-0.003394994559303588,228.93,228.97578828930003,229.03,228.98419629030002,4,max_holding,alpaca_personal_api,0.39999999999997726,0.18318399999998292,0.18318399600002522,0.0,0.02,0.01,0.0,0.03,0.03,0.0,0.00363200399996913,-0.002176354956472948
falling,2026-05-15 15:04:00-04:00,2026-05-15 15:05:00-04:00,2026-05-15 15:07:00-04:00,-0.002317243791535528,228.17,228.2156362817,227.87331282727746,227.82774044344512,4,stop_loss,alpaca_personal_api,-1.1867486908901128,0.18241732513092757,0.18241733699846918,0.0,0.02,0.01,0.0,0.03,0.03,0.0,-1.5815833530195096,-0.0012359203393162987
falling,2026-05-15 15:08:00-04:00,2026-05-15 15:09:00-04:00,2026-05-15 15:11:00-04:00,-0.0035029337069795163,227.58,227.62551827580003,227.28407999838635,227.23862545522746,4,stop_loss,alpaca_personal_api,-1.183680006454665,0.1819456319993833,0.18194564383622946,0.0,0.02,0.01,0.0,0.03,0.03,0.0,-1.5775712822902779,-0.0012086630219386718
falling,2026-05-15 15:46:00-04:00,2026-05-15 15:47:00-04:00,2026-05-15 15:48:00-04:00,-0.003257042253521081,226.44,226.4852902644,226.1455623290034,226.10033547799324,4,stop_loss,alpaca_personal_api,-1.1777506839863463,0.18103422493152266,0.18103423670913799,0.0,0.02,0.01,0.0,0.03,0.03,0.0,-1.569819145627007,-0.001618236825441488
falling,2026-05-15 15:52:00-04:00,2026-05-15 15:53:00-04:00,2026-05-15 15:54:00-04:00,-0.003356445700658073,225.64,225.68513025639996,225.34660256101537,225.3015354939692,4,stop_loss,alpaca_personal_api,-1.1735897559384512,0.18039464102434977,0.18039465276024202,0.0,0.02,0.01,0.0,0.03,0.03,0.0,-1.564379049723043,-0.0012399605467098285
falling,2026-05-18 09:35:00-04:00,2026-05-18 09:36:00-04:00,2026-05-18 09:36:00-04:00,-0.008252554362064513,227.12,227.16542627119998,226.82467813179318,226.7793154644136,4,stop_loss,alpaca_personal_api,-1.1812874728273073,0.18157787125267077,0.18157788306552902,0.0,0.02,0.01,0.0,0.03,0.03,0.0,-1.574443227145507,-0.0010975712717754549
falling,2026-05-18 09:38:00-04:00,2026-05-18 09:39:00-04:00,2026-05-18 09:39:00-04:00,-0.007452871547566797,226.37,226.4152762637,226.07565334930447,226.03044047939113,4,stop_loss,alpaca_personal_api,-1.1773866027821214,0.18097826133976014,0.1809782731136238,0.0,0.02,0.01,0.0,0.03,0.03,0.0,-1.5693431372355053,-0.0015484016272293566
falling,2026-05-18 09:40:00-04:00,2026-05-18 09:41:00-04:00,2026-05-18 09:42:00-04:00,-0.006956368599480456,225.56,225.6051142556,225.26670658421662,225.22165549556686,4,stop_loss,alpaca_personal_api,-1.1731736631335252,0.18033068263366658,0.18033069436535243,0.0,0.02,0.01,0.0,0.03,0.03,0.0,-1.5638350401325443,-0.0013946019045472102
falling,2026-05-18 09:43:00-04:00,2026-05-18 09:44:00-04:00,2026-05-18 09:44:00-04:00,-0.0043727915194347045,225.41,225.45508425409997,225.11690162771885,225.07188049856234,4,stop_loss,alpaca_personal_api,-1.1723934891246017,0.1802107606509935,0.18021077237494865,0.0,0.02,0.01,0.0,0.03,0.03,0.0,-1.562815022150544,-0.0011842494818907756
falling,2026-05-18 09:45:00-04:00,2026-05-18 09:46:00-04:00,2026-05-18 09:46:00-04:00,-0.005142983817335467,224.35,224.3948722435,224.05827993513478,224.01347051973056,4,stop_loss,alpaca_personal_api,-1.1668802594608678,0.17936331197404343,0.17936332364286045,0.0,0.02,0.01,0.0,0.03,0.03,0.0,-1.5556068950777717,-0.002327582558647956
falling,2026-05-18 09:48:00-04:00,2026-05-18 09:49:00-04:00,2026-05-18 09:49:00-04:00,-0.004258905993522966,224.43,224.47488824430002,224.1381759119336,224.09335051813295,4,stop_loss,alpaca_personal_api,-1.16729635226568,0.1794272703648403,0.17942728203775005,0.0,0.02,0.01,0.0,0.03,0.03,0.0,-1.5561509046682704,-0.0017643654636047001
falling,2026-05-18 10:00:00-04:00,2026-05-18 10:01:00-04:00,2026-05-18 10:01:00-04:00,-0.005931828242585202,224.55,224.5949122455,224.25801987713177,224.21317051573655,4,stop_loss,alpaca_personal_api,-1.1679204914729553,0.17952320795086507,0.1795232196300276,0.0,0.02,0.01,0.0,0.03,0.03,0.0,-1.556966919053848,-0.002890051175052588
falling,2026-05-18 10:02:00-04:00,2026-05-18 10:03:00-04:00,2026-05-18 10:03:00-04:00,-0.004177963465042844,224.07,224.11481624069998,224.56304587318138,224.5181355096372,4,take_profit,alpaca_personal_api,1.9721834927255486,0.17945321834918104,0.17945319862747056,0.0,0.02,0.01,0.0,0.03,0.03,0.0,1.583277075748897,-0.0033729906713523272
falling,2026-05-18 10:21:00-04:00,2026-05-18 10:22:00-04:00,2026-05-18 10:22:00-04:00,-0.0020889817325214777,224.55,224.5949122455,224.25801987713177,224.21317051573655,4,stop_loss,alpaca_personal_api,-1.1679204914729553,0.17952320795086507,0.1795232196300276,0.0,0.02,0.01,0.0,0.03,0.03,0.0,-1.556966919053848,-0.0013818192072869717
falling,2026-05-18 10:24:00-04:00,2026-05-18 10:25:00-04:00,2026-05-18 10:25:00-04:00,-0.0047595747520128295,223.73,223.77474823729997,223.43908611494405,223.39440053211192,4,stop_loss,alpaca_personal_api,-1.1636555402237718,0.17886763444596454,0.1788676460824945,0.0,0.02,0.01,0.0,0.03,0.03,0.0,-1.551390820752231,-0.0016227123283806266
falling,2026-05-18 10:26:00-04:00,2026-05-18 10:27:00-04:00,2026-05-18 10:27:00-04:00,-0.006636379832531625,223.03,223.0746082303,222.73999631795454,222.6954505460909,4,stop_loss,alpaca_personal_api,-1.1600147281818636,0.17830799852720247,0.17830801012723896,0.0,0.02,0.01,0.0,0.03,0.03,0.0,-1.546630736836305,-0.0013131327393643977
falling,2026-05-18 10:28:00-04:00,2026-05-18 10:29:00-04:00,2026-05-18 10:29:00-04:00,-0.007133303611235098,222.68,222.7245382268,222.39045141945982,222.34597555308045,4,stop_loss,alpaca_personal_api,-1.158194322160739,0.17802818056770775,0.17802819214978172,0.0,0.02,0.01,0.0,0.03,0.03,0.0,-1.5442506948782284,-0.001130486391770047
falling,2026-05-18 10:30:00-04:00,2026-05-18 10:31:00-04:00,2026-05-18 10:32:00-04:00,-0.0047013521984419215,222.3,222.34446222300002,222.01094552966552,221.96654556066903,4,stop_loss,alpaca_personal_api,-1.156217881337966,0.1777243782119058,0.17772438977408456,0.0,0.02,0.01,0.0,0.03,0.03,0.0,-1.5416666493239564,-0.0025864627648296556
falling,2026-05-18 10:33:00-04:00,2026-05-18 10:34:00-04:00,2026-05-18 10:34:00-04:00,-0.006151773686573714,221.3,221.344262213,221.01224581968052,220.96804558063903,4,stop_loss,alpaca_personal_api,-1.1510167212779834,0.17692489832791125,0.17692490983802145,0.0,0.02,0.01,0.0,0.03,0.03,0.0,-1.534866529443916,-0.004541210423563369
falling,2026-05-18 10:35:00-04:00,2026-05-18 10:36:00-04:00,2026-05-18 10:36:00-04:00,-0.006747941877727315,220.8,220.844162208,221.285850532416,221.241595575168,4,take_profit,alpaca_personal_api,1.943402129663923,0.17683434021296307,0.17683432077899397,0.0,0.02,0.01,0.0,0.03,0.03,0.0,1.559733468671966,-0.004860422275754672
falling,2026-05-18 10:47:00-04:00,2026-05-18 10:48:00-04:00,2026-05-18 10:48:00-04:00,-0.0039226295144055845,220.92,220.96418620919997,220.63273992988618,220.5886155882276,4,stop_loss,alpaca_personal_api,-1.1490402804552104,0.17662109597188191,0.1766211074623243,0.0,0.02,0.01,0.0,0.03,0.03,0.0,-1.5322824838894167,-0.0018439193214375704
falling,2026-05-18 10:49:00-04:00,2026-05-18 10:50:00-04:00,2026-05-18 10:51:00-04:00,-0.006175343700698721,220.46,220.5040942046,220.9451023930092,220.90091558198162,4,take_profit,alpaca_personal_api,1.9404095720367422,0.1765620409571511,0.17656202155308165,0.0,0.02,0.01,0.0,0.03,0.03,0.0,1.5572855095265095,-0.0024689956579732053
falling,2026-05-18 11:09:00-04:00,2026-05-18 11:10:00-04:00,2026-05-18 11:10:00-04:00,-0.0025574300071786737,222.33,222.3744682233,222.04090652096505,221.99650056006993,4,stop_loss,alpaca_personal_api,-1.1563739161398416,0.17774836260832672,0.1777483741720971,0.0,0.02,0.01,0.0,0.03,0.03,0.0,-1.5418706529202655,-0.0018315278349638753
falling,2026-05-18 11:19:00-04:00,2026-05-18 11:20:00-04:00,2026-05-18 11:21:00-04:00,-0.004126855963755505,222.01,222.0544042201,221.72132261376987,221.67698056646034,4,stop_loss,alpaca_personal_api,-1.154709544920479,0.1774925290454803,0.1774925405926524,0.0,0.02,0.01,0.0,0.03,0.03,0.0,-1.5396946145586117,-0.002002357385290421
falling,2026-05-18 11:29:00-04:00,2026-05-18 11:30:00-04:00,2026-05-18 11:32:00-04:00,-0.002342975578985329,221.43,221.4742882143,221.9172367907286,221.8728555625428,4,take_profit,alpaca_personal_api,1.9489471629143509,0.17733889471628572,0.17733887522683744,0.0,0.02,0.01,0.0,0.03,0.03,0.0,1.5642693929712277,-0.0016649116316133084
falling,2026-05-18 11:43:00-04:00,2026-05-18 11:44:00-04:00,2026-05-18 11:45:00-04:00,-0.0033191298497420307,222.22,222.2644462222,221.9310495528667,221.88666556226664,4,stop_loss,alpaca_personal_api,-1.1558017885331537,0.17766041982110892,0.17766043137919496,0.0,0.02,0.01,0.0,0.03,0.03,0.0,-1.5411226397334576,-0.001207969758121874
falling,2026-05-18 11:46:00-04:00,2026-05-18 11:47:00-04:00,2026-05-18 11:51:00-04:00,-0.0022906934962270142,222.14,222.18443022139996,221.85115357606787,221.8067855638642,4,stop_loss,alpaca_personal_api,-1.1553856957284552,0.17759646143042573,0.17759647298419168,0.0,0.02,0.01,0.0,0.03,0.03,0.0,-1.5405786301430726,-0.001236129068924674
falling,2026-05-18 12:00:00-04:00,2026-05-18 12:01:00-04:00,2026-05-18 12:01:00-04:00,-0.0034131225580454894,221.91,221.95438421909998,221.62145264277135,221.57713056845733,4,stop_loss,alpaca_personal_api,-1.1541894289146057,0.17741258105706947,0.1774125925988983,0.0,0.02,0.01,0.0,0.03,0.03,0.0,-1.5390146025705735,-0.0019759755490796893
falling,2026-05-18 12:02:00-04:00,2026-05-18 12:03:00-04:00,2026-05-18 12:03:00-04:00,-0.004310925501818663,221.71,221.7543442171,221.42171270077435,221.37743057245132,4,stop_loss,alpaca_personal_api,-1.153149196902632,0.17725268508024783,0.17725269661184484,0.0,0.02,0.01,0.0,0.03,0.03,0.0,-1.5376545785947247,-0.001904870212947496
falling,2026-05-18 12:25:00-04:00,2026-05-18 12:26:00-04:00,2026-05-18 12:26:00-04:00,-0.0060625112268726244,221.32,221.36426621319998,221.0322198138802,220.98801558023965,4,stop_loss,alpaca_personal_api,-1.151120744479158,0.1769408879255252,0.17694089943665858,0.0,0.02,0.01,0.0,0.03,0.03,0.0,-1.5350025318413418,-0.0035799014106515648
falling,2026-05-18 12:27:00-04:00,2026-05-18 12:28:00-04:00,2026-05-18 12:28:00-04:00,-0.007641136281912875,220.78,220.8241582078,220.4929219704883,220.44882559102345,4,stop_loss,alpaca_personal_api,-1.1483121180467606,0.1765091687881295,0.17650918027129592,0.0,0.02,0.01,0.0,0.03,0.03,0.0,-1.531330467106186,-0.0035124143226871185
falling,2026-05-18 12:29:00-04:00,2026-05-18 12:30:00-04:00,2026-05-18 12:30:00-04:00,-0.007752636797980883,220.16,220.2040342016,219.8737281502976,219.82975560340483,4,stop_loss,alpaca_personal_api,-1.145087398809551,0.1760134912601643,0.17601350271092997,0.0,0.02,0.01,0.0,0.03,0.03,0.0,-1.5271143927806452,-0.003957633392175919
falling,2026-05-18 13:12:00-04:00,2026-05-18 13:13:00-04:00,2026-05-18 13:14:00-04:00,-0.003556636052584161,221.32,221.36426621319998,221.0322198138802,220.98801558023965,4,stop_loss,alpaca_personal_api,-1.151120744479158,0.1769408879255252,0.17694089943665858,0.0,0.02,0.01,0.0,0.03,0.03,0.0,-1.5350025318413418,-0.001037845830134554
falling,2026-05-18 13:15:00-04:00,2026-05-18 13:16:00-04:00,2026-05-18 13:20:00-04:00,-0.004013709750157912,220.86,220.9041742086,220.89,220.84582420889998,4,max_holding,alpaca_personal_api,0.11999999999989086,0.17669999999998254,0.17669999880001797,0.0,0.02,0.01,0.0,0.03,0.03,0.0,-0.26339999880010967,-0.0012795905310299949
falling,2026-05-18 13:23:00-04:00,2026-05-18 13:24:00-04:00,2026-05-18 13:28:00-04:00,-0.002803020028030234,220.55,220.5941122055,221.03530042991102,220.99109558017804,4,take_profit,alpaca_personal_api,1.9412017196440274,0.1766341201719115,0.17663410075999764,0.0,0.02,0.01,0.0,0.03,0.03,0.0,1.5579334987121183,-0.0013088074203689848
falling,2026-05-18 13:48:00-04:00,2026-05-18 13:49:00-04:00,2026-05-18 13:53:00-04:00,-0.0032505643340857704,220.79,220.83416020789997,220.83,220.7858362083,4,max_holding,alpaca_personal_api,0.16000000000008185,0.17664800000000014,0.17664799839997158,0.0,0.02,0.01,0.0,0.03,0.03,0.0,-0.22329599839988987,-0.0011518771331059385
falling,2026-05-18 14:02:00-04:00,2026-05-18 14:03:00-04:00,2026-05-18 14:06:00-04:00,-0.003437203202026229,220.35,220.39407220349997,220.06348109519473,220.0194705996105,4,stop_loss,alpaca_personal_api,-1.146075619221051,0.17616539243806528,0.1761654038988354,0.0,0.02,0.01,0.0,0.03,0.03,0.0,-1.5284064155579518,-0.0014374973313786565
falling,2026-05-18 14:18:00-04:00,2026-05-18 14:19:00-04:00,2026-05-18 14:23:00-04:00,-0.0027734836773665172,219.33,219.3738681933,219.43,219.38611619430003,4,max_holding,alpaca_personal_api,0.39999999999997726,0.1755039999999326,0.1755039959999749,0.0,0.02,0.01,0.0,0.03,0.03,0.0,0.018992004000069757,-0.0021402887963015704
falling,2026-05-18 14:37:00-04:00,2026-05-18 14:38:00-04:00,2026-05-18 14:39:00-04:00,-0.0026802344069413175,219.55,219.5939121955,219.26452132720675,219.22067061558653,4,stop_loss,alpaca_personal_api,-1.1419146911730422,0.1755258085308924,0.17552581994993943,0.0,0.02,0.01,0.0,0.03,0.03,0.0,-1.522966319653874,-0.001099544474431946
falling,2026-05-18 14:40:00-04:00,2026-05-18 14:41:00-04:00,2026-05-18 14:45:00-04:00,-0.004093141713662041,218.98,219.02379818979998,219.21,219.16616019210002,4,max_holding,alpaca_personal_api,0.9200000000000728,0.1752759999999398,0.17527599079994616,0.0,0.02,0.01,0.0,0.03,0.03,0.0,0.5394480092001868,-0.0012284310364529816
falling,2026-05-18 14:49:00-04:00,2026-05-18 14:50:00-04:00,2026-05-18 14:50:00-04:00,-0.0029645170117666986,218.6,218.643722186,218.315756602721,218.27209563455804,4,stop_loss,alpaca_personal_api,-1.1369735891159962,0.17476630264104642,0.17476631401075338,0.0,0.02,0.01,0.0,0.03,0.03,0.0,-1.516506205767796,-0.0013866453189999017
falling,2026-05-18 14:51:00-04:00,2026-05-18 14:52:00-04:00,2026-05-18 14:55:00-04:00,-0.00219018068990684,218.69,218.7337401869,219.17120766727382,219.12737561745246,4,take_profit,alpaca_personal_api,1.9248306690952859,0.17514448306690156,0.17514446381858306,0.0,0.02,0.01,0.0,0.03,0.03,0.0,1.5445417222098012,-0.0012437810945273853
falling,2026-05-18 15:06:00-04:00,2026-05-18 15:07:00-04:00,2026-05-18 15:09:00-04:00,-0.006330831147689175,219.77,219.8139561977,220.2535841100954,220.20953559580923,4,take_profit,alpaca_personal_api,1.9343364403815713,0.1760094336440261,0.1760094143006654,0.0,0.02,0.01,0.0,0.03,0.03,0.0,1.5523175924368797,-0.003553660270078196
falling,2026-05-18 15:25:00-04:00,2026-05-18 15:26:00-04:00,2026-05-18 15:30:00-04:00,-0.0025886734184112914,219.62,219.6639261962,220.10325404859242,220.05923559881523,4,take_profit,alpaca_personal_api,1.9330161943696567,0.17588930161946337,0.17588928228929035,0.0,0.02,0.01,0.0,0.03,0.03,0.0,1.551237610460903,-0.0016682350928224343
falling,2026-05-19 09:41:00-04:00,2026-05-19 09:42:00-04:00,2026-05-19 09:42:00-04:00,-0.006919793304875355,221.01,221.05420421009998,221.4963126185202,221.45201557095962,4,take_profit,alpaca_personal_api,1.945250474080808,0.17700252504732816,0.1770025055949418,0.0,0.02,0.01,0.0,0.03,0.03,0.0,1.561245443438538,-0.003424025005327791
falling,2026-05-19 09:43:00-04:00,2026-05-19 09:44:00-04:00,2026-05-19 09:44:00-04:00,-0.00233865527321786,221.83,221.8743682183,221.54155666597256,221.49725057005494,4,stop_loss,alpaca_personal_api,-1.1537733361097935,0.1773486226662726,0.1773486342041224,0.0,0.02,0.01,0.0,0.03,0.03,0.0,-1.5384705929801885,-0.003778731141858782
falling,2026-05-19 09:46:00-04:00,2026-05-19 09:47:00-04:00,2026-05-19 09:47:00-04:00,-0.004750916248133508,219.98,220.0239981998,220.4640461961996,220.41995559160083,4,take_profit,alpaca_personal_api,1.9361847847984563,0.17617761847850488,0.17617759911661324,0.0,0.02,0.01,0.0,0.03,0.03,0.0,1.5538295672033382,-0.002594662408759163
falling,2026-05-19 09:59:00-04:00,2026-05-19 10:00:00-04:00,2026-05-19 10:00:00-04:00,-0.00670838773580662,220.61,220.65412420610002,220.32314301979088,220.27908059441836,4,stop_loss,alpaca_personal_api,-1.1474279208365488,0.17637325720795616,0.17637326868214132,0.0,0.02,0.01,0.0,0.03,0.03,0.0,-1.5301744467266463,-0.002134927412468013
falling,2026-05-19 10:02:00-04:00,2026-05-19 10:03:00-04:00,2026-05-19 10:03:00-04:00,-0.006149116064565696,219.81,219.85396419810002,219.52418325180287,219.48028061039435,4,stop_loss,alpaca_personal_api,-1.14326699278854,0.17573367330078327,0.17573368473335904,0.0,0.02,0.01,0.0,0.03,0.03,0.0,-1.5247343508226823,-0.002736953143932297
falling,2026-05-19 10:05:00-04:00,2026-05-19 10:06:00-04:00,2026-05-19 10:06:00-04:00,-0.0040938864628821126,218.93,218.97378818930002,219.41173576567863,219.36785561264284,4,take_profit,alpaca_personal_api,1.9269430627144857,0.17533669430633836,0.1753366750368741,0.0,0.02,0.01,0.0,0.03,0.03,0.0,1.5462696933712732,-0.002825826340126625
falling,2026-05-19 10:07:00-04:00,2026-05-19 10:08:00-04:00,2026-05-19 10:10:00-04:00,-0.005732223283745008,218.55,218.5937121855,219.030899609871,218.98709562025803,4,take_profit,alpaca_personal_api,1.9235984394839534,0.1750323598438399,0.17503234060802697,0.0,0.02,0.01,0.0,0.03,0.03,0.0,1.5435337390320865,-0.003101816778398825
falling,2026-05-19 10:15:00-04:00,2026-05-19 10:16:00-04:00,2026-05-19 10:16:00-04:00,-0.0048811641804663575,218.17,218.2136361817,217.88631572742744,217.8427406431451,4,stop_loss,alpaca_personal_api,-1.134737090290173,0.1744225262909822,0.17442253763840654,0.0,0.02,0.01,0.0,0.03,0.03,0.0,-1.5135821542195618,-0.0032082957361176945
falling,2026-05-19 10:17:00-04:00,2026-05-19 10:18:00-04:00,2026-05-19 10:18:00-04:00,-0.004656046012689874,218.04,218.0836101804,218.5197774007608,218.47607563047842,4,take_profit,alpaca_personal_api,1.919109603043239,0.17462391096034935,0.17462389176921533,0.0,0.02,0.01,0.0,0.03,0.03,0.0,1.5398618003136744,-0.0034101329665291447
falling,2026-05-19 10:45:00-04:00,2026-05-19 10:46:00-04:00,2026-05-19 10:47:00-04:00,-0.003368996130207136,218.89,218.93378018889996,218.60537951861662,218.5616606287667,4,stop_loss,alpaca_personal_api,-1.1384819255334833,0.17499815180735823,0.17499816319218553,0.0,0.02,0.01,0.0,0.03,0.03,0.0,-1.518478240533027,-0.0015781922525107683
falling,2026-05-19 11:07:00-04:00,2026-05-19 11:08:00-04:00,2026-05-19 11:09:00-04:00,-0.004297670210359761,220.07,220.11401620069998,219.78384517639893,219.7398906052021,4,stop_loss,alpaca_personal_api,-1.144619294404265,0.17594153807056045,0.17594154951666496,0.0,0.02,0.01,0.0,0.03,0.03,0.0,-1.5265023819914905,-0.001575570069898058
falling,2026-05-19 11:20:00-04:00,2026-05-19 11:21:00-04:00,2026-05-19 11:24:00-04:00,-0.0024432178083432232,220.48,220.52409820479997,220.1933120574928,220.14927559701442,4,stop_loss,alpaca_personal_api,-1.1467517700288,0.17626932482289703,0.17626933629048835,0.0,0.02,0.01,0.0,0.03,0.03,0.0,-1.5292904311421853,-0.0019460542319524876
falling,2026-05-19 11:47:00-04:00,2026-05-19 11:48:00-04:00,2026-05-19 11:52:00-04:00,-0.004780804618437662,220.64,220.68413020639997,220.8,220.75584220800002,4,max_holding,alpaca_personal_api,0.6400000000001,0.17657599999995455,0.17657599359995402,0.0,0.02,0.01,0.0,0.03,0.03,0.0,0.25684800640019145,-0.0011579203179277187
falling,2026-05-19 11:55:00-04:00,2026-05-19 11:56:00-04:00,2026-05-19 12:00:00-04:00,-0.0031252830872361415,220.11,220.15402420110001,220.5943322495022,220.55021558899563,4,take_profit,alpaca_personal_api,1.937328998008752,0.17628173289972437,0.17628171352657773,0.0,0.02,0.01,0.0,0.03,0.03,0.0,1.55476555158245,-0.0017886271928568842
falling,2026-05-19 12:09:00-04:00,2026-05-19 12:10:00-04:00,2026-05-19 12:14:00-04:00,-0.002534968991897202,220.32,220.3640662032,220.0335201038952,219.98951560020961,4,stop_loss,alpaca_personal_api,-1.1459195844191754,0.17614140804153067,0.17614141950082285,0.0,0.02,0.01,0.0,0.03,0.03,0.0,-1.528202411961529,-0.00211579699785569
falling,2026-05-19 13:26:00-04:00,2026-05-19 13:27:00-04:00,2026-05-19 13:28:00-04:00,-0.00361478043555874,223.26,223.30465423259997,222.9696972512511,222.92510554149783,4,stop_loss,alpaca_personal_api,-1.1612109949955993,0.17849187890044504,0.17849189051253234,0.0,0.02,0.01,0.0,0.03,0.03,0.0,-1.5481947644085767,-0.001389125134660163
falling,2026-05-19 13:46:00-04:00,2026-05-19 13:47:00-04:00,2026-05-19 13:47:00-04:00,-0.003173751732153285,222.98,223.0245982298,222.69006133245531,222.64552554708942,4,stop_loss,alpaca_personal_api,-1.1597546701786996,0.1782680245330539,0.17826803613058928,0.0,0.02,0.01,0.0,0.03,0.03,0.0,-1.5462907308423428,-0.0017869552268440225
falling,2026-05-19 13:48:00-04:00,2026-05-19 13:49:00-04:00,2026-05-19 13:50:00-04:00,-0.00241610738255027,222.94,222.98459022939997,222.65011334405588,222.6055855478882,4,stop_loss,alpaca_personal_api,-1.159546623776464,0.17823604533759863,0.17823605693297395,0.0,0.02,0.01,0.0,0.03,0.03,0.0,-1.5460187260470366,-0.0010214939348798246
falling,2026-05-19 13:53:00-04:00,2026-05-19 13:54:00-04:00,2026-05-19 13:54:00-04:00,-0.0035880875493362607,222.16,222.20443422159997,221.8711275702676,221.82675556346481,4,stop_loss,alpaca_personal_api,-1.1554897189296298,0.1776124510280397,0.1776124625829425,0.0,0.02,0.01,0.0,0.03,0.03,0.0,-1.540714632540612,-0.001008336528766085
falling,2026-05-19 14:55:00-04:00,2026-05-19 14:56:00-04:00,2026-05-19 15:00:00-04:00,-0.002425767036521309,222.06,222.1044142206,222.39,222.34552422390001,4,max_holding,alpaca_personal_api,1.3199999999999363,0.17777999999998428,0.17777998679991924,0.0,0.02,0.01,0.0,0.03,0.03,0.0,0.9344400132000328,-0.001991663465778948
falling,2026-05-19 15:19:00-04:00,2026-05-19 15:20:00-04:00,2026-05-19 15:23:00-04:00,-0.0033282360349015105,221.6,221.64432221599998,221.31185573267598,221.267595574648,4,stop_loss,alpaca_personal_api,-1.1525770692960577,0.17716474229303003,0.177164753818829,0.0,0.02,0.01,0.0,0.03,0.03,0.0,-1.5369065654079168,-0.0017331268734105398
falling,2026-05-19 15:24:00-04:00,2026-05-19 15:25:00-04:00,2026-05-19 15:28:00-04:00,-0.0023465703971118357,221.1,221.144222211,221.586510655422,221.542195569156,4,take_profit,alpaca_personal_api,1.9460426216879796,0.17707460426220223,0.1770745848017441,0.0,0.02,0.01,0.0,0.03,0.03,0.0,1.5618934326240332,-0.0020776707318809207
falling,2026-05-19 15:36:00-04:00,2026-05-19 15:37:00-04:00,2026-05-19 15:41:00-04:00,-0.0038274495677234066,221.24,221.2842502124,221.27,221.22574821270004,4,max_holding,alpaca_personal_api,0.12000000000000455,0.17700399999989713,0.17700399879993256,0.0,0.02,0.01,0.0,0.03,0.03,0.0,-0.26400799879982517,-0.0016939984056486557
falling,2026-05-19 15:54:00-04:00,2026-05-19 15:55:00-04:00,2026-05-19 15:55:00-04:00,-0.005845038513819678,219.4,219.443882194,219.114716370709,219.07089561858203,4,stop_loss,alpaca_personal_api,-1.141134517164005,0.175405886548333,0.17540589795953565,0.0,0.02,0.01,0.0,0.03,0.03,0.0,-1.5219463016718737,-0.0012987198333073158
falling,2026-05-20 09:36:00-04:00,2026-05-20 09:37:00-04:00,2026-05-20 09:37:00-04:00,-0.003698024713628678,220.9,220.944182209,220.6127659356865,220.56864558862702,4,stop_loss,alpaca_personal_api,-1.1489362572540358,0.17660510637426796,0.17660511786357347,0.0,0.02,0.01,0.0,0.03,0.03,0.0,-1.5321464814918773,-0.0018428476248528725
falling,2026-05-20 09:38:00-04:00,2026-05-20 09:39:00-04:00,2026-05-20 09:40:00-04:00,-0.005547787650534541,220.48,220.52409820479997,220.96514640120958,220.9209555815808,4,take_profit,alpaca_personal_api,1.9405856048383612,0.17657805856038067,0.1765780391546059,0.0,0.02,0.01,0.0,0.03,0.03,0.0,1.5574295071233746,-0.0037235247479895373
falling,2026-05-20 09:51:00-04:00,2026-05-20 09:52:00-04:00,2026-05-20 09:52:00-04:00,-0.003558718861210064,221.17,221.21423621169998,221.65666468412337,221.6123355677532,4,take_profit,alpaca_personal_api,1.9466587364935322,0.17713066587361936,0.17713064640702214,0.0,0.02,0.01,0.0,0.03,0.03,0.0,1.5623974242128906,-0.0030817076618602224
falling,2026-05-20 09:54:00-04:00,2026-05-20 09:55:00-04:00,2026-05-20 09:55:00-04:00,-0.002122087773162362,221.04,221.0842102104,220.7525838950844,220.70843558583124,4,stop_loss,alpaca_personal_api,-1.149664419662372,0.1767170335579067,0.17671704505471553,0.0,0.02,0.01,0.0,0.03,0.03,0.0,-1.5330984982749942,-0.0016572942193011642
falling,2026-05-20 10:25:00-04:00,2026-05-20 10:26:00-04:00,2026-05-20 10:29:00-04:00,-0.004856531812511111,223.36,223.40467423360002,223.85148358206723,223.80671552386565,4,take_profit,alpaca_personal_api,1.9659343282688724,0.17888459343282648,0.17888457377353006,0.0,0.02,0.01,0.0,0.03,0.03,0.0,1.5781651610625158,-0.0012013964466933702
falling,2026-05-20 12:15:00-04:00,2026-05-20 12:16:00-04:00,2026-05-20 12:18:00-04:00,-0.0033346672002134703,224.16,224.2048342416,223.8685269902376,223.82375552352482,4,stop_loss,alpaca_personal_api,-1.165892039049595,0.17921141079602876,0.17921142245506871,0.0,0.02,0.01,0.0,0.03,0.03,0.0,-1.5543148723006925,-0.0013231050742488204
falling,2026-05-20 12:19:00-04:00,2026-05-20 12:20:00-04:00,2026-05-20 12:21:00-04:00,-0.002316567915534362,223.98,224.0247982398,223.6887610424403,223.6440255271194,4,stop_loss,alpaca_personal_api,-1.164955830238796,0.17906750441704844,0.1790675160665387,0.0,0.02,0.01,0.0,0.03,0.03,0.0,-1.553090850722383,-0.0013943269203684494
falling,2026-05-20 12:48:00-04:00,2026-05-20 12:49:00-04:00,2026-05-20 12:52:00-04:00,-0.0036497974807495615,223.87,223.9147762387,224.3626057911774,224.3177355136452,4,take_profit,alpaca_personal_api,1.9704231647095867,0.17929304231654442,0.17929302261222801,0.0,0.02,0.01,0.0,0.03,0.03,0.0,1.5818370997808142,-0.0014514197139434692
falling,2026-05-20 14:44:00-04:00,2026-05-20 14:45:00-04:00,2026-05-20 14:49:00-04:00,-0.004517600751442474,222.57,222.6145162257,222.48,222.4355062248,4,max_holding,alpaca_personal_api,-0.36000000000001364,0.17801999999994678,0.17802000359995418,0.0,0.02,0.01,0.0,0.03,0.03,0.0,-0.7460400035999146,-0.001181700523324558
falling,2026-05-21 09:39:00-04:00,2026-05-21 09:40:00-04:00,2026-05-21 09:40:00-04:00,-0.01728090283900552,222.93,222.9745882293,223.4205374057586,223.37585553248283,4,take_profit,alpaca_personal_api,1.9621496230344064,0.17854021496225414,0.17854019534081544,0.0,0.02,0.01,0.0,0.03,0.03,0.0,1.5750692127313368,-0.0017903209890466343
falling,2026-05-21 10:14:00-04:00,2026-05-21 10:15:00-04:00,2026-05-21 10:15:00-04:00,-0.007938277661329929,222.47,222.5144962247,222.18072448036295,222.13629055727415,4,stop_loss,alpaca_personal_api,-1.1571020785481778,0.17786028979207913,0.17786030136312547,0.0,0.02,0.01,0.0,0.03,0.03,0.0,-1.5428226697033824,-0.00181516294253381
falling,2026-05-21 10:16:00-04:00,2026-05-21 10:17:00-04:00,2026-05-21 10:17:00-04:00,-0.013898199043660964,220.66,220.7041342066,220.37307800529013,220.32900559341985,4,stop_loss,alpaca_personal_api,-1.1476879788394854,0.17641323120210473,0.17641324267901837,0.0,0.02,0.01,0.0,0.03,0.03,0.0,-1.5305144527206085,-0.002295160450020539
falling,2026-05-21 10:18:00-04:00,2026-05-21 10:19:00-04:00,2026-05-21 10:19:00-04:00,-0.012182512924252542,219.75,219.7939521975,219.46426126920377,219.42037061159255,4,stop_loss,alpaca_personal_api,-1.1429549231849023,0.17568570450771404,0.17568571593722027,0.0,0.02,0.01,0.0,0.03,0.03,0.0,-1.5243263436298367,-0.0014521154361279986
falling,2026-05-21 10:20:00-04:00,2026-05-21 10:21:00-04:00,2026-05-21 10:21:00-04:00,-0.010593028519692238,218.53,218.57370818529998,219.01085560167058,218.9670556206588,4,take_profit,alpaca_personal_api,1.9234224066823344,0.17501634224061036,0.17501632300638903,0.0,0.02,0.01,0.0,0.03,0.03,0.0,1.543389741435335,-0.002640273345946409
falling,2026-05-21 10:22:00-04:00,2026-05-21 10:23:00-04:00,2026-05-21 10:24:00-04:00,-0.006000000000000005,218.66,218.70373418659997,219.14114165497318,219.0973156180536,4,take_profit,alpaca_personal_api,1.9245666198927438,0.17512045666194354,0.17512043741623984,0.0,0.02,0.01,0.0,0.03,0.03,0.0,1.5443257258145604,-0.0024132432012871075
falling,2026-05-21 10:47:00-04:00,2026-05-21 10:48:00-04:00,2026-05-21 10:49:00-04:00,-0.0023698842402697373,218.9,218.943782189,218.6153665157165,218.57164562856704,4,stop_loss,alpaca_personal_api,-1.1385339371340706,0.1750061466061652,0.17500615799156094,0.0,0.02,0.01,0.0,0.03,0.03,0.0,-1.5185462417317968,-0.00119942991801536
falling,2026-05-21 10:50:00-04:00,2026-05-21 10:51:00-04:00,2026-05-21 10:51:00-04:00,-0.005013216662109188,218.31,218.3536641831,218.7903715114662,218.74661562506762,4,take_profit,alpaca_personal_api,1.9214860458647536,0.1748401486045168,0.17484012938973592,0.0,0.02,0.01,0.0,0.03,0.03,0.0,1.5418057678705008,-0.0020461152033414143
falling,2026-05-21 11:06:00-04:00,2026-05-21 11:07:00-04:00,2026-05-21 11:07:00-04:00,-0.0021899808376677488,218.7,218.74374218699998,218.4156265737195,218.37194563256102,4,stop_loss,alpaca_personal_api,-1.1374937051219831,0.17484625062945724,0.1748462620043938,0.0,0.02,0.01,0.0,0.03,0.03,0.0,-1.5171862177558342,-0.0013133181760410784
falling,2026-05-21 11:08:00-04:00,2026-05-21 11:09:00-04:00,2026-05-21 11:10:00-04:00,-0.004332755632582286,218.29,218.3336601829,218.00615969262566,217.96256064074873,4,stop_loss,alpaca_personal_api,-1.1353612294973345,0.17451846387700698,0.1745184752306841,0.0,0.02,0.01,0.0,0.03,0.03,0.0,-1.5143981686050256,-0.001963304566448665
falling,2026-05-21 11:31:00-04:00,2026-05-21 11:32:00-04:00,2026-05-21 11:35:00-04:00,-0.0024685714285713756,218.23,218.27364818229998,218.7101954786646,218.66645562667082,4,take_profit,alpaca_personal_api,1.9207819146583915,0.1747760781913712,0.1747760589836389,0.0,0.02,0.01,0.0,0.03,0.03,0.0,1.5412297774833814,-0.0012840412022013803
falling,2026-05-21 12:22:00-04:00,2026-05-21 12:23:00-04:00,2026-05-21 12:27:00-04:00,-0.0033722201968647836,218.72,218.76374618719998,218.97,218.9262081897,4,max_holding,alpaca_personal_api,1.0,0.17507599999999002,0.17507598999998208,0.0,0.02,0.01,0.0,0.03,0.03,0.0,0.6198480100000279,-0.0018458503593068443
falling,2026-05-21 13:26:00-04:00,2026-05-21 13:27:00-04:00,2026-05-21 13:27:00-04:00,-0.0028370710618751405,221.43,221.4742882143,221.14207678197857,221.09785057804297,4,stop_loss,alpaca_personal_api,-1.1516928720857322,0.177028830712743,0.1770288422296744,0.0,0.02,0.01,0.0,0.03,0.03,0.0,-1.5357505450281497,-0.0013865157838716113
falling,2026-05-21 13:59:00-04:00,2026-05-21 14:00:00-04:00,2026-05-21 14:01:00-04:00,-0.0037473475100456843,220.64,220.68413020639997,221.12549846681276,221.0812755783744,4,take_profit,alpaca_personal_api,1.9419938672510852,0.17670619938667187,0.17670617996668625,0.0,0.02,0.01,0.0,0.03,0.03,0.0,1.558581487897727,-0.0015502360269266102
falling,2026-05-21 14:14:00-04:00,2026-05-21 14:15:00-04:00,2026-05-21 14:17:00-04:00,-0.00421233807410093,219.84,219.8839701984,219.5541442431024,219.51023560979525,4,stop_loss,alpaca_personal_api,-1.1434230275904156,0.1757576576972042,0.17575766913137159,0.0,0.02,0.01,0.0,0.03,0.03,0.0,-1.5249383544189914,-0.0011753840987321906
falling,2026-05-21 14:48:00-04:00,2026-05-21 14:49:00-04:00,2026-05-21 14:52:00-04:00,-0.0021843003412969075,219.27,219.3138561927,218.98488540841097,218.94109062117815,4,stop_loss,alpaca_personal_api,-1.1404583663561425,0.17530195416338756,0.1753019655678827,0.0,0.02,0.01,0.0,0.03,0.03,0.0,-1.5210622860874128,-0.001540551517443256
falling,2026-05-21 14:53:00-04:00,2026-05-21 14:54:00-04:00,2026-05-21 14:54:00-04:00,-0.0025083230720117644,218.72,218.76374618719998,218.4356005679192,218.39191563216164,4,stop_loss,alpaca_personal_api,-1.1375977283231578,0.17486224022718488,0.17486225160303093,0.0,0.02,0.01,0.0,0.03,0.03,0.0,-1.5173222201533736,-0.0021460732470227617
falling,2026-05-21 14:55:00-04:00,2026-05-21 14:56:00-04:00,2026-05-21 15:00:00-04:00,-0.003828274541974208,218.58,218.62371818580002,219.0609656221716,219.01715561965682,4,take_profit,alpaca_personal_api,1.9238624886863818,0.17505638624891162,0.1750563670102565,0.0,0.02,0.01,0.0,0.03,0.03,0.0,1.5437497354272136,-0.0037438478904047168
falling,2026-05-22 09:44:00-04:00,2026-05-22 09:45:00-04:00,2026-05-22 09:46:00-04:00,-0.006083719240897123,218.9,218.943782189,218.6153665157165,218.57164562856704,4,stop_loss,alpaca_personal_api,-1.1385339371340706,0.1750061466061652,0.17500615799156094,0.0,0.02,0.01,0.0,0.03,0.03,0.0,-1.5185462417317968,-0.0017221983028014032
falling,2026-05-22 09:48:00-04:00,2026-05-22 09:49:00-04:00,2026-05-22 09:51:00-04:00,-0.008154525989704342,217.73,217.77354817729997,217.44688785503402,217.4034006519319,4,stop_loss,alpaca_personal_api,-1.1324485798638761,0.17407075514199732,0.17407076646645692,0.0,0.02,0.01,0.0,0.03,0.03,0.0,-1.5105901014723304,-0.0010707531427299743
falling,2026-05-22 10:02:00-04:00,2026-05-22 10:03:00-04:00,2026-05-22 10:04:00-04:00,-0.0034989180976935375,216.43,216.47328816430002,216.14857823205358,216.10535067789294,4,stop_loss,alpaca_personal_api,-1.1256870717857055,0.173031431292884,0.17303144254969993,0.0,0.02,0.01,0.0,0.03,0.03,0.0,-1.5017499456282895,-0.0013653398721038545
falling,2026-05-22 10:05:00-04:00,2026-05-22 10:06:00-04:00,2026-05-22 10:06:00-04:00,-0.0057132325838554765,215.78,215.8231581578,215.49942342056332,215.45632569087343,4,stop_loss,alpaca_personal_api,-1.1223063177467338,0.1725117693682705,0.17251178059132144,0.0,0.02,0.01,0.0,0.03,0.03,0.0,-1.4973298677063258,-0.0010035262798444577
falling,2026-05-22 10:22:00-04:00,2026-05-22 10:23:00-04:00,2026-05-22 10:23:00-04:00,-0.0027779063845549956,215.39,215.43308015389997,215.10993053366911,215.0669106986617,4,stop_loss,alpaca_personal_api,-1.1202778653234873,0.1721999722134342,0.17219998341613518,0.0,0.02,0.01,0.0,0.03,0.03,0.0,-1.4946778209530567,-0.0014923291492330293
falling,2026-05-22 11:49:00-04:00,2026-05-22 11:50:00-04:00,2026-05-22 11:51:00-04:00,-0.0025776754890679543,216.68,216.7233381668,217.1567848431336,217.11335565773285,4,take_profit,alpaca_personal_api,1.9071393725344024,0.1735347139372152,0.17353469486579343,0.0,0.02,0.01,0.0,0.03,0.03,0.0,1.5300699637313937,-0.0011110185262338534
falling,2026-05-22 13:34:00-04:00,2026-05-22 13:35:00-04:00,2026-05-22 13:36:00-04:00,-0.00403688242579936,217.12,217.1634261712,216.83768103194322,216.79431566411364,4,stop_loss,alpaca_personal_api,-1.12927587222714,0.1735830724128391,0.17358308370546638,0.0,0.02,0.01,0.0,0.03,0.03,0.0,-1.5064420283454456,-0.001262048401636462
falling,2026-05-26 09:36:00-04:00,2026-05-26 09:37:00-04:00,2026-05-26 09:37:00-04:00,-0.0040132853584279315,215.9,215.943182159,215.6192673857615,215.57614568847703,4,stop_loss,alpaca_personal_api,-1.122930456954009,0.17260770695429528,0.172607718183599,0.0,0.02,0.01,0.0,0.03,0.03,0.0,-1.4981458820919034,-0.0015999337958428894
falling,2026-05-26 09:51:00-04:00,2026-05-26 09:52:00-04:00,2026-05-26 09:53:00-04:00,-0.003239241092086953,215.39,215.43308015389997,215.10993053366911,215.0669106986617,4,stop_loss,alpaca_personal_api,-1.1202778653234873,0.1721999722134342,0.17219998341613518,0.0,0.02,0.01,0.0,0.03,0.03,0.0,-1.4946778209530567,-0.0012104372704639932
falling,2026-05-26 11:01:00-04:00,2026-05-26 11:02:00-04:00,2026-05-26 11:02:00-04:00,-0.004122087906998195,215.01,215.05300415009998,214.73042464387484,214.6874807062503,4,stop_loss,alpaca_personal_api,-1.1183014245006007,0.17189616985751854,0.1718961810405517,0.0,0.02,0.01,0.0,0.03,0.03,0.0,-1.492093775398671,-0.0010147133434804667
falling,2026-05-26 11:31:00-04:00,2026-05-26 11:32:00-04:00,2026-05-26 11:34:00-04:00,-0.0024723608713905776,213.86,213.90277413860002,214.33057968687723,214.28771571424565,4,take_profit,alpaca_personal_api,1.8823187475088616,0.17127623187479912,0.17127621305155571,0.0,0.02,0.01,0.0,0.03,0.03,0.0,1.5097663025825068,-0.0011400629094954207
falling,2026-05-26 11:40:00-04:00,2026-05-26 11:41:00-04:00,2026-05-26 11:42:00-04:00,-0.00331033196568431,213.78,213.8227581378,213.5020240005933,213.45932573081345,4,stop_loss,alpaca_personal_api,-1.1119039976267686,0.17091280960016775,0.1709128207193089,0.0,0.02,0.01,0.0,0.03,0.03,0.0,-1.4837296279462453,-0.0010308003133633337
falling,2026-05-26 11:53:00-04:00,2026-05-26 11:54:00-04:00,2026-05-26 11:54:00-04:00,-0.0028109627547434624,212.84,212.8825701284,212.56324627320743,212.52073574958524,4,stop_loss,alpaca_personal_api,-1.10701490717031,0.17016129850935613,0.17016130957938458,0.0,0.02,0.01,0.0,0.03,0.03,0.0,-1.4773375152590507,-0.0011836762783014043
falling,2026-05-26 11:55:00-04:00,2026-05-26 11:56:00-04:00,2026-05-26 11:57:00-04:00,-0.004687792987061679,212.33,212.3724681233,212.7972130595466,212.75465574490684,4,take_profit,alpaca_personal_api,1.8688522381863777,0.170050885223759,0.1700508665352345,0.0,0.02,0.01,0.0,0.03,0.03,0.0,1.4987504864273842,-0.0017624784853700337
falling,2026-05-26 12:10:00-04:00,2026-05-26 12:11:00-04:00,2026-05-26 12:14:00-04:00,-0.003048351545279604,212.56,212.60251412559998,212.2836103544116,212.2411557551768,4,stop_loss,alpaca_personal_api,-1.1055585823536376,0.16993744414173761,0.16993745519732784,0.0,0.02,0.01,0.0,0.03,0.03,0.0,-1.475433481692703,-0.0014857410133303217
falling,2026-05-27 09:40:00-04:00,2026-05-27 09:41:00-04:00,2026-05-27 09:42:00-04:00,-0.0034380445532897763,211.62,211.6623261162,211.3448326270257,211.30256577394863,4,stop_loss,alpaca_personal_api,-1.1006694918971789,0.1691859330508123,0.1691859440575172,0.0,0.02,0.01,0.0,0.03,0.03,0.0,-1.4690413690055084,-0.002053444310590291
falling,2026-05-27 09:43:00-04:00,2026-05-27 09:44:00-04:00,2026-05-27 09:44:00-04:00,-0.005143207662907545,210.84,210.8821701084,210.56584685323742,210.52373578952526,4,stop_loss,alpaca_personal_api,-1.0966125870503447,0.16856233874125337,0.16856234970737205,0.0,0.02,0.01,0.0,0.03,0.03,0.0,-1.4637372754989701,-0.0028245488948610564
falling,2026-05-27 09:46:00-04:00,2026-05-27 09:47:00-04:00,2026-05-27 09:48:00-04:00,-0.003592531316473746,210.82,210.8621661082,211.2838904404164,211.24163577516723,4,take_profit,alpaca_personal_api,1.8555617616656264,0.1688415561761758,0.1688415376205512,0.0,0.02,0.01,0.0,0.03,0.03,0.0,1.4878786678688993,-0.002361696576912875
falling,2026-05-27 09:55:00-04:00,2026-05-27 09:56:00-04:00,2026-05-27 09:56:00-04:00,-0.005254935378497305,210.11,210.1520241011,210.57232814930222,210.53021578939564,4,take_profit,alpaca_personal_api,1.8493125972088365,0.16827293125970755,0.16827291276661072,0.0,0.02,0.01,0.0,0.03,0.03,0.0,1.4827667531825182,-0.0015097654373515956
falling,2026-05-27 09:58:00-04:00,2026-05-27 09:59:00-04:00,2026-05-27 09:59:00-04:00,-0.004066193853427991,210.64,210.68213010639997,211.10349436661278,211.0612757787744,4,take_profit,alpaca_personal_api,1.8539774664511697,0.16869739774665504,0.16869737920683292,0.0,0.02,0.01,0.0,0.03,0.03,0.0,1.4865826894976817,-0.0013169627546470997
falling,2026-05-27 10:07:00-04:00,2026-05-27 10:08:00-04:00,2026-05-27 10:10:00-04:00,-0.004496828552494447,210.29,210.3320601029,210.7527242231058,210.71057578578842,4,take_profit,alpaca_personal_api,1.8508968924231795,0.1684170896892283,0.16841707118021532,0.0,0.02,0.01,0.0,0.03,0.03,0.0,1.4840627315537358,-0.0022335192315597885
falling,2026-05-27 10:11:00-04:00,2026-05-27 10:12:00-04:00,2026-05-27 10:16:00-04:00,-0.003273400066416854,210.08,210.1220181008,210.52,210.4778981052,4,max_holding,alpaca_personal_api,1.759999999999991,0.16823999999996886,0.16823998239999582,0.0,0.02,0.01,0.0,0.03,0.03,0.0,1.3935200176000262,-0.002852049910873289
falling,2026-05-27 10:21:00-04:00,2026-05-27 10:22:00-04:00,2026-05-27 10:23:00-04:00,-0.00313509405282153,209.87,209.9119760987,210.33180005089739,210.28973579420523,4,take_profit,alpaca_personal_api,1.847200203589523,0.16808072002027075,0.16808070154831967,0.0,0.02,0.01,0.0,0.03,0.03,0.0,1.4810387820209325,-0.002222923556128853
falling,2026-05-27 10:27:00-04:00,2026-05-27 10:28:00-04:00,2026-05-27 10:30:00-04:00,-0.002572531084750529,209.33,209.3718680933,209.7906118294866,209.74865580502683,4,take_profit,alpaca_personal_api,1.8424473179463803,0.16764824473170847,0.16764822630739218,0.0,0.02,0.01,0.0,0.03,0.03,0.0,1.4771508469072796,-0.002559163456246405
falling,2026-05-27 10:56:00-04:00,2026-05-27 10:57:00-04:00,2026-05-27 10:57:00-04:00,-0.005383259492163339,208.79,208.8317600879,209.2494236080758,209.20757581584843,4,take_profit,alpaca_personal_api,1.8376944323032376,0.1672157694432599,0.16721575106623732,0.0,0.02,0.01,0.0,0.03,0.03,0.0,1.4732629117937404,-0.0023643261670424076
falling,2026-05-27 10:58:00-04:00,2026-05-27 10:59:00-04:00,2026-05-27 10:59:00-04:00,-0.003240255408367476,209.16,209.2018340916,208.88803134046262,208.84625582307484,4,stop_loss,alpaca_personal_api,-1.0878746381495148,0.1672192125362244,0.1672192234149179,0.0,0.02,0.01,0.0,0.03,0.03,0.0,-1.4523130741006571,-0.0017042565180940272
falling,2026-05-27 11:00:00-04:00,2026-05-27 11:01:00-04:00,2026-05-27 11:01:00-04:00,-0.004771220000954202,208.6,208.641722086,209.059005530172,209.01719581965602,4,take_profit,alpaca_personal_api,1.8360221206879714,0.16706360221201066,0.16706358385181375,0.0,0.02,0.01,0.0,0.03,0.03,0.0,1.471894934624147,-0.0017610235949645503
falling,2026-05-27 11:15:00-04:00,2026-05-27 11:16:00-04:00,2026-05-27 11:20:00-04:00,-0.002530074470116439,208.93,208.9717880893,209.02,208.9781980902,4,max_holding,alpaca_personal_api,0.36000000000001364,0.1671800000000303,0.16717999639990921,0.0,0.02,0.01,0.0,0.03,0.03,0.0,-0.004359996399925875,-0.0018295115341762092
falling,2026-05-27 11:38:00-04:00,2026-05-27 11:39:00-04:00,2026-05-27 11:39:00-04:00,-0.002000762195121908,209.52,209.56190609520002,209.24756323605723,209.20571581588564,4,stop_loss,alpaca_personal_api,-1.089747055771113,0.16750702529441241,0.16750703619197793,0.0,0.02,0.01,0.0,0.03,0.03,0.0,-1.4547611172575035,-0.0017609751399837448
falling,2026-05-27 12:52:00-04:00,2026-05-27 12:53:00-04:00,2026-05-27 12:57:00-04:00,-0.002315142924639746,211.15,211.1922321115,211.16,211.11777011159998,4,max_holding,alpaca_personal_api,0.03999999999996362,0.16892400000006091,0.16892399959999693,0.0,0.02,0.01,0.0,0.03,0.03,0.0,-0.32784799960009425,-0.0010157858613589754
falling,2026-05-27 13:07:00-04:00,2026-05-27 13:08:00-04:00,2026-05-27 13:12:00-04:00,-0.0031229298760291346,210.69,210.7321401069,210.82,210.7778381082,4,max_holding,alpaca_personal_api,0.5199999999999818,0.16860400000007303,0.16860399479992338,0.0,0.02,0.01,0.0,0.03,0.03,0.0,0.1527920051999854,-0.0017189691685689512
falling,2026-05-28 09:43:00-04:00,2026-05-28 09:44:00-04:00,2026-05-28 09:44:00-04:00,-0.0036486107213022922,213.01,213.05260413009998,212.73302522390483,212.6904807461903,4,stop_loss,alpaca_personal_api,-1.1078991043806354,0.17029721008952947,0.17029722116853918,0.0,0.02,0.01,0.0,0.03,0.03,0.0,-1.4784935356387041,-0.0010310270404024768
falling,2026-05-28 09:47:00-04:00,2026-05-28 09:48:00-04:00,2026-05-28 09:49:00-04:00,-0.006935007731596388,211.91,211.95238411909997,211.63445554292133,211.5921307681573,4,stop_loss,alpaca_personal_api,-1.102177828314666,0.1694177822171241,0.16941779323894934,0.0,0.02,0.01,0.0,0.03,0.03,0.0,-1.4710134037707394,-0.001526171783695962
falling,2026-05-28 10:21:00-04:00,2026-05-28 10:22:00-04:00,2026-05-28 10:22:00-04:00,-0.004028480419711378,212.62,212.66252612620002,212.34353233701074,212.30106575397866,4,stop_loss,alpaca_personal_api,-1.1058706519570478,0.16998541293480685,0.1699854239935803,0.0,0.02,0.01,0.0,0.03,0.03,0.0,-1.475841488885435,-0.001203320069464331
falling,2026-05-28 10:23:00-04:00,2026-05-28 10:24:00-04:00,2026-05-28 10:25:00-04:00,-0.009346667912889073,211.98,212.0223981198,212.4464429160396,212.4039557519208,4,take_profit,alpaca_personal_api,1.8657716641583875,0.16977057716644595,0.16977055850873057,0.0,0.02,0.01,0.0,0.03,0.03,0.0,1.496230528483211,-0.0031718688049436894
falling,2026-05-28 10:34:00-04:00,2026-05-28 10:35:00-04:00,2026-05-28 10:39:00-04:00,-0.003393025447690823,211.5,211.542302115,211.72,211.6776581172,4,max_holding,alpaca_personal_api,0.8799999999999955,0.1692880000000514,0.16928799120000804,0.0,0.02,0.01,0.0,0.03,0.03,0.0,0.511424008799936,-0.0012446486944865942
falling,2026-05-28 15:00:00-04:00,2026-05-28 15:01:00-04:00,2026-05-28 15:03:00-04:00,-0.0023318720268631354,213.92,213.96278613919998,213.64184195999118,213.5991157280176,4,stop_loss,alpaca_personal_api,-1.1126321600352185,0.17102473678392016,0.17102474791033728,0.0,0.02,0.01,0.0,0.03,0.03,0.0,-1.484681644729476,-0.001101860920666109
falling,2026-05-28 15:16:00-04:00,2026-05-28 15:17:00-04:00,2026-05-28 15:21:00-04:00,-0.0021466237341918326,213.83,213.8727681383,213.81,213.76724013810002,4,max_holding,alpaca_personal_api,-0.08000000000004093,0.17105599999990773,0.171056000799922,0.0,0.02,0.01,0.0,0.03,0.03,0.0,-0.4521120007998707,-0.0010204498142781793
falling,2026-05-28 15:51:00-04:00,2026-05-28 15:52:00-04:00,2026-05-28 15:55:00-04:00,-0.002333831217326332,213.74,213.78275013740003,213.66,213.6172701366,4,max_holding,alpaca_personal_api,-0.32000000000005,0.17096000000003642,0.17096000319997984,0.0,0.02,0.01,0.0,0.03,0.03,0.0,-0.6919200032000663,-0.0010609069394194037
falling,2026-05-29 10:10:00-04:00,2026-05-29 10:11:00-04:00,2026-05-29 10:11:00-04:00,-0.0029589902445790184,215.65,215.6931321565,216.12451842081302,216.08129567837403,4,take_profit,alpaca_personal_api,1.8980736832520506,0.17270980736839192,0.17270978838757856,0.0,0.02,0.01,0.0,0.03,0.03,0.0,1.52265408749608,-0.0015944437688327762
falling,2026-05-29 10:17:00-04:00,2026-05-29 10:18:00-04:00,2026-05-29 10:20:00-04:00,-0.00263376767396728,215.84,215.8831701584,216.3149364987168,216.27167567456644,4,take_profit,alpaca_personal_api,1.899745994867203,0.17286197459941377,0.17286195560200213,0.0,0.02,0.01,0.0,0.03,0.03,0.0,1.5240220646657872,-0.0032298170220816935
falling,2026-05-29 10:25:00-04:00,2026-05-29 10:26:00-04:00,2026-05-29 10:26:00-04:00,-0.005861989383798782,215.36,215.40307415360002,215.07996954236964,215.0369556992609,4,stop_loss,alpaca_personal_api,-1.120121830521498,0.17217598781689958,0.17217599901812264,0.0,0.02,0.01,0.0,0.03,0.03,0.0,-1.4944738173565202,-0.0020580867916863976
falling,2026-05-29 10:27:00-04:00,2026-05-29 10:28:00-04:00,2026-05-29 10:29:00-04:00,-0.007151095732410684,215.19,215.23304015189998,214.91019059167215,214.8672107026557,4,stop_loss,alpaca_personal_api,-1.1192376333113998,0.17204007623661255,0.17204008742908172,0.0,0.02,0.01,0.0,0.03,0.03,0.0,-1.493317796977094,-0.0015304187659136437
falling,2026-05-29 10:39:00-04:00,2026-05-29 10:40:00-04:00,2026-05-29 10:41:00-04:00,-0.006154842889536827,214.78,214.8229581478,214.5007237105783,214.45782571084342,4,stop_loss,alpaca_personal_api,-1.1171051576867512,0.17171228948427597,0.17171230065525833,0.0,0.02,0.01,0.0,0.03,0.03,0.0,-1.4905297478262856,-0.002843832945127578
falling,2026-05-29 10:42:00-04:00,2026-05-29 10:43:00-04:00,2026-05-29 10:43:00-04:00,-0.0024651162790697567,214.47,214.5128961447,214.19112680048295,214.14829071703414,4,stop_loss,alpaca_personal_api,-1.1154927980682032,0.17146445072012284,0.17146446187507536,0.0,0.02,0.01,0.0,0.03,0.03,0.0,-1.4884217106634015,-0.0013166646305873275
falling,2026-05-29 10:44:00-04:00,2026-05-29 10:45:00-04:00,2026-05-29 10:48:00-04:00,-0.002328180294281945,214.23,214.27284814229998,214.70139383858458,214.6584557068308,4,take_profit,alpaca_personal_api,1.885575354338357,0.17157255753545542,0.17157253867958389,0.0,0.02,0.01,0.0,0.03,0.03,0.0,1.5124302581233178,-0.001819811500122226
falling,2026-05-29 11:19:00-04:00,2026-05-29 11:20:00-04:00,2026-05-29 11:20:00-04:00,-0.006738046889422256,215.22,215.2630461522,214.9401515829717,214.89716570205664,4,stop_loss,alpaca_personal_api,-1.1193936681131618,0.17206406063314716,0.17206407182709427,0.0,0.02,0.01,0.0,0.03,0.03,0.0,-1.4935218005734032,-0.0010159160176091975
falling,2026-05-29 11:21:00-04:00,2026-05-29 11:22:00-04:00,2026-05-29 11:26:00-04:00,-0.004447326971185106,214.91,214.9529841491,214.97,214.9270081497,4,max_holding,alpaca_personal_api,0.2400000000000091,0.17195200000003297,0.17195199759999014,0.0,0.02,0.01,0.0,0.03,0.03,0.0,-0.133903997600014,-0.0010976799653078517
falling,2026-05-29 11:44:00-04:00,2026-05-29 11:45:00-04:00,2026-05-29 11:49:00-04:00,-0.0025076623014766986,214.78,214.8229581478,214.95,214.9070121495,4,max_holding,alpaca_personal_api,0.67999999999995,0.17189199999995708,0.17189199320000625,0.0,0.02,0.01,0.0,0.03,0.03,0.0,0.3062160067999866,-0.0011113068697738981
falling,2026-05-29 12:45:00-04:00,2026-05-29 12:46:00-04:00,2026-05-29 12:50:00-04:00,-0.0024857300681274674,216.7,216.74334216699998,216.45,216.4067121645,4,max_holding,alpaca_personal_api,-1.0,0.1732600000000275,0.17326000999992175,0.0,0.02,0.01,0.0,0.03,0.03,0.0,-1.3765200099999493,-0.0010424705197460415
falling,2026-05-29 13:57:00-04:00,2026-05-29 13:58:00-04:00,2026-05-29 14:00:00-04:00,-0.002962277250636469,215.41,215.45308415409997,215.12990452786883,215.08688069826232,4,stop_loss,alpaca_personal_api,-1.120381888524662,0.17221596181104815,0.172215973014886,0.0,0.02,0.01,0.0,0.03,0.03,0.0,-1.494813823350596,-0.0011679070020098603
stable,2026-05-01 09:38:00-04:00,2026-05-01 09:39:00-04:00,2026-05-01 09:39:00-04:00,-0.003371176441425816,201.05,201.0902120105,201.492392434521,201.45209597095806,4,take_profit,alpaca_personal_api,1.7695697380839874,0.16101695697375362,0.16101693927805627,0.0,0.02,0.01,0.0,0.03,0.03,0.0,1.4175358418321775,0.0009843987709929891
stable,2026-05-01 09:45:00-04:00,2026-05-01 09:46:00-04:00,2026-05-01 09:46:00-04:00,-0.0032167070817044063,201.45,201.49029201449997,201.18805657647823,201.1478209770435,4,stop_loss,alpaca_personal_api,-1.0477736940870273,0.16105522263057992,0.16105523310829994,0.0,0.02,0.01,0.0,0.03,0.03,0.0,-1.3998841498259071,-0.0008032486947208151
stable,2026-05-01 09:47:00-04:00,2026-05-01 09:48:00-04:00,2026-05-01 09:49:00-04:00,-0.008863580094082613,200.18,200.2200380018,199.9197079447973,199.87972600240542,4,stop_loss,alpaca_personal_api,-1.041168220810846,0.16003988317788753,0.1600398935895555,0.0,0.02,0.01,0.0,0.03,0.03,0.0,-1.391247997578289,-0.0006103097694218906
stable,2026-05-01 09:51:00-04:00,2026-05-01 09:52:00-04:00,2026-05-01 09:54:00-04:00,-0.004890219560878317,199.41,199.4498839941,199.15070916810885,199.11088101778233,5,stop_loss,alpaca_personal_api,-1.2964541594557488,0.19928035458391946,0.19928036754862433,0.0,0.03,0.01,0.0,0.04,0.04,0.0,-1.7350148815882926,0.0008337800011912755
stable,2026-05-01 10:04:00-04:00,2026-05-01 10:05:00-04:00,2026-05-01 10:05:00-04:00,-0.0038455775857763053,199.47,199.5098959947,199.21063115070797,199.17079101658413,5,stop_loss,alpaca_personal_api,-1.2968442464601537,0.1993403155753981,0.1993403285437978,0.0,0.03,0.01,0.0,0.04,0.04,0.0,-1.7355248905793497,0.000519118388656592
stable,2026-05-01 10:16:00-04:00,2026-05-01 10:17:00-04:00,2026-05-01 10:21:00-04:00,-0.0020012007204323057,199.48,199.51989799479998,199.58,199.5400859958,5,max_holding,alpaca_personal_api,0.5000000000001137,0.19953000000000998,0.19952999499992075,0.0,0.03,0.01,0.0,0.04,0.04,0.0,0.06094000500018296,-0.00010380674150645142
stable,2026-05-01 10:25:00-04:00,2026-05-01 10:26:00-04:00,2026-05-01 10:28:00-04:00,-0.002655975945878186,199.03,199.0698079903,199.4679476062806,199.42805601143883,5,take_profit,alpaca_personal_api,2.18973803140301,0.1992489738030656,0.1992489519058438,0.0,0.03,0.01,0.0,0.04,0.04,0.0,1.7512401056941007,0.00010380982040913977
stable,2026-05-01 10:29:00-04:00,2026-05-01 10:30:00-04:00,2026-05-01 10:30:00-04:00,-0.002255412991178929,199.07,199.10981599069999,198.81115126671395,198.77139102457213,5,stop_loss,alpaca_personal_api,-1.2942436664302193,0.198940575633344,0.19894058857573782,0.0,0.03,0.01,0.0,0.04,0.04,0.0,-1.7321248306393011,-0.00042999911034657945
stable,2026-05-01 10:58:00-04:00,2026-05-01 10:59:00-04:00,2026-05-01 11:01:00-04:00,-0.0020037068576868045,199.23,199.2698479923,198.97094322031154,198.9311510213769,5,stop_loss,alpaca_personal_api,-1.29528389844225,0.19910047161019406,0.1991004845629618,0.0,0.03,0.01,0.0,0.04,0.04,0.0,-1.7334848546154058,-0.0003714048015213134
stable,2026-05-01 11:24:00-04:00,2026-05-01 11:25:00-04:00,2026-05-01 11:27:00-04:00,-0.0020068231988762397,198.91,198.94978398909998,198.65135931311636,198.61163102776734,5,stop_loss,alpaca_personal_api,-1.2932034344181886,0.19878067965649393,0.19878069258851383,0.0,0.03,0.01,0.0,0.04,0.04,0.0,-1.7307648066631964,0.00037110157792397125
stable,2026-05-01 11:28:00-04:00,2026-05-01 11:29:00-04:00,2026-05-01 11:30:00-04:00,-0.004263215969505407,198.53,198.5697079853,198.9668474012706,198.9270560214588,5,take_profit,alpaca_personal_api,2.184237006352987,0.19874842370072088,0.19874840185821085,0.0,0.03,0.01,0.0,0.04,0.04,0.0,1.7467401807940552,-0.0005340770851257615
stable,2026-05-01 11:35:00-04:00,2026-05-01 11:36:00-04:00,2026-05-01 11:37:00-04:00,-0.002010353319595981,198.58,198.6197179858,199.01695742177162,198.97715602045685,5,take_profit,alpaca_personal_api,2.184787108858046,0.19879847871081324,0.1987984568630452,0.0,0.03,0.01,0.0,0.04,0.04,0.0,1.7471901732841877,-0.00020767507750729663
stable,2026-05-01 12:29:00-04:00,2026-05-01 12:30:00-04:00,2026-05-01 12:34:00-04:00,-0.002613853423142687,198.41,198.44968398409998,198.59,198.5502839859,5,max_holding,alpaca_personal_api,0.9000000000000341,0.19849999999991041,0.19849999100003402,0.0,0.03,0.01,0.0,0.04,0.04,0.0,0.4630000090000897,-0.0005937713386574561
stable,2026-05-01 13:26:00-04:00,2026-05-01 13:27:00-04:00,2026-05-01 13:31:00-04:00,-0.002400600150037513,199.46,199.4998939946,199.55,199.5100919955,5,max_holding,alpaca_personal_api,0.45000000000001705,0.1995050000000731,0.19950499549992173,0.0,0.03,0.01,0.0,0.04,0.04,0.0,0.010990004500022223,-0.0003410135515820034
stable,2026-05-01 14:05:00-04:00,2026-05-01 14:06:00-04:00,2026-05-01 14:10:00-04:00,-0.002657041159071505,198.94,198.9797899894,199.37774956937878,199.3378760132424,5,take_profit,alpaca_personal_api,2.1887478468939037,0.19915887478461514,0.1991588528971988,0.0,0.03,0.01,0.0,0.04,0.04,0.0,1.7504301192120897,-0.0008746182810045466
stable,2026-05-01 14:37:00-04:00,2026-05-01 14:38:00-04:00,2026-05-01 14:42:00-04:00,-0.002161673034385525,198.49,198.5296999849,198.44,198.4003139844,5,max_holding,alpaca_personal_api,-0.25000000000005684,0.19846499999999878,0.19846500249997234,0.0,0.03,0.01,0.0,0.04,0.04,0.0,-0.686930002500028,-0.000786630254096421
stable,2026-05-01 15:47:00-04:00,2026-05-01 15:48:00-04:00,2026-05-01 15:50:00-04:00,-0.002306573735145201,198.97,199.0097959897,198.71128129571545,198.67154102656912,5,stop_loss,alpaca_personal_api,-1.2935935214227356,0.19884064064783047,0.1988406535838294,0.0,0.03,0.01,0.0,0.04,0.04,0.0,-1.7312748156543956,-0.00019285544742464467
stable,2026-05-01 15:51:00-04:00,2026-05-01 15:52:00-04:00,2026-05-01 15:55:00-04:00,-0.002910039636746853,198.74,198.77974998739998,198.4815803624189,198.44188603116223,5,stop_loss,alpaca_personal_api,-1.292098187905566,0.19861079018113514,0.19861080310207058,0.0,0.03,0.01,0.0,0.04,0.04,0.0,-1.7293197811887717,-0.0003708703585574291
stable,2026-05-04 09:46:00-04:00,2026-05-04 09:47:00-04:00,2026-05-04 09:47:00-04:00,-0.007750012419891705,199.73,199.7699479973,199.47029307530406,199.43040101139192,5,stop_loss,alpaca_personal_api,-1.298534623479668,0.1996001465376196,0.1996001595230723,0.0,0.03,0.01,0.0,0.04,0.04,0.0,-1.73773492954036,0.00019277823088903467
stable,2026-05-04 09:48:00-04:00,2026-05-04 09:49:00-04:00,2026-05-04 09:49:00-04:00,-0.0049902689754978136,199.39,199.4298799939,199.13073517390916,199.09091101818174,5,stop_loss,alpaca_personal_api,-1.2963241304541384,0.19926036758690202,0.1992603805501858,0.0,0.03,0.01,0.0,0.04,0.04,0.0,-1.7348448785912263,0.0005785234301989295
stable,2026-05-04 09:50:00-04:00,2026-05-04 09:51:00-04:00,2026-05-04 09:51:00-04:00,-0.004546362909672252,199.27,199.3098559927,199.01089120871094,198.97109102057811,5,stop_loss,alpaca_personal_api,-1.2955439564453286,0.19914044560437105,0.19914045855969675,0.0,0.03,0.01,0.0,0.04,0.04,0.0,-1.7338248606093964,-5.930494603245684e-05
stable,2026-05-04 09:52:00-04:00,2026-05-04 09:53:00-04:00,2026-05-04 09:53:00-04:00,-0.002406256266292317,199.01,199.0498039901,198.75122928411486,198.71148102577035,5,stop_loss,alpaca_personal_api,-1.2938535794256723,0.19888061464200746,0.19888062758056435,0.0,0.03,0.01,0.0,0.04,0.04,0.0,-1.731614821648244,-0.00034094783498128667
stable,2026-05-04 09:54:00-04:00,2026-05-04 09:55:00-04:00,2026-05-04 09:55:00-04:00,-0.0036168182046516506,198.36,198.3996739836,198.1020744726246,198.06245603875084,5,stop_loss,alpaca_personal_api,-1.2896276368770998,0.19823103723624058,0.19823105013244913,0.0,0.03,0.01,0.0,0.04,0.04,0.0,-1.7260897242457895,8.898776418231336e-05
stable,2026-05-04 09:56:00-04:00,2026-05-04 09:57:00-04:00,2026-05-04 09:57:00-04:00,-0.006073992269464479,198.02,198.05960598020002,197.76251657122972,197.72296604554063,5,stop_loss,alpaca_personal_api,-1.2874171438514281,0.19789125828566512,0.19789127115984684,0.0,0.03,0.01,0.0,0.04,0.04,0.0,-1.7231996732969401,-0.0004446947911416199
stable,2026-05-04 10:05:00-04:00,2026-05-04 10:06:00-04:00,2026-05-04 10:07:00-04:00,-0.0045289855072464524,197.82,197.85956597819998,198.2552851101564,198.21563603568723,5,take_profit,alpaca_personal_api,2.1764255507819996,0.19803764255499345,0.19803762079078524,0.0,0.03,0.01,0.0,0.04,0.04,0.0,1.7403502874362209,-0.00045940899256047274
stable,2026-05-04 10:09:00-04:00,2026-05-04 10:10:00-04:00,2026-05-04 10:10:00-04:00,-0.002321356479612513,197.72,197.7595459772,198.1550650691544,198.1154360376912,5,take_profit,alpaca_personal_api,2.1753253457720234,0.1979375325345245,0.19793751078140076,0.0,0.03,0.01,0.0,0.04,0.04,0.0,1.739450302456098,-0.0005783775767462807
stable,2026-05-04 10:17:00-04:00,2026-05-04 10:18:00-04:00,2026-05-04 10:20:00-04:00,-0.002770362161889972,197.99,198.0295999799,197.73255557993016,197.69301104613973,5,stop_loss,alpaca_personal_api,-1.2872221003492257,0.19786127778999685,0.19786129066218905,0.0,0.03,0.01,0.0,0.04,0.04,0.0,-1.7229446688014116,-0.00032588247492926214
stable,2026-05-04 10:21:00-04:00,2026-05-04 10:22:00-04:00,2026-05-04 10:24:00-04:00,-0.00362592536636952,197.86,197.89957397860002,197.60272461763213,197.56320604873588,5,stop_loss,alpaca_personal_api,-1.2863769118393975,0.19773136230881505,0.19773137517248074,0.0,0.03,0.01,0.0,0.04,0.04,0.0,-1.7218396493206933,0.00020740126218488086
stable,2026-05-04 10:29:00-04:00,2026-05-04 10:30:00-04:00,2026-05-04 10:31:00-04:00,-0.003336535058894863,197.15,197.1894319715,197.583810835443,197.54429604911402,5,take_profit,alpaca_personal_api,2.1690541772149174,0.19736690541762414,0.19736688372717026,0.0,0.03,0.01,0.0,0.04,0.04,0.0,1.734320388070123,-0.0009038376055712227
stable,2026-05-04 11:14:00-04:00,2026-05-04 11:15:00-04:00,2026-05-04 11:17:00-04:00,-0.003494909588208417,196.73,196.7693479673,196.47419394534907,196.43490107130194,5,stop_loss,alpaca_personal_api,-1.279030273254591,0.1966020969727822,0.19660210976297776,0.0,0.03,0.01,0.0,0.04,0.04,0.0,-1.712234479990351,-0.0009635625129711389
stable,2026-05-04 11:57:00-04:00,2026-05-04 11:58:00-04:00,2026-05-04 12:01:00-04:00,-0.0021948854065643175,195.49,195.5290999549,195.23580630496767,195.19676109606473,5,stop_loss,alpaca_personal_api,-1.270968475161709,0.19536290315258498,0.1953629158620629,0.0,0.03,0.01,0.0,0.04,0.04,0.0,-1.7016942941763569,0.00023849272597176174
stable,2026-05-04 14:15:00-04:00,2026-05-04 14:16:00-04:00,2026-05-04 14:20:00-04:00,-0.0020627892936204706,198.35,198.3896719835,198.28,198.24034598280002,5,max_holding,alpaca_personal_api,-0.3499999999999659,0.19831499999995117,0.19831500349994258,0.0,0.03,0.01,0.0,0.04,0.04,0.0,-0.7866300034998597,-0.0006838826695212408
stable,2026-05-04 14:25:00-04:00,2026-05-04 14:26:00-04:00,2026-05-04 14:30:00-04:00,-0.0024208190437764454,197.79,197.82955997789998,197.89,197.85042397889998,5,max_holding,alpaca_personal_api,0.4999999999999716,0.19784000000001356,0.19783999499992433,0.0,0.03,0.01,0.0,0.04,0.04,0.0,0.06432000500003368,-0.0008630952380952461
stable,2026-05-05 09:57:00-04:00,2026-05-05 09:58:00-04:00,2026-05-05 09:59:00-04:00,-0.0045591182364729255,198.67,198.7097359867,198.41167138271996,198.37199103256012,5,stop_loss,alpaca_personal_api,-1.2916430864001427,0.198540835691432,0.19854084860781995,0.0,0.03,0.01,0.0,0.04,0.04,0.0,-1.7287247706993947,-0.0005148194454659416
stable,2026-05-05 10:00:00-04:00,2026-05-05 10:01:00-04:00,2026-05-05 10:01:00-04:00,-0.006171600602107419,198.09,198.1296199809,198.5258792208618,198.48617603027643,5,take_profit,alpaca_personal_api,2.179396104309035,0.19830793961048698,0.19830791781643597,0.0,0.03,0.01,0.0,0.04,0.04,0.0,1.7427802468821119,-7.360734895767163e-05
stable,2026-05-05 10:13:00-04:00,2026-05-05 10:14:00-04:00,2026-05-05 10:14:00-04:00,-0.003479050068068479,197.66,197.6995339766,197.4029846756351,197.36350605272983,5,stop_loss,alpaca_personal_api,-1.2850766218244303,0.197531492337788,0.19753150518866391,0.0,0.03,0.01,0.0,0.04,0.04,0.0,-1.7201396193508822,-0.0009268658692678233
stable,2026-05-05 10:16:00-04:00,2026-05-05 10:17:00-04:00,2026-05-05 10:18:00-04:00,-0.002169087974172701,197.8,197.839561978,197.542802635033,197.50329604993405,5,stop_loss,alpaca_personal_api,-1.2859868248349926,0.1976714013174785,0.19767141417730727,0.0,0.03,0.01,0.0,0.04,0.04,0.0,-1.7213296403297784,-0.0008387533476559295
stable,2026-05-05 10:30:00-04:00,2026-05-05 10:31:00-04:00,2026-05-05 10:35:00-04:00,-0.002516736296370836,198.14,198.17962998139998,198.2,198.16036198199998,5,max_holding,alpaca_personal_api,0.30000000000001137,0.19817000000003304,0.1981699969999795,0.0,0.03,0.01,0.0,0.04,0.04,0.0,-0.13633999700000118,0.00022043587520381713
stable,2026-05-05 10:38:00-04:00,2026-05-05 10:39:00-04:00,2026-05-05 10:39:00-04:00,-0.0026257321753180296,197.46,197.4994939746,197.20324473363812,197.16380605672384,5,stop_loss,alpaca_personal_api,-1.283776331809463,0.19733162236676094,0.19733163520456287,0.0,0.03,0.01,0.0,0.04,0.04,0.0,-1.718439589380787,-0.0007642900186662915
stable,2026-05-05 10:41:00-04:00,2026-05-05 10:42:00-04:00,2026-05-05 10:42:00-04:00,-0.0027793218454695845,197.34,197.3794699734,197.08340076843993,197.04398605912024,5,stop_loss,alpaca_personal_api,-1.282996157800369,0.19721170038422997,0.19721171321421593,0.0,0.03,0.01,0.0,0.04,0.04,0.0,-1.717419571398815,-0.000676072898294966
stable,2026-05-05 10:44:00-04:00,2026-05-05 10:45:00-04:00,2026-05-05 10:46:00-04:00,-0.0020279862096937995,196.84,196.8793699684,197.2731287083368,197.2336760553264,5,take_profit,alpaca_personal_api,2.165643541683977,0.19705656435405672,0.197056542697851,0.0,0.03,0.01,0.0,0.04,0.04,0.0,1.7315304346320692,-0.00025009194556813164
stable,2026-05-05 10:54:00-04:00,2026-05-05 10:55:00-04:00,2026-05-05 10:56:00-04:00,-0.002128522197445748,196.92,196.95938596919999,196.6639468902462,196.62461606750762,5,stop_loss,alpaca_personal_api,-1.2802655487689663,0.1967919734450163,0.19679198624785954,0.0,0.03,0.01,0.0,0.04,0.04,0.0,-1.7138495084618421,0.00023532872481246692
stable,2026-05-05 11:17:00-04:00,2026-05-05 11:18:00-04:00,2026-05-05 11:20:00-04:00,-0.0031876138433515333,197.02,197.0594059702,196.76381686124472,196.72446606551065,5,stop_loss,alpaca_personal_api,-1.2809156937764499,0.19689190843052984,0.19689192123976795,0.0,0.03,0.01,0.0,0.04,0.04,0.0,-1.7146995234467477,-0.00016161259990599142
stable,2026-05-05 11:28:00-04:00,2026-05-05 11:29:00-04:00,2026-05-05 11:29:00-04:00,-0.003041054232133966,196.71,196.7493439671,196.45421995114935,196.41493107170135,5,stop_loss,alpaca_personal_api,-1.2789002442532649,0.19658210997548053,0.19658212276453924,0.0,0.03,0.01,0.0,0.04,0.04,0.0,-1.7120644769932847,-0.00042604454369155054
stable,2026-05-05 12:28:00-04:00,2026-05-05 12:29:00-04:00,2026-05-05 12:33:00-04:00,-0.0020208143881984553,197.54,197.5795099754,197.7,197.66046197699998,5,max_holding,alpaca_personal_api,0.799999999999983,0.19762000000000057,0.1976199919999999,0.0,0.03,0.01,0.0,0.04,0.04,0.0,0.3647600079999825,-0.0009986928872504075
stable,2026-05-05 12:40:00-04:00,2026-05-05 12:41:00-04:00,2026-05-05 12:45:00-04:00,-0.0022259321090706274,197.23,197.2694479723,197.45,197.4105119745,5,max_holding,alpaca_personal_api,1.0999999999999943,0.19733999999999696,0.19733998899994276,0.0,0.03,0.01,0.0,0.04,0.04,0.0,0.6653200110000546,-0.0008378040714338564
stable,2026-05-05 14:51:00-04:00,2026-05-05 14:52:00-04:00,2026-05-05 14:53:00-04:00,-0.0024840312278210375,196.77,196.80935596770001,196.51414193374848,196.47484107050317,5,stop_loss,alpaca_personal_api,-1.2792903312576698,0.19664207096681707,0.1966420837597127,0.0,0.03,0.01,0.0,0.04,0.04,0.0,-1.7125744859841996,-0.0001907053162774064
stable,2026-05-05 14:54:00-04:00,2026-05-05 14:55:00-04:00,2026-05-05 14:59:00-04:00,-0.003452127119504378,196.27,196.3092559627,196.5,196.46070196500003,5,max_holding,alpaca_personal_api,1.1499999999999488,0.19638499999985015,0.1963849885000002,0.0,0.03,0.01,0.0,0.04,0.04,0.0,0.7172300115000985,-0.0004694215845912897
stable,2026-05-05 15:16:00-04:00,2026-05-05 15:17:00-04:00,2026-05-05 15:21:00-04:00,-0.0022383883603804833,196.14,196.17922996139998,196.36,196.32072996360003,5,max_holding,alpaca_personal_api,1.1000000000001364,0.19624999999990678,0.19624998899999468,0.0,0.03,0.01,0.0,0.04,0.04,0.0,0.6675000110002349,-0.000513226582204318
stable,2026-05-05 15:30:00-04:00,2026-05-05 15:31:00-04:00,2026-05-05 15:35:00-04:00,-0.0020866201842332233,196.08,196.11921796080003,195.82503913385884,195.78587608428245,5,stop_loss,alpaca_personal_api,-1.2748043307058765,0.19595251956701532,0.19595253231500465,0.0,0.03,0.01,0.0,0.04,0.04,0.0,-1.7067093825878965,-0.0003373819163292602
stable,2026-05-06 09:37:00-04:00,2026-05-06 09:38:00-04:00,2026-05-06 09:38:00-04:00,-0.006219214886312718,199.73,199.7699479973,199.47029307530406,199.43040101139192,5,stop_loss,alpaca_personal_api,-1.298534623479668,0.1996001465376196,0.1996001595230723,0.0,0.03,0.01,0.0,0.04,0.04,0.0,-1.73773492954036,-0.00034897416137147363
stable,2026-05-06 09:39:00-04:00,2026-05-06 09:40:00-04:00,2026-05-06 09:40:00-04:00,-0.003482413810258156,200.31,200.3500640031,200.04953890709535,200.00953099980933,4,stop_loss,alpaca_personal_api,-1.0418443716185948,0.16014381556283297,0.16014382598120847,0.0,0.02,0.01,0.0,0.03,0.03,0.0,-1.3921320131626362,-0.0005665887001874426
stable,2026-05-06 10:15:00-04:00,2026-05-06 10:16:00-04:00,2026-05-06 10:16:00-04:00,-0.0034131356965235726,204.39,204.4308800439,204.8397418039878,204.79877590402444,4,take_profit,alpaca_personal_api,1.7989672159512793,0.1636918967216161,0.1636918787319246,0.0,0.02,0.01,0.0,0.03,0.03,0.0,1.4415834404977386,-0.0004207777132908541
stable,2026-05-06 10:22:00-04:00,2026-05-06 10:23:00-04:00,2026-05-06 10:23:00-04:00,-0.006320431161195406,202.86,202.9005740286,203.3063751766572,203.26571593468563,4,take_profit,alpaca_personal_api,1.7855007066287953,0.16246655007068966,0.16246653221560337,0.0,0.02,0.01,0.0,0.03,0.03,0.0,1.4305676243425023,-0.0005232329985611628
stable,2026-05-06 10:45:00-04:00,2026-05-06 10:46:00-04:00,2026-05-06 10:50:00-04:00,-0.0034141345168998694,204.33,204.37086804330002,204.77960977938662,204.73865590522686,4,take_profit,alpaca_personal_api,1.7984391175464225,0.16364384391170006,0.16364382592735183,0.0,0.02,0.01,0.0,0.03,0.03,0.0,1.4411514477073706,0.0003477756846834712
stable,2026-05-06 10:58:00-04:00,2026-05-06 10:59:00-04:00,2026-05-06 11:02:00-04:00,-0.00243890541924785,204.53,204.5709080453,204.26405168323205,204.22320091553595,4,stop_loss,alpaca_personal_api,-1.0637932670717873,0.1635176206732467,0.1635176313111515,0.0,0.02,0.01,0.0,0.03,0.03,0.0,-1.4208285190561856,-0.0005212405525150121
stable,2026-05-06 11:11:00-04:00,2026-05-06 11:12:00-04:00,2026-05-06 11:12:00-04:00,-0.00468544096832435,203.93,203.97078803929998,203.66483185724104,203.62410092751793,4,stop_loss,alpaca_personal_api,-1.060672571035866,0.16303793274278178,0.16303794334953636,0.0,0.02,0.01,0.0,0.03,0.03,0.0,-1.4167484471281842,-0.00015920340405828348
stable,2026-05-06 11:13:00-04:00,2026-05-06 11:14:00-04:00,2026-05-06 11:14:00-04:00,-0.004843918191603902,203.35,203.39067203349998,203.797453377567,203.75669592486602,4,take_profit,alpaca_personal_api,1.7898135102680044,0.16285898135095067,0.16285896345289075,0.0,0.02,0.01,0.0,0.03,0.03,0.0,1.434095565464163,-0.0005357039439393141
stable,2026-05-06 11:15:00-04:00,2026-05-06 11:16:00-04:00,2026-05-06 11:16:00-04:00,-0.0027882404735116717,203.86,203.90077403860002,203.59492287754213,203.55420592891585,4,stop_loss,alpaca_personal_api,-1.0603084898315274,0.16298196915101926,0.16298197975413586,0.0,0.02,0.01,0.0,0.03,0.03,0.0,-1.4162724387366825,-0.000173714153360649
stable,2026-05-06 11:38:00-04:00,2026-05-06 11:39:00-04:00,2026-05-06 11:39:00-04:00,-0.002083737158364074,205.94,205.98119005939998,205.6722182743109,205.63108588737822,4,stop_loss,alpaca_personal_api,-1.0711269027564185,0.1646448873096915,0.1646448980209243,0.0,0.02,0.01,0.0,0.03,0.03,0.0,-1.4304166880870344,-0.0007231390017788941
stable,2026-05-06 11:40:00-04:00,2026-05-06 11:41:00-04:00,2026-05-06 11:41:00-04:00,-0.004257377842283527,205.82,205.86116605819998,205.5523743091127,205.51126588977465,4,stop_loss,alpaca_personal_api,-1.0705027635491433,0.16454894972355305,0.16454896042864675,0.0,0.02,0.01,0.0,0.03,0.03,0.0,-1.4296006737013431,-0.00046282904252237245
stable,2026-05-06 11:42:00-04:00,2026-05-06 11:43:00-04:00,2026-05-06 11:43:00-04:00,-0.0037344197099762333,205.42,205.4610860542,205.15289442511872,205.11186589776264,4,stop_loss,alpaca_personal_api,-1.068422299525082,0.16422915777002345,0.16422916845431246,0.0,0.02,0.01,0.0,0.03,0.03,0.0,-1.426880625749418,-2.8942303517909274e-05
stable,2026-05-06 11:45:00-04:00,2026-05-06 11:46:00-04:00,2026-05-06 11:46:00-04:00,-0.002332134875133507,205.34,205.3810700534,205.0729984483199,205.03198589936022,4,stop_loss,alpaca_personal_api,-1.0680062067203835,0.16416519937934027,0.16416521005942286,0.0,0.02,0.01,0.0,0.03,0.03,0.0,-1.4263366161591466,0.00015917115239916235
stable,2026-05-06 11:48:00-04:00,2026-05-06 11:49:00-04:00,2026-05-06 11:52:00-04:00,-0.002727715538236697,204.73,204.7709480473,204.46379162522908,204.42290091154197,4,stop_loss,alpaca_personal_api,-1.0648334990836474,0.16367751665006836,0.16367752729843232,0.0,0.02,0.01,0.0,0.03,0.03,0.0,-1.4221885430321481,0.0009993771997161005
stable,2026-05-06 12:19:00-04:00,2026-05-06 12:20:00-04:00,2026-05-06 12:24:00-04:00,-0.0023854729565260246,204.91,204.9509840491,204.85,204.8090320485,4,max_holding,alpaca_personal_api,-0.2400000000000091,0.16390400000000227,0.16390400239993141,0.0,0.02,0.01,0.0,0.03,0.03,0.0,-0.5978080023999428,-0.0008815283678719199
stable,2026-05-06 12:30:00-04:00,2026-05-06 12:31:00-04:00,2026-05-06 12:35:00-04:00,-0.0020954144534867103,204.79,204.8309600479,204.9,204.859022049,4,max_holding,alpaca_personal_api,0.44000000000005457,0.16387599999995928,0.16387599560005128,0.0,0.02,0.01,0.0,0.03,0.03,0.0,0.08224800440004401,-0.00034698126301169196
stable,2026-05-06 12:37:00-04:00,2026-05-06 12:38:00-04:00,2026-05-06 12:42:00-04:00,-0.002584987562795682,204.5,204.540902045,204.82,204.77903804820002,4,max_holding,alpaca_personal_api,1.2799999999999727,0.16372799999999188,0.16372798719987713,0.0,0.02,0.01,0.0,0.03,0.03,0.0,0.9225440128001037,-0.0004627621113522107
stable,2026-05-06 12:46:00-04:00,2026-05-06 12:47:00-04:00,2026-05-06 12:51:00-04:00,-0.002492181391712256,204.15,204.1908320415,204.29,204.24914404289999,4,max_holding,alpaca_personal_api,0.5599999999999454,0.1633759999999711,0.16337599439998485,0.0,0.02,0.01,0.0,0.03,0.03,0.0,0.20324800559998948,-0.0008821657893214319
stable,2026-05-06 12:54:00-04:00,2026-05-06 12:55:00-04:00,2026-05-06 12:59:00-04:00,-0.0021531685833129366,203.93,203.97078803929998,204.37872961537857,204.3378559132428,4,take_profit,alpaca_personal_api,1.7949184615142713,0.16332349184608574,0.16332347389686674,0.0,0.02,0.01,0.0,0.03,0.03,0.0,1.4382714957713187,-0.0007382424040646152
stable,2026-05-06 13:49:00-04:00,2026-05-06 13:50:00-04:00,2026-05-06 13:54:00-04:00,-0.0025286909161640336,205.08,205.12101805080002,205.37,205.32892805370003,4,max_holding,alpaca_personal_api,1.1599999999999682,0.16417999999998756,0.16417998839995107,0.0,0.02,0.01,0.0,0.03,0.03,0.0,0.8016400116000295,-0.0004911804221262583
stable,2026-05-06 14:47:00-04:00,2026-05-06 14:48:00-04:00,2026-05-06 14:50:00-04:00,-0.0030818124909711697,207.04,207.08141007039998,206.7707879552944,206.7294358654112,4,stop_loss,alpaca_personal_api,-1.076848178822388,0.16552431518209687,0.16552432595062783,0.0,0.02,0.01,0.0,0.03,0.03,0.0,-1.4378968199551128,-0.0003461704889657913
stable,2026-05-06 14:51:00-04:00,2026-05-06 14:52:00-04:00,2026-05-06 14:56:00-04:00,-0.0027485774905969818,206.83,206.8713680683,206.92,206.8786180692,4,max_holding,alpaca_personal_api,0.35999999999989996,0.1654999999999518,0.1654999963999444,0.0,0.02,0.01,0.0,0.03,0.03,0.0,-0.0009999963999962336,-0.0004039063514272856
stable,2026-05-06 14:59:00-04:00,2026-05-06 15:00:00-04:00,2026-05-06 15:03:00-04:00,-0.003042155584528472,206.45,206.4912920645,206.90427464862898,206.862895862742,4,take_profit,alpaca_personal_api,1.8170985945159828,0.16534170985949004,0.16534169168846802,0.0,0.02,0.01,0.0,0.03,0.03,0.0,1.4564151929680247,-0.00023082360748438724
stable,2026-05-06 15:32:00-04:00,2026-05-06 15:33:00-04:00,2026-05-06 15:37:00-04:00,-0.0026024096385541817,206.95,206.99139206949997,206.96,206.91861006960002,4,max_holding,alpaca_personal_api,0.04000000000007731,0.1655639999999039,0.1655639995999536,0.0,0.02,0.01,0.0,0.03,0.03,0.0,-0.3211279995997802,-0.0006625282654720843
stable,2026-05-07 09:42:00-04:00,2026-05-07 09:43:00-04:00,2026-05-07 09:44:00-04:00,-0.0026503469545104963,207.0,207.04140207,207.45548487414,207.41399585172005,4,take_profit,alpaca_personal_api,1.8219394965600486,0.1657821939496671,0.16578217573021448,0.0,0.02,0.01,0.0,0.03,0.03,0.0,1.460375126880167,-0.00010059494725955798
stable,2026-05-07 09:59:00-04:00,2026-05-07 10:00:00-04:00,2026-05-07 10:00:00-04:00,-0.003961057554643377,208.66,208.70173408659997,209.11913755477318,209.0773158184536,4,take_profit,alpaca_personal_api,1.8365502190927145,0.16711165502181302,0.1671116366563865,0.0,0.02,0.01,0.0,0.03,0.03,0.0,1.472326927414515,-0.0002153161558888783
stable,2026-05-07 10:17:00-04:00,2026-05-07 10:18:00-04:00,2026-05-07 10:18:00-04:00,-0.00296052631578958,212.15,212.1924321215,211.87414347331776,211.83177076336452,4,stop_loss,alpaca_personal_api,-1.103426106728989,0.16960965738928735,0.16960966842361813,0.0,0.02,0.01,0.0,0.03,0.03,0.0,-1.4726454325418945,0.00024358790657696971
stable,2026-05-07 10:30:00-04:00,2026-05-07 10:31:00-04:00,2026-05-07 10:31:00-04:00,-0.00215628369193277,212.84,212.8825701284,212.56324627320743,212.52073574958524,4,stop_loss,alpaca_personal_api,-1.10701490717031,0.17016129850935613,0.17016130957938458,0.0,0.02,0.01,0.0,0.03,0.03,0.0,-1.4773375152590507,-0.0005293503297709723
stable,2026-05-07 10:32:00-04:00,2026-05-07 10:33:00-04:00,2026-05-07 10:35:00-04:00,-0.005526932084309211,212.31,212.3524641231,212.7771690513462,212.73461574530762,4,take_profit,alpaca_personal_api,1.8686762053847588,0.17003486762052944,0.17003484893371024,0.0,0.02,0.01,0.0,0.03,0.03,0.0,1.498606488830519,-0.0003004678713995901
stable,2026-05-07 10:44:00-04:00,2026-05-07 10:45:00-04:00,2026-05-07 10:45:00-04:00,-0.004024144869215318,212.86,212.9025741286,213.32837927685722,213.28571573428565,4,take_profit,alpaca_personal_api,1.8735171074288246,0.1704753517107065,0.17047533297557038,0.0,0.02,0.01,0.0,0.03,0.03,0.0,1.5025664227425477,-0.00017155110793420913
stable,2026-05-07 10:49:00-04:00,2026-05-07 10:50:00-04:00,2026-05-07 10:50:00-04:00,-0.0022081277895231732,212.42,212.46248612419998,212.1437923950137,212.10136575797262,4,stop_loss,alpaca_personal_api,-1.1048304199451877,0.1698255169579852,0.16982552800629946,0.0,0.02,0.01,0.0,0.03,0.03,0.0,-1.4744814649094724,-0.000614830278246381
stable,2026-05-07 10:51:00-04:00,2026-05-07 10:52:00-04:00,2026-05-07 10:54:00-04:00,-0.0022066763697826675,212.52,212.5625061252,212.9876311374504,212.94503574109922,4,take_profit,alpaca_personal_api,1.8705245498015302,0.17020305245500822,0.17020303374965806,0.0,0.02,0.01,0.0,0.03,0.03,0.0,1.5001184635968638,-0.00034300414463339646
stable,2026-05-07 11:00:00-04:00,2026-05-07 11:01:00-04:00,2026-05-07 11:02:00-04:00,-0.0038937887033213547,212.32,212.3624661232,212.78719105544639,212.74463574510722,4,take_profit,alpaca_personal_api,1.8687642217855682,0.17004287642214422,0.1700428577345292,0.0,0.02,0.01,0.0,0.03,0.03,0.0,1.4986784876288948,-0.0009137766101743328
stable,2026-05-07 11:08:00-04:00,2026-05-07 11:09:00-04:00,2026-05-07 11:10:00-04:00,-0.0024487873793265225,211.85,211.8923721185,211.57453356032227,211.53222076935552,4,stop_loss,alpaca_personal_api,-1.1018657587109146,0.16936981342416857,0.16936982444281057,0.0,0.02,0.01,0.0,0.03,0.03,0.0,-1.4706053965778938,-0.0009150177284685812
stable,2026-05-07 11:11:00-04:00,2026-05-07 11:12:00-04:00,2026-05-07 11:13:00-04:00,-0.002457002457002422,211.13,211.17222811129997,210.85546976913304,210.81330078373392,4,stop_loss,alpaca_personal_api,-1.0981209234678317,0.16879418790756517,0.1687941988888042,0.0,0.02,0.01,0.0,0.03,0.03,0.0,-1.4657093102642011,0.0005871570143782812
stable,2026-05-07 11:14:00-04:00,2026-05-07 11:15:00-04:00,2026-05-07 11:15:00-04:00,-0.007028301886792487,210.49,210.53210010490002,210.95316430510982,210.91097578178045,4,take_profit,alpaca_personal_api,1.852657220439255,0.1685772657220923,0.16857724719545786,0.0,0.02,0.01,0.0,0.03,0.03,0.0,1.4855027075217049,-0.0007153178157055518
stable,2026-05-07 12:03:00-04:00,2026-05-07 12:04:00-04:00,2026-05-07 12:05:00-04:00,-0.002679452827527795,212.17,212.2124361217,211.89411746751745,211.85174076296514,4,stop_loss,alpaca_personal_api,-1.1035301299301636,0.169625646987015,0.16962565802225527,0.0,0.02,0.01,0.0,0.03,0.03,0.0,-1.472781434939434,-0.0003732093130077718
stable,2026-05-07 12:06:00-04:00,2026-05-07 12:07:00-04:00,2026-05-07 12:07:00-04:00,-0.0037199227762866327,211.59,211.6323201159,211.31487163572615,211.27261077454773,4,stop_loss,alpaca_personal_api,-1.100513457095417,0.1691619486542777,0.16916195965939096,0.0,0.02,0.01,0.0,0.03,0.03,0.0,-1.4688373654090856,-0.0009340019829580104
stable,2026-05-07 12:46:00-04:00,2026-05-07 12:47:00-04:00,2026-05-07 12:51:00-04:00,-0.002956219792595527,212.47,212.5124961247,212.19372738051297,212.15129075697413,4,stop_loss,alpaca_personal_api,-1.1050904779481243,0.16986549095213377,0.16986550200317652,0.0,0.02,0.01,0.0,0.03,0.03,0.0,-1.4748214709034346,-0.0008339084426040033
stable,2026-05-07 12:58:00-04:00,2026-05-07 12:59:00-04:00,2026-05-07 13:03:00-04:00,-0.0024478651791178807,211.91,211.95238411909997,211.99,211.9476041199,4,max_holding,alpaca_personal_api,0.32000000000005,0.1695599999999331,0.16955999679998968,0.0,0.02,0.01,0.0,0.03,0.03,0.0,-0.04911999679987275,-0.0007628204205586409
stable,2026-05-07 13:07:00-04:00,2026-05-07 13:08:00-04:00,2026-05-07 13:11:00-04:00,-0.0020723436322531708,211.86,211.90237411860002,211.58452055742214,211.54220576915586,4,stop_loss,alpaca_personal_api,-1.101917770311502,0.16937780822297555,0.16937781924218598,0.0,0.02,0.01,0.0,0.03,0.03,0.0,-1.4706733977766635,-8.637940714939507e-05
stable,2026-05-07 13:52:00-04:00,2026-05-07 13:53:00-04:00,2026-05-07 13:56:00-04:00,-0.002498585706204093,211.61,211.6523241161,211.33484562992587,211.29258077414835,4,stop_loss,alpaca_personal_api,-1.1006174802965916,0.16917793825200533,0.1691779492580281,0.0,0.02,0.01,0.0,0.03,0.03,0.0,-1.468973367806625,-0.000981056944584613
stable,2026-05-07 14:11:00-04:00,2026-05-07 14:12:00-04:00,2026-05-07 14:16:00-04:00,-0.0025377132384040157,212.26,212.30245412259998,212.72705903084517,212.68451574630961,4,take_profit,alpaca_personal_api,1.8682361233807114,0.16999482361222817,0.16999480492995644,0.0,0.02,0.01,0.0,0.03,0.03,0.0,1.4982464948385268,-0.0009068532193289291
stable,2026-05-07 14:51:00-04:00,2026-05-07 14:52:00-04:00,2026-05-07 14:56:00-04:00,-0.002401242996374564,211.85,211.8923721185,212.19,212.1475641219,4,max_holding,alpaca_personal_api,1.3600000000000136,0.16961600000001908,0.16961598640000375,0.0,0.02,0.01,0.0,0.03,0.03,0.0,0.9907680135999908,-0.0005917757602876828
stable,2026-05-07 15:24:00-04:00,2026-05-07 15:25:00-04:00,2026-05-07 15:27:00-04:00,-0.0029239766081871066,211.42,211.46228611419997,211.88521068642837,211.8428357631432,4,take_profit,alpaca_personal_api,1.8608427457135122,0.16932208427454043,0.16932206566605146,0.0,0.02,0.01,0.0,0.03,0.03,0.0,1.4921985957729202,-0.0006642311524409639
stable,2026-05-08 10:04:00-04:00,2026-05-08 10:05:00-04:00,2026-05-08 10:05:00-04:00,-0.004922708870077397,216.29,216.3332601629,216.00876027265565,215.96556068068872,4,stop_loss,alpaca_personal_api,-1.1249589093773693,0.1729195041090179,0.17291951535867156,0.0,0.02,0.01,0.0,0.03,0.03,0.0,-1.5007979288450588,0.00032644487339617
stable,2026-05-08 10:07:00-04:00,2026-05-08 10:08:00-04:00,2026-05-08 10:10:00-04:00,-0.003276419012459564,215.99,216.03320015990002,215.70915035966019,215.66601068667975,4,stop_loss,alpaca_personal_api,-1.123398561359295,0.17267966014389913,0.172679671377864,0.0,0.02,0.01,0.0,0.03,0.03,0.0,-1.498757892881058,-0.0008794825238311876
stable,2026-05-08 10:11:00-04:00,2026-05-08 10:12:00-04:00,2026-05-08 10:13:00-04:00,-0.002866654336970642,215.66,215.70313415660002,216.1345404249132,216.09131567817363,4,take_profit,alpaca_personal_api,1.89816169965286,0.1727178161700067,0.17271779718839753,0.0,0.02,0.01,0.0,0.03,0.03,0.0,1.5227260862944558,-0.0005534898243024777
stable,2026-05-08 10:17:00-04:00,2026-05-08 10:18:00-04:00,2026-05-08 10:19:00-04:00,-0.003658084830524211,215.17,215.21303615169998,215.64346222400337,215.6003356879932,4,take_profit,alpaca_personal_api,1.8938488960135373,0.17232538488951832,0.17232536595111014,0.0,0.02,0.01,0.0,0.03,0.03,0.0,1.5191981451729089,1.419829336524181e-05
stable,2026-05-08 10:33:00-04:00,2026-05-08 10:34:00-04:00,2026-05-08 10:34:00-04:00,-0.0032455489614243715,214.97,215.0129961497,214.69047665547546,214.64754070704916,4,stop_loss,alpaca_personal_api,-1.1180933780981377,0.17186419066217695,0.17186420184305007,0.0,0.02,0.01,0.0,0.03,0.03,0.0,-1.4918217706033647,-0.0009359179795517258
stable,2026-05-08 10:35:00-04:00,2026-05-08 10:36:00-04:00,2026-05-08 10:38:00-04:00,-0.0025131474845254687,214.31,214.3528641431,214.78156987138618,214.7386157052276,4,take_profit,alpaca_personal_api,1.8862794855447191,0.17163662794860102,0.1716366090856809,0.0,0.02,0.01,0.0,0.03,0.03,0.0,1.5130062485104372,4.261242578329494e-05
stable,2026-05-08 11:16:00-04:00,2026-05-08 11:17:00-04:00,2026-05-08 11:17:00-04:00,-0.002312994402553503,215.68,215.72313815680002,215.39955344956482,215.35647569287045,4,stop_loss,alpaca_personal_api,-1.121786201740747,0.17243182137985968,0.17243183259768102,0.0,0.02,0.01,0.0,0.03,0.03,0.0,-1.4966498557182877,-0.000778871344615073
stable,2026-05-08 11:18:00-04:00,2026-05-08 11:19:00-04:00,2026-05-08 11:23:00-04:00,-0.003608271267983576,215.38,215.4230781538,215.8539243101076,215.81075568378483,4,take_profit,alpaca_personal_api,1.8956972404304224,0.1724935697239971,0.17249355076705797,0.0,0.02,0.01,0.0,0.03,0.03,0.0,1.5207101199393673,-0.0005668371901880187
stable,2026-05-08 11:41:00-04:00,2026-05-08 11:42:00-04:00,2026-05-08 11:45:00-04:00,-0.003043578510491085,216.19,216.23324016189997,215.90889030165712,215.8657106826857,4,stop_loss,alpaca_personal_api,-1.124438793371496,0.17283955612060709,0.17283956736503114,0.0,0.02,0.01,0.0,0.03,0.03,0.0,-1.5001179168571344,-0.0006221895415593481
stable,2026-05-08 11:55:00-04:00,2026-05-08 11:56:00-04:00,2026-05-08 11:59:00-04:00,-0.002267888549477015,215.55,215.59311215550002,215.2697224872668,215.22667069546657,4,stop_loss,alpaca_personal_api,-1.1211100509328844,0.17232788899491425,0.17232790020602806,0.0,0.02,0.01,0.0,0.03,0.03,0.0,-1.4957658401338267,-0.00031122679945683185
stable,2026-05-08 12:07:00-04:00,2026-05-08 12:08:00-04:00,2026-05-08 12:12:00-04:00,-0.002365272238196825,215.11,215.15302415110003,215.11,215.0669801511,4,max_holding,alpaca_personal_api,0.0,0.17208800000003066,0.17208800000003066,0.0,0.02,0.01,0.0,0.03,0.03,0.0,-0.37417600000006135,-2.829734853837529e-05
stable,2026-05-08 12:54:00-04:00,2026-05-08 12:55:00-04:00,2026-05-08 12:59:00-04:00,-0.002181784421130817,214.94,214.9829901494,215.01,214.9670001501,4,max_holding,alpaca_personal_api,0.2799999999999727,0.17197999999996227,0.17197999719996915,0.0,0.02,0.01,0.0,0.03,0.03,0.0,-0.0939599971999587,-8.477090662473152e-05
stable,2026-05-08 13:26:00-04:00,2026-05-08 13:27:00-04:00,2026-05-08 13:31:00-04:00,-0.0024564330737857354,215.23,215.2730481523,215.41,215.3669201541,4,max_holding,alpaca_personal_api,0.7200000000000273,0.17225599999994756,0.17225599280004644,0.0,0.02,0.01,0.0,0.03,0.03,0.0,0.34548800720003325,1.4099400775346993e-05
stable,2026-05-08 14:10:00-04:00,2026-05-08 14:11:00-04:00,2026-05-08 14:15:00-04:00,-0.0026453798672668727,214.91,214.9529841491,214.95,214.9070121495,4,max_holding,alpaca_personal_api,0.15999999999996817,0.17194399999993948,0.1719439984000246,0.0,0.02,0.01,0.0,0.03,0.03,0.0,-0.21388799839999592,-0.0005783037364064381
stable,2026-05-11 09:58:00-04:00,2026-05-11 09:59:00-04:00,2026-05-11 09:59:00-04:00,-0.0057731958762886615,217.01,217.0534041701,216.72782406384488,216.68448066631038,4,stop_loss,alpaca_personal_api,-1.1287037446204522,0.17349512962550762,0.17349514091256424,0.0,0.02,0.01,0.0,0.03,0.03,0.0,-1.505694015158524,-0.00025341048274685196
stable,2026-05-11 10:25:00-04:00,2026-05-11 10:26:00-04:00,2026-05-11 10:28:00-04:00,-0.0022352994845126206,218.71,218.7537441871,218.42561357081937,218.38193063236133,4,stop_loss,alpaca_personal_api,-1.1375457167225704,0.1748542454283779,0.1748542568037692,0.0,0.02,0.01,0.0,0.03,0.03,0.0,-1.5172542189547176,-0.0008148470756823567
stable,2026-05-11 11:00:00-04:00,2026-05-11 11:01:00-04:00,2026-05-11 11:05:00-04:00,-0.002528787536690058,220.88,220.9241782088,220.9,220.85582220900002,4,max_holding,alpaca_personal_api,0.08000000000004093,0.17671199999995224,0.17671199919993796,0.0,0.02,0.01,0.0,0.03,0.03,0.0,-0.3034239991998493,-0.0007584908840633231
stable,2026-05-11 11:13:00-04:00,2026-05-11 11:14:00-04:00,2026-05-11 11:14:00-04:00,-0.003340254581565283,220.8,220.844162208,220.512895964688,220.468795590624,4,stop_loss,alpaca_personal_api,-1.148416141248049,0.17652515838585714,0.17652516987004674,0.0,0.02,0.01,0.0,0.03,0.03,0.0,-1.5314664695039528,-0.0005197943300272456
stable,2026-05-11 11:15:00-04:00,2026-05-11 11:16:00-04:00,2026-05-11 11:19:00-04:00,-0.0033432727929881834,220.61,220.65412420610002,221.09543245451223,221.05121557897567,4,take_profit,alpaca_personal_api,1.9417298180488842,0.17668217298182753,0.1766821535644567,0.0,0.02,0.01,0.0,0.03,0.03,0.0,1.5583654915026,-0.0007726563926780949
stable,2026-05-11 11:34:00-04:00,2026-05-11 11:35:00-04:00,2026-05-11 11:36:00-04:00,-0.002254994813511879,221.23,221.2742482123,220.94233683998155,220.89815058203695,4,stop_loss,alpaca_personal_api,-1.1506526400737584,0.17686893473592136,0.17686894624250726,0.0,0.02,0.01,0.0,0.03,0.03,0.0,-1.534390521052187,-0.00025263512470363736
stable,2026-05-11 12:22:00-04:00,2026-05-11 12:23:00-04:00,2026-05-11 12:27:00-04:00,-0.0030188339190772018,221.26,221.30425421259997,221.57,221.5256882157,4,max_holding,alpaca_personal_api,1.240000000000009,0.17713199999991502,0.17713198759997795,0.0,0.02,0.01,0.0,0.03,0.03,0.0,0.8557360124001161,-0.00036440594822628736
stable,2026-05-11 12:39:00-04:00,2026-05-11 12:40:00-04:00,2026-05-11 12:42:00-04:00,-0.002526277800333765,221.09,221.1342202109,220.80251888058365,220.75836058483273,4,stop_loss,alpaca_personal_api,-1.1499244776654223,0.17675700755216894,0.1767570190514789,0.0,0.02,0.01,0.0,0.03,0.03,0.0,-1.5334385042690701,-0.0009251082797190335
stable,2026-05-11 12:44:00-04:00,2026-05-11 12:45:00-04:00,2026-05-11 12:49:00-04:00,-0.00262312875944104,220.54,220.58411020539998,220.54,220.4958942054,4,max_holding,alpaca_personal_api,0.0,0.17643199999997705,0.17643199999997705,0.0,0.02,0.01,0.0,0.03,0.03,0.0,-0.38286399999995413,-0.0007996969569425971
stable,2026-05-11 13:06:00-04:00,2026-05-11 13:07:00-04:00,2026-05-11 13:10:00-04:00,-0.002401558747564425,220.15,220.19403220150002,219.8637411531978,219.81977060360455,4,stop_loss,alpaca_personal_api,-1.14503538720885,0.17600549646135732,0.17600550791166825,0.0,0.02,0.01,0.0,0.03,0.03,0.0,-1.5270463915818755,-0.0004631513943664789
stable,2026-05-11 13:12:00-04:00,2026-05-11 13:13:00-04:00,2026-05-11 13:17:00-04:00,-0.002225654069767491,219.67,219.71393619669996,219.74,219.6960541974,4,max_holding,alpaca_personal_api,0.2800000000000864,0.1757639999999583,0.17576399719996516,0.0,0.02,0.01,0.0,0.03,0.03,0.0,-0.10152799719983704,-0.0008846450888155832
stable,2026-05-11 15:15:00-04:00,2026-05-11 15:16:00-04:00,2026-05-11 15:20:00-04:00,-0.003180372557928135,219.39,219.4338801939,219.49,219.44610419490002,4,max_holding,alpaca_personal_api,0.40000000000009095,0.1755520000000388,0.1755519959999674,0.0,0.02,0.01,0.0,0.03,0.03,0.0,0.01889600400008476,-0.0008841236650434237
stable,2026-05-11 15:24:00-04:00,2026-05-11 15:25:00-04:00,2026-05-11 15:29:00-04:00,-0.0028229294722943443,219.01,219.05380419009998,218.72522348381483,218.6814806263703,4,stop_loss,alpaca_personal_api,-1.1391060647406448,0.1750940893934967,0.17509410078457677,0.0,0.02,0.01,0.0,0.03,0.03,0.0,-1.5192942549187183,-0.0007864616248858258
stable,2026-05-12 09:56:00-04:00,2026-05-12 09:57:00-04:00,2026-05-12 09:57:00-04:00,-0.0023451946060523143,221.2,221.244242212,220.912375848682,220.86819558263602,4,stop_loss,alpaca_personal_api,-1.1504966052719965,0.17684495033950043,0.17684496184438103,0.0,0.02,0.01,0.0,0.03,0.03,0.0,-1.534186517455878,-0.0008630447085453685
stable,2026-05-12 10:08:00-04:00,2026-05-12 10:09:00-04:00,2026-05-12 10:09:00-04:00,-0.0027135814752838883,220.44,220.4840902044,220.1533640690934,220.10933559781324,4,stop_loss,alpaca_personal_api,-1.146543723626337,0.17623734562755544,0.1762373570931004,0.0,0.02,0.01,0.0,0.03,0.03,0.0,-1.5290184263469928,0.0009649496239534372
stable,2026-05-12 10:10:00-04:00,2026-05-12 10:11:00-04:00,2026-05-12 10:11:00-04:00,-0.0041142960484672475,220.28,220.32405820280002,219.99357211549582,219.94957560100846,4,stop_loss,alpaca_personal_api,-1.1457115380167124,0.17610942884618908,0.1761094403033212,0.0,0.02,0.01,0.0,0.03,0.03,0.0,-1.5279304071662227,0.00032614861032320697
stable,2026-05-12 10:18:00-04:00,2026-05-12 10:19:00-04:00,2026-05-12 10:20:00-04:00,-0.0020425763696608756,219.86,219.9039741986,220.3437821469972,220.29971559400562,4,take_profit,alpaca_personal_api,1.9351285879887428,0.17608151285878648,0.1760814935074677,0.0,0.02,0.01,0.0,0.03,0.03,0.0,1.5529655816224885,0.0008071025020177647
stable,2026-05-12 10:45:00-04:00,2026-05-12 10:46:00-04:00,2026-05-12 10:48:00-04:00,-0.0023800805565725724,217.98,218.0235981798,217.6965627825303,217.65302564693943,4,stop_loss,alpaca_personal_api,-1.1337488698787865,0.17427062511296754,0.17427063645050112,0.0,0.02,0.01,0.0,0.03,0.03,0.0,-1.5122901314422552,-0.0007382169222032164
stable,2026-05-12 11:12:00-04:00,2026-05-12 11:13:00-04:00,2026-05-12 11:15:00-04:00,-0.0021592318647494224,217.2,217.243442172,216.917577008742,216.87419566251603,4,stop_loss,alpaca_personal_api,-1.1296919650319523,0.1736470308034086,0.17364704210046966,0.0,0.02,0.01,0.0,0.03,0.03,0.0,-1.5069860379358306,-0.0008256697890272058
stable,2026-05-12 11:27:00-04:00,2026-05-12 11:28:00-04:00,2026-05-12 11:28:00-04:00,-0.006143470830061504,215.2,215.243042152,214.920177588772,214.87719570245602,4,stop_loss,alpaca_personal_api,-1.1192896449119871,0.1720480710355332,0.17204808222834345,0.0,0.02,0.01,0.0,0.03,0.03,0.0,-1.4933857981758638,-0.0008142624496442208
stable,2026-05-12 12:53:00-04:00,2026-05-12 12:54:00-04:00,2026-05-12 12:56:00-04:00,-0.0035040804094240707,216.11,216.1532241611,215.82899432485837,215.78583068428335,4,stop_loss,alpaca_personal_api,-1.1240227005665702,0.1727755977299239,0.17277560897014155,0.0,0.02,0.01,0.0,0.03,0.03,0.0,-1.4995739072666356,-0.0005455929015492078
stable,2026-05-12 12:57:00-04:00,2026-05-12 12:58:00-04:00,2026-05-12 12:58:00-04:00,-0.0027716186252770836,215.85,215.8931721585,215.56933240026225,215.52622068947554,4,stop_loss,alpaca_personal_api,-1.1226703989509588,0.17256773296003303,0.17256774418683563,0.0,0.02,0.01,0.0,0.03,0.03,0.0,-1.4978058760978274,-5.7449803234410624e-05
stable,2026-05-12 12:59:00-04:00,2026-05-12 13:00:00-04:00,2026-05-12 13:02:00-04:00,-0.002728449870514238,215.67,215.7131361567,215.38956645246495,215.34649069307014,4,stop_loss,alpaca_personal_api,-1.1217341901401596,0.17242382658093902,0.1724238377983056,0.0,0.02,0.01,0.0,0.03,0.03,0.0,-1.4965818545194043,-0.00020110030595976713
stable,2026-05-12 13:27:00-04:00,2026-05-12 13:28:00-04:00,2026-05-12 13:30:00-04:00,-0.002206389335784986,217.05,217.09341217050002,217.52759899484101,217.48409565031804,4,take_profit,alpaca_personal_api,1.9103959793640115,0.1738310395978715,0.17383102049404897,0.0,0.02,0.01,0.0,0.03,0.03,0.0,1.532733919272091,-0.0009431131307068297
stable,2026-05-12 14:45:00-04:00,2026-05-12 14:46:00-04:00,2026-05-12 14:49:00-04:00,-0.0022341783695056794,218.82,218.8637661882,219.30149372057642,219.25763561484723,4,take_profit,alpaca_personal_api,1.9259748823056952,0.17524859748823474,0.17524857822854756,0.0,0.02,0.01,0.0,0.03,0.03,0.0,1.545477706588913,-0.0009546063317470432
stable,2026-05-12 15:24:00-04:00,2026-05-12 15:25:00-04:00,2026-05-12 15:29:00-04:00,-0.0024459845087648757,220.23,220.27404820229998,220.47,220.42590820470002,4,max_holding,alpaca_personal_api,0.9600000000000364,0.17627999999990607,0.17627999039996212,0.0,0.02,0.01,0.0,0.03,0.03,0.0,0.5774400096001682,-0.00021328631554995425
stable,2026-05-12 15:45:00-04:00,2026-05-12 15:46:00-04:00,2026-05-12 15:47:00-04:00,-0.003298838628044587,220.56,220.60411420559998,220.2732080342916,220.2291555954168,4,stop_loss,alpaca_personal_api,-1.1471678628336122,0.1763332832136939,0.17633329468537795,0.0,0.02,0.01,0.0,0.03,0.03,0.0,-1.529834440732684,0.00024118606795764386
stable,2026-05-12 15:48:00-04:00,2026-05-12 15:49:00-04:00,2026-05-12 15:53:00-04:00,-0.0028937016774426283,220.53,220.5741082053,221.0152564217106,220.97105558057882,4,take_profit,alpaca_personal_api,1.9410256868424085,0.17661810256868193,0.17661808315847338,0.0,0.02,0.01,0.0,0.03,0.03,0.0,1.5577895011152532,0.0006664964973481791
stable,2026-05-13 09:40:00-04:00,2026-05-13 09:41:00-04:00,2026-05-13 09:41:00-04:00,-0.0021286975032153155,225.0,225.04500225,224.707434746625,224.66249550675005,4,stop_loss,alpaca_personal_api,-1.1702610134999532,0.17988297389865693,0.17988298560123894,0.0,0.02,0.01,0.0,0.03,0.03,0.0,-1.560026972999849,0.0003674963603725878
stable,2026-05-13 09:44:00-04:00,2026-05-13 09:45:00-04:00,2026-05-13 09:45:00-04:00,-0.005541762723887178,224.32,224.3648662432,224.02831894383522,223.98351552032966,4,stop_loss,alpaca_personal_api,-1.1667242246591059,0.1793393275775088,0.17933933924473422,0.0,0.02,0.01,0.0,0.03,0.03,0.0,-1.555402891481349,0.00036766785451658457
stable,2026-05-13 09:51:00-04:00,2026-05-13 09:52:00-04:00,2026-05-13 09:52:00-04:00,-0.0036782846633471866,222.1,222.14442222099999,222.588711065442,222.544195549116,4,take_profit,alpaca_personal_api,1.9548442617680166,0.17787548442618117,0.17787546487772943,0.0,0.02,0.01,0.0,0.03,0.03,0.0,1.569093312464106,-7.08466170740163e-05
stable,2026-05-13 10:02:00-04:00,2026-05-13 10:03:00-04:00,2026-05-13 10:04:00-04:00,-0.0030815952838193494,223.22,223.2646462322,222.92974926285171,222.88516554229665,4,stop_loss,alpaca_personal_api,-1.1610029485931364,0.17845989970510345,0.17845991131514438,0.0,0.02,0.01,0.0,0.03,0.03,0.0,-1.5479227596133842,-0.00022652622041008375
stable,2026-05-13 10:31:00-04:00,2026-05-13 10:32:00-04:00,2026-05-13 10:32:00-04:00,-0.0032061272654405615,223.86,223.90477423860003,223.56891707724213,223.52420552951585,4,stop_loss,alpaca_personal_api,-1.1643316910315207,0.17897156683090998,0.17897157847426115,0.0,0.02,0.01,0.0,0.03,0.03,0.0,-1.5522748363366918,-0.000564740431179267
stable,2026-05-13 10:33:00-04:00,2026-05-13 10:34:00-04:00,2026-05-13 10:34:00-04:00,-0.00369858740697826,223.59,223.6347202359,224.08198967637182,224.03717551925644,4,take_profit,alpaca_personal_api,1.9679587054872627,0.1790687958705348,0.17906877619100214,0.0,0.02,0.01,0.0,0.03,0.03,0.0,1.5798211334257257,-0.0003953071395292884
stable,2026-05-13 11:12:00-04:00,2026-05-13 11:13:00-04:00,2026-05-13 11:16:00-04:00,-0.0022489747321075004,226.24,226.2852502624,226.73782076292483,226.69247546615046,4,take_profit,alpaca_personal_api,1.99128305169927,0.1811911283051586,0.18119110839234054,0.0,0.02,0.01,0.0,0.03,0.03,0.0,1.5989008150017707,-0.0003802816901408157
stable,2026-05-13 11:22:00-04:00,2026-05-13 11:23:00-04:00,2026-05-13 11:23:00-04:00,-0.0022929711614780857,226.27,226.31525626270002,225.97578337830598,225.93059048138815,4,stop_loss,alpaca_personal_api,-1.1768664867761345,0.18089831335134932,0.18089832511998338,0.0,0.02,0.01,0.0,0.03,0.03,0.0,-1.5686631252474672,-0.0002533605461327859
stable,2026-05-13 11:24:00-04:00,2026-05-13 11:25:00-04:00,2026-05-13 11:27:00-04:00,-0.003969479116129215,225.83,225.8751682583,225.53635550591255,225.49125049017493,4,stop_loss,alpaca_personal_api,-1.1745779763498376,0.18054654220236444,0.18054655394803376,0.0,0.02,0.01,0.0,0.03,0.03,0.0,-1.5656710725002358,-0.0004927426053411565
stable,2026-05-13 11:59:00-04:00,2026-05-13 12:00:00-04:00,2026-05-13 12:02:00-04:00,-0.0030838362923477636,226.3,226.345262263,226.797952787526,226.75259546494803,4,take_profit,alpaca_personal_api,1.9918111501038993,0.18123918111496096,0.18123916119679961,0.0,0.02,0.01,0.0,0.03,0.03,0.0,1.5993328077921387,-0.0009430908041607733
stable,2026-05-13 12:19:00-04:00,2026-05-13 12:20:00-04:00,2026-05-13 12:24:00-04:00,-0.0024626209322778925,226.83,226.8753682683,227.3291190048366,227.28365545432683,4,take_profit,alpaca_personal_api,1.9964760193463462,0.18166364760190845,0.1816636276371355,0.0,0.02,0.01,0.0,0.03,0.03,0.0,1.6031487441073022,-0.0001545768809195769
stable,2026-05-13 12:43:00-04:00,2026-05-13 12:44:00-04:00,2026-05-13 12:46:00-04:00,-0.0022871217452499204,226.84,226.8853702684,226.54504221299743,226.49973547000525,4,stop_loss,alpaca_personal_api,-1.1798311480102939,0.18135401688516595,0.18135402868358597,0.0,0.02,0.01,0.0,0.03,0.03,0.0,-1.5725391935790458,0.0
stable,2026-05-13 13:34:00-04:00,2026-05-13 13:35:00-04:00,2026-05-13 13:36:00-04:00,-0.0021174290881820212,226.21,226.25524426209998,225.91586139570683,225.87068048258632,4,stop_loss,alpaca_personal_api,-1.1765544171727242,0.1808503445581664,0.18085035632373092,0.0,0.02,0.01,0.0,0.03,0.03,0.0,-1.5682551180546216,-0.0005042016806723337
stable,2026-05-13 14:46:00-04:00,2026-05-13 14:47:00-04:00,2026-05-13 14:51:00-04:00,-0.0020270568016569346,226.45,226.4952922645,226.53,226.48469626530002,4,max_holding,alpaca_personal_api,0.32000000000005,0.18119200000001,0.1811919967999529,0.0,0.02,0.01,0.0,0.03,0.03,0.0,-0.07238399679991289,-0.0007691339551665344
stable,2026-05-13 15:01:00-04:00,2026-05-13 15:02:00-04:00,2026-05-13 15:06:00-04:00,-0.002159922419113114,226.35,226.3952722635,226.05567935510476,226.01047047979054,4,stop_loss,alpaca_personal_api,-1.1772825795809467,0.1809622717420325,0.18096228351487298,0.0,0.02,0.01,0.0,0.03,0.03,0.0,-1.5692071348378522,-0.00037800831618295394
stable,2026-05-13 15:23:00-04:00,2026-05-13 15:24:00-04:00,2026-05-13 15:28:00-04:00,-0.002337272887634523,226.23,226.2752482623,226.36,226.3147302636,4,max_holding,alpaca_personal_api,0.5200000000000955,0.1810360000000628,0.18103599480002686,0.0,0.02,0.01,0.0,0.03,0.03,0.0,0.12792800520000583,-0.00081095062988501
stable,2026-05-14 09:40:00-04:00,2026-05-14 09:41:00-04:00,2026-05-14 09:41:00-04:00,-0.0027669693039343857,230.64,230.6861303064,231.1475025670128,231.10127537797442,4,take_profit,alpaca_personal_api,2.030010268051228,0.18471500102680238,0.18471498072676695,0.0,0.02,0.01,0.0,0.03,0.03,0.0,1.6305802862976588,0.0007541794109020561
stable,2026-05-14 09:48:00-04:00,2026-05-14 09:49:00-04:00,2026-05-14 09:50:00-04:00,-0.004771935858303711,231.56,231.6063143156,231.25890484412662,231.21265537574686,4,stop_loss,alpaca_personal_api,-1.2043806234935346,0.1851275619376338,0.18512757398139001,0.0,0.02,0.01,0.0,0.03,0.03,0.0,-1.6046357594125584,0.0009899471563419304
stable,2026-05-14 09:51:00-04:00,2026-05-14 09:52:00-04:00,2026-05-14 09:52:00-04:00,-0.004947087670997163,231.29,231.3362603129,230.98925592243066,230.94306038113874,4,stop_loss,alpaca_personal_api,-1.2029763102773359,0.18491170236904964,0.18491171439870868,0.0,0.02,0.01,0.0,0.03,0.03,0.0,-1.6027997270450942,-0.0001670960105827346
stable,2026-05-14 10:07:00-04:00,2026-05-14 10:08:00-04:00,2026-05-14 10:08:00-04:00,-0.002588885053503631,231.18,231.22623831180002,230.87939895433232,230.83322538333545,4,stop_loss,alpaca_personal_api,-1.2024041826707617,0.18482375958171815,0.18482377160580654,0.0,0.02,0.01,0.0,0.03,0.03,0.0,-1.6020517138582864,-0.0008372755055051639
stable,2026-05-14 10:29:00-04:00,2026-05-14 10:30:00-04:00,2026-05-14 10:31:00-04:00,-0.0024428920413149813,232.76,232.8065543276,233.2721674362552,233.22551533548963,4,take_profit,alpaca_personal_api,2.0486697450207885,0.18641286697447867,0.18641284648776946,0.0,0.02,0.01,0.0,0.03,0.03,0.0,1.6458440315585403,-0.0002647751501554385
stable,2026-05-14 10:52:00-04:00,2026-05-14 10:53:00-04:00,2026-05-14 10:54:00-04:00,-0.0020378704254053748,235.06,235.1070143506,234.75435382907412,234.70740530585186,4,stop_loss,alpaca_personal_api,-1.2225846837035306,0.18792574153155783,0.18792575375744036,0.0,0.02,0.01,0.0,0.03,0.03,0.0,-1.6284361789925288,0.0004170837504171576
stable,2026-05-14 10:55:00-04:00,2026-05-14 10:56:00-04:00,2026-05-14 10:56:00-04:00,-0.0033559898045879555,234.61,234.6569243461,234.30493895958085,234.25808031483834,4,stop_loss,alpaca_personal_api,-1.2202441616766464,0.18756597558376598,0.18756598778622902,0.0,0.02,0.01,0.0,0.03,0.03,0.0,-1.6253761250466414,-0.0009445887566155164
stable,2026-05-14 10:58:00-04:00,2026-05-14 10:59:00-04:00,2026-05-14 10:59:00-04:00,-0.002341820659116145,234.31,234.3568643431,234.00532904658536,233.95853032082934,4,stop_loss,alpaca_personal_api,-1.218683813658572,0.1873261316185335,0.18732614380553514,0.0,0.02,0.01,0.0,0.03,0.03,0.0,-1.6233360890826407,-0.000500493542243019
stable,2026-05-14 11:05:00-04:00,2026-05-14 11:06:00-04:00,2026-05-14 11:07:00-04:00,-0.0028142589118198558,233.87,233.91677633869998,234.38460989137738,234.33773531324522,4,take_profit,alpaca_personal_api,2.0584395655095022,0.18730184395644756,0.18730182337208134,0.0,0.02,0.01,0.0,0.03,0.03,0.0,1.6538358981809733,0.0005426841995408438
stable,2026-05-14 11:46:00-04:00,2026-05-14 11:47:00-04:00,2026-05-14 11:47:00-04:00,-0.002075567604202022,235.61,235.6571243561,235.30363866956588,235.25658029486834,4,stop_loss,alpaca_personal_api,-1.2254453217365153,0.1883654554678742,0.18836546772229212,0.0,0.02,0.01,0.0,0.03,0.03,0.0,-1.6321762449266817,-0.00030536470261643966
stable,2026-05-14 11:48:00-04:00,2026-05-14 11:49:00-04:00,2026-05-14 11:52:00-04:00,-0.0030102603239210435,235.13,235.1770283513,234.82426280877308,234.77730030445397,4,stop_loss,alpaca_personal_api,-1.2229487649076418,0.18798170512354773,0.18798171735295455,0.0,0.02,0.01,0.0,0.03,0.03,0.0,-1.6289121873841441,-0.00024985078355976853
stable,2026-05-14 13:06:00-04:00,2026-05-14 13:07:00-04:00,2026-05-14 13:07:00-04:00,-0.0025471217524197787,234.94,234.9869903494,234.6345098638759,234.58758530824824,4,stop_loss,alpaca_personal_api,-1.221960544496369,0.18782980394553306,0.1878298161651628,0.0,0.02,0.01,0.0,0.03,0.03,0.0,-1.627620164607065,-0.0006803098880959757
stable,2026-05-14 13:11:00-04:00,2026-05-14 13:12:00-04:00,2026-05-14 13:12:00-04:00,-0.004000680966973147,234.01,234.0568043401,233.70571913358987,233.65898032682034,4,stop_loss,alpaca_personal_api,-1.2171234656404977,0.18708628765341473,0.18708629982472758,0.0,0.02,0.01,0.0,0.03,0.03,0.0,-1.62129605311864,-0.0005835197354709942
stable,2026-05-14 13:13:00-04:00,2026-05-14 13:14:00-04:00,2026-05-14 13:14:00-04:00,-0.0023028700584247774,233.91,233.9567843391,233.60584916259137,233.55913032881736,4,stop_loss,alpaca_personal_api,-1.2166033496345108,0.1870063396650039,0.18700635183108716,0.0,0.02,0.01,0.0,0.03,0.03,0.0,-1.6206160411306019,-0.0005282620179608566
stable,2026-05-14 15:14:00-04:00,2026-05-14 15:15:00-04:00,2026-05-14 15:19:00-04:00,-0.0020330368487928574,235.62,235.6671263562,235.44,235.3929143544,4,max_holding,alpaca_personal_api,-0.7200000000000273,0.18842399999994086,0.18842400719995567,0.0,0.02,0.01,0.0,0.03,0.03,0.0,-1.1268480071999238,-0.0005001528244741316
stable,2026-05-15 09:40:00-04:00,2026-05-15 09:41:00-04:00,2026-05-15 09:41:00-04:00,-0.0028652032090276114,226.24,226.2852502624,225.94582238700642,225.90063548198725,4,stop_loss,alpaca_personal_api,-1.1767104519743725,0.1808743289548147,0.18087434072185715,0.0,0.02,0.01,0.0,0.03,0.03,0.0,-1.5684591216510444,0.0009608183911942181
stable,2026-05-15 09:42:00-04:00,2026-05-15 09:43:00-04:00,2026-05-15 09:43:00-04:00,-0.004824076123035925,224.86,224.90497424859998,225.3547841970972,225.3097154938056,4,take_profit,alpaca_personal_api,1.9791367883887006,0.1800859136787949,0.18008589388739438,0.0,0.02,0.01,0.0,0.03,0.03,0.0,1.5889649808225113,0.00024056149883966427
stable,2026-05-15 10:30:00-04:00,2026-05-15 10:31:00-04:00,2026-05-15 10:34:00-04:00,-0.00439290107186785,226.65,226.6953322665,227.148722931033,227.10329545793402,4,take_profit,alpaca_personal_api,1.9948917241320032,0.1815194891723877,0.1815194692235309,0.0,0.02,0.01,0.0,0.03,0.03,0.0,1.6018527657360846,-0.0005629600439108762
stable,2026-05-15 10:53:00-04:00,2026-05-15 10:54:00-04:00,2026-05-15 10:56:00-04:00,-0.0027797387927991357,226.01,226.0552042601,226.5073146686202,226.46201547075964,4,take_profit,alpaca_personal_api,1.9892586744808796,0.18100692586745026,0.18100690597486846,0.0,0.02,0.01,0.0,0.03,0.03,0.0,1.5972448426385608,-0.0007326626652013335
stable,2026-05-15 11:00:00-04:00,2026-05-15 11:01:00-04:00,2026-05-15 11:01:00-04:00,-0.0021212656885274406,225.8,225.84516225800002,226.296852582516,226.25159547496804,4,take_profit,alpaca_personal_api,1.9874103300639945,0.18083874103297148,0.18083872115892063,0.0,0.02,0.01,0.0,0.03,0.03,0.0,1.5957328678721023,-0.0008731779452151311
stable,2026-05-15 12:07:00-04:00,2026-05-15 12:08:00-04:00,2026-05-15 12:11:00-04:00,-0.0022360575236759495,227.54,227.58551027539997,227.24413200998688,227.19868545602623,4,stop_loss,alpaca_personal_api,-1.1834719600524295,0.18191365280392802,0.18191366463861414,0.0,0.02,0.01,0.0,0.03,0.03,0.0,-1.5772992774949717,-0.0009718309859155783
stable,2026-05-15 12:12:00-04:00,2026-05-15 12:13:00-04:00,2026-05-15 12:17:00-04:00,-0.0025047238212417833,227.01,227.05540427009998,227.14,227.09457427139998,4,max_holding,alpaca_personal_api,0.5199999999999818,0.1816599999999653,0.18165999480004302,0.0,0.02,0.01,0.0,0.03,0.03,0.0,0.1266800051999735,-0.0004793390760032823
stable,2026-05-15 12:35:00-04:00,2026-05-15 12:36:00-04:00,2026-05-15 12:40:00-04:00,-0.002148086449520026,227.64,227.6855302764,227.94,227.8944142794,4,max_holding,alpaca_personal_api,1.2000000000000455,0.18223199999999906,0.18223198800001228,0.0,0.02,0.01,0.0,0.03,0.03,0.0,0.8055360120000341,-0.00014072614691817975
stable,2026-05-15 14:15:00-04:00,2026-05-15 14:16:00-04:00,2026-05-15 14:18:00-04:00,-0.002035160647787304,230.47,230.5160963047,230.17032216024296,230.12429039751413,4,stop_loss,alpaca_personal_api,-1.1987113590281524,0.18425612886403542,0.18425614085128927,0.0,0.02,0.01,0.0,0.03,0.03,0.0,-1.5972236287434771,-0.0007702002520656448
stable,2026-05-15 14:41:00-04:00,2026-05-15 14:42:00-04:00,2026-05-15 14:45:00-04:00,-0.002008470506047244,228.59,228.63572028590002,228.2927667054712,228.24711043505778,4,stop_loss,alpaca_personal_api,-1.188933178115235,0.1827531066821848,0.1827531185715543,0.0,0.02,0.01,0.0,0.03,0.03,0.0,-1.5844394033689742,-0.00014054418709241734
stable,2026-05-15 14:46:00-04:00,2026-05-15 14:47:00-04:00,2026-05-15 14:51:00-04:00,-0.0020125125782035624,228.11,228.1556242811,228.25,228.2043522825,4,max_holding,alpaca_personal_api,0.5599999999999454,0.18254400000000714,0.1825439943999072,0.0,0.02,0.01,0.0,0.03,0.03,0.0,0.16491200560003108,9.839475977635459e-05
stable,2026-05-15 15:07:00-04:00,2026-05-15 15:08:00-04:00,2026-05-15 15:09:00-04:00,-0.0025401830683660087,227.76,227.80555427759998,227.4638459461836,227.4183554516328,4,stop_loss,alpaca_personal_api,-1.184616215265578,0.1820895383784773,0.1820895502246458,0.0,0.02,0.01,0.0,0.03,0.03,0.0,-1.578795303868701,-0.0009838093096468103
stable,2026-05-15 15:20:00-04:00,2026-05-15 15:21:00-04:00,2026-05-15 15:21:00-04:00,-0.00421366808585355,226.89,226.93538026889996,226.59497719849662,226.5496604690067,4,stop_loss,alpaca_personal_api,-1.1800912060134578,0.18139399087931452,0.18139400268023564,0.0,0.02,0.01,0.0,0.03,0.03,0.0,-1.572879199573008,-0.0006334816149559108
stable,2026-05-15 15:23:00-04:00,2026-05-15 15:24:00-04:00,2026-05-15 15:28:00-04:00,-0.002859908482928608,226.63,226.6753282663,226.73,226.6846562673,4,max_holding,alpaca_personal_api,0.39999999999997726,0.1813439999999673,0.1813439960000096,0.0,0.02,0.01,0.0,0.03,0.03,0.0,0.007312004000000344,-0.00033801388673715405
stable,2026-05-15 15:47:00-04:00,2026-05-15 15:48:00-04:00,2026-05-15 15:50:00-04:00,-0.0024670690338781665,226.41,226.4552842641,226.11560133770385,226.07038047859234,4,stop_loss,alpaca_personal_api,-1.1775946491845843,0.18101024053498804,0.18101025231101175,0.0,0.02,0.01,0.0,0.03,0.03,0.0,-1.5696151420305842,-0.0005914493325070991
stable,2026-05-18 09:37:00-04:00,2026-05-18 09:38:00-04:00,2026-05-18 09:38:00-04:00,-0.007979656260961199,226.3,226.345262263,226.0057443696055,225.96054548078905,4,stop_loss,alpaca_personal_api,-1.1770225215780101,0.18092229774777024,0.18092230951799593,0.0,0.02,0.01,0.0,0.03,0.03,0.0,-1.5688671288437763,-0.000845368087354692
stable,2026-05-18 09:39:00-04:00,2026-05-18 09:40:00-04:00,2026-05-18 09:40:00-04:00,-0.005630333421307254,226.06,226.1052142606,225.7660564392091,225.72090548558185,4,stop_loss,alpaca_personal_api,-1.1757742431635734,0.180730422575607,0.18073043433344083,0.0,0.02,0.01,0.0,0.03,0.03,0.0,-1.5672351000726212,-0.0008596028916477705
stable,2026-05-18 09:47:00-04:00,2026-05-18 09:48:00-04:00,2026-05-18 09:48:00-04:00,-0.003909547292194171,224.15,224.1948322415,224.64322190598298,224.59829550803403,4,take_profit,alpaca_personal_api,1.9728876239319106,0.17951728876232664,0.17951726903345389,0.0,0.02,0.01,0.0,0.03,0.03,0.0,1.58385306613613,-0.0009324536245601811
stable,2026-05-18 10:11:00-04:00,2026-05-18 10:12:00-04:00,2026-05-18 10:13:00-04:00,-0.0037678975131876236,224.72,224.7649462472,224.4277988278292,224.3829155123416,4,stop_loss,alpaca_personal_api,-1.1688046886831671,0.1796591195311521,0.1796591312191822,0.0,0.02,0.01,0.0,0.03,0.03,0.0,-1.5581229394335014,0.00040952932371163264
stable,2026-05-18 10:14:00-04:00,2026-05-18 10:15:00-04:00,2026-05-18 10:15:00-04:00,-0.0037268734194062514,224.57,224.6149162457,225.06414607819138,225.01913549961722,4,take_profit,alpaca_personal_api,1.9765843127655671,0.1798536584312842,0.17985363866534954,0.0,0.02,0.01,0.0,0.03,0.03,0.0,1.5868770156689334,0.0002963297444509294
stable,2026-05-18 10:50:00-04:00,2026-05-18 10:51:00-04:00,2026-05-18 10:51:00-04:00,-0.0021703743895821193,220.69,220.73414020689998,221.17560848731378,221.1313755773724,4,take_profit,alpaca_personal_api,1.9424339492551326,0.17674624339485945,0.17674622397055373,0.0,0.02,0.01,0.0,0.03,0.03,0.0,1.5589414818897194,-0.00031258436225678476
stable,2026-05-18 11:22:00-04:00,2026-05-18 11:23:00-04:00,2026-05-18 11:24:00-04:00,-0.0025597269624573205,222.09,222.1344202209,221.80121859056868,221.75686056486273,4,stop_loss,alpaca_personal_api,-1.1551256377252912,0.17755648743627717,0.177556498987542,0.0,0.02,0.01,0.0,0.03,0.03,0.0,-1.5402386241491104,-0.0008528542187855592
stable,2026-05-18 11:44:00-04:00,2026-05-18 11:45:00-04:00,2026-05-18 11:49:00-04:00,-0.003321960854731465,222.04,222.08441022039997,222.52857904084078,222.4840755503184,4,take_profit,alpaca_personal_api,1.9543161633631598,0.17782743161626513,0.17782741207315667,0.0,0.02,0.01,0.0,0.03,0.03,0.0,1.568661319673738,-0.0009384731326517182
stable,2026-05-18 12:04:00-04:00,2026-05-18 12:05:00-04:00,2026-05-18 12:09:00-04:00,-0.0037796976241900593,221.43,221.4742882143,221.77,221.7256482177,4,max_holding,alpaca_personal_api,1.3600000000000136,0.1772799999999961,0.17727998639998077,0.0,0.02,0.01,0.0,0.03,0.03,0.0,0.9754400136000367,-0.0008825497145947825
stable,2026-05-18 12:31:00-04:00,2026-05-18 12:32:00-04:00,2026-05-18 12:32:00-04:00,-0.0024930873487150063,220.08,220.1240182008,219.79383217349883,219.74987560500247,4,stop_loss,alpaca_personal_api,-1.1446713060047387,0.17594953286936743,0.17594954431604037,0.0,0.02,0.01,0.0,0.03,0.03,0.0,-1.5265703831901465,-0.0008709184620436794
stable,2026-05-18 12:48:00-04:00,2026-05-18 12:49:00-04:00,2026-05-18 12:50:00-04:00,-0.002220309030767198,220.21,220.2540442021,220.6945522905042,220.6504155869916,4,take_profit,alpaca_personal_api,1.938209162016733,0.17636182091621322,0.17636180153408532,0.0,0.02,0.01,0.0,0.03,0.03,0.0,1.5554855395664344,-5.7084142025431994e-05
stable,2026-05-18 13:11:00-04:00,2026-05-18 13:12:00-04:00,2026-05-18 13:12:00-04:00,-0.0020702070207019307,221.74,221.7843502174,221.4516736920739,221.40738557185222,4,stop_loss,alpaca_personal_api,-1.153305231704394,0.17727666947689613,0.17727668100985738,0.0,0.02,0.01,0.0,0.03,0.03,0.0,-1.5378585821911475,0.00014220503121387118
stable,2026-05-18 13:14:00-04:00,2026-05-18 13:15:00-04:00,2026-05-18 13:19:00-04:00,-0.0024372630438707077,221.0,221.04420220999998,221.03,220.9857962103,4,max_holding,alpaca_personal_api,0.12000000000000455,0.17681199999992714,0.17681199879996257,0.0,0.02,0.01,0.0,0.03,0.03,0.0,-0.2636239987998852,-0.0006259602799748576
stable,2026-05-18 13:50:00-04:00,2026-05-18 13:51:00-04:00,2026-05-18 13:55:00-04:00,-0.002530272908006559,220.74,220.78415020740002,221.11,221.06578021110002,4,max_holding,alpaca_personal_api,1.4800000000000182,0.17673999999999523,0.17673998520001533,0.0,0.02,0.01,0.0,0.03,0.03,0.0,1.0965200148000076,-0.00039837803229703095
stable,2026-05-18 14:09:00-04:00,2026-05-18 14:10:00-04:00,2026-05-18 14:14:00-04:00,-0.002041834928989461,219.95,219.99399219949998,219.81,219.7660401981,4,max_holding,alpaca_personal_api,-0.5599999999999454,0.17590400000005957,0.17590400559993213,0.0,0.02,0.01,0.0,0.03,0.03,0.0,-0.9418080055999372,-0.0004704674735895864
stable,2026-05-18 14:38:00-04:00,2026-05-18 14:39:00-04:00,2026-05-18 14:40:00-04:00,-0.002953874119518307,219.41,219.4538841941,219.12470336780885,219.0808806183823,4,stop_loss,alpaca_personal_api,-1.1411865287645924,0.17541388134713998,0.17541389275902475,0.0,0.02,0.01,0.0,0.03,0.03,0.0,-1.5220143028707571,-0.0005573100501579109
stable,2026-05-19 09:48:00-04:00,2026-05-19 09:49:00-04:00,2026-05-19 09:49:00-04:00,-0.002253978271649415,221.38,221.42427821379997,221.09214179647927,221.04792557904142,4,stop_loss,alpaca_personal_api,-1.1514328140829093,0.17698885671848075,0.17698886823279736,0.0,0.02,0.01,0.0,0.03,0.03,0.0,-1.5354105390341874,0.0007129819758155964
stable,2026-05-19 09:58:00-04:00,2026-05-19 09:59:00-04:00,2026-05-19 09:59:00-04:00,-0.002977936199972886,220.97,221.0141962097,220.68267491538546,220.63854058722913,4,stop_loss,alpaca_personal_api,-1.149300338458147,0.17666106996614417,0.17666108145920134,0.0,0.02,0.01,0.0,0.03,0.03,0.0,-1.5326224898834926,-0.0007124943000456074
stable,2026-05-19 10:01:00-04:00,2026-05-19 10:02:00-04:00,2026-05-19 10:02:00-04:00,-0.005874644132134232,219.99,220.0340001999,219.70394919960015,219.66001060679974,4,stop_loss,alpaca_personal_api,-1.1442032015994528,0.17587757967976358,0.17587759112177537,0.0,0.02,0.01,0.0,0.03,0.03,0.0,-1.5259583724009917,-0.0009982601751233888
stable,2026-05-19 10:04:00-04:00,2026-05-19 10:05:00-04:00,2026-05-19 10:05:00-04:00,-0.002628954763847391,220.12,220.1640262012,219.8337801618982,219.78981560420362,4,stop_loss,alpaca_personal_api,-1.1448793524072016,0.17598151206470902,0.17598152351354202,0.0,0.02,0.01,0.0,0.03,0.03,0.0,-1.5268423879854527,-0.0007416916274425311
stable,2026-05-19 10:35:00-04:00,2026-05-19 10:36:00-04:00,2026-05-19 10:36:00-04:00,-0.003518391592414849,218.07,218.11361618069998,218.54984341306138,218.5061356298772,4,take_profit,alpaca_personal_api,1.9193736522455538,0.17464793736519368,0.17464791817144487,0.0,0.02,0.01,0.0,0.03,0.03,0.0,1.5400777967089152,-0.0009191308468928794
stable,2026-05-19 10:43:00-04:00,2026-05-19 10:44:00-04:00,2026-05-19 10:45:00-04:00,-0.0021870870734040926,218.99,219.0338001899,218.70524948961517,218.66151062676974,4,stop_loss,alpaca_personal_api,-1.1390020415393565,0.17507809979576905,0.17507811118593963,0.0,0.02,0.01,0.0,0.03,0.03,0.0,-1.5191582525210652,-0.000243940937594056
stable,2026-05-19 11:05:00-04:00,2026-05-19 11:06:00-04:00,2026-05-19 11:08:00-04:00,-0.0026272875520927386,220.19,220.2340402019,219.90368914159717,219.85971060280576,4,stop_loss,alpaca_personal_api,-1.1452434336113129,0.17603747565658523,0.1760374871090562,0.0,0.02,0.01,0.0,0.03,0.03,0.0,-1.5273183963769543,-0.0008596481173706039
stable,2026-05-19 11:09:00-04:00,2026-05-19 11:10:00-04:00,2026-05-19 11:10:00-04:00,-0.002174700978615385,220.24,220.28405020239998,220.72461830280477,220.6804755863904,4,take_profit,alpaca_personal_api,1.9384732112190477,0.17638584732105755,0.17638582793631485,0.0,0.02,0.01,0.0,0.03,0.03,0.0,1.5557015359616753,-0.0006732559805185945
stable,2026-05-19 11:46:00-04:00,2026-05-19 11:47:00-04:00,2026-05-19 11:47:00-04:00,-0.002574409466600369,220.86,220.9041742086,220.57281794728712,220.52870558942584,4,stop_loss,alpaca_personal_api,-1.1487282108515728,0.17657312717892637,0.17657313866618551,0.0,0.02,0.01,0.0,0.03,0.03,0.0,-1.5318744766966848,-0.0007295198043170137
stable,2026-05-19 11:48:00-04:00,2026-05-19 11:49:00-04:00,2026-05-19 11:53:00-04:00,-0.002440677966101701,220.7,220.74414220699998,220.4130259936895,220.36894559262103,4,stop_loss,alpaca_personal_api,-1.1478960252419483,0.17644521039744632,0.17644522187640632,0.0,0.02,0.01,0.0,0.03,0.03,0.0,-1.530786457515801,0.00022896393817983807
stable,2026-05-19 12:50:00-04:00,2026-05-19 12:51:00-04:00,2026-05-19 12:52:00-04:00,-0.0032738362184948633,222.26,222.3044542226,222.74906313104518,222.7045155459096,4,take_profit,alpaca_personal_api,1.9562525241807407,0.1780036252523587,0.17800360568992346,0.0,0.02,0.01,0.0,0.03,0.03,0.0,1.5702452932384585,-0.0005124701059104897
stable,2026-05-19 13:29:00-04:00,2026-05-19 13:30:00-04:00,2026-05-19 13:30:00-04:00,-0.003617848050381789,223.07,223.11461623069997,223.56084546316137,223.5161355296772,4,take_profit,alpaca_personal_api,1.9633818526455116,0.1786523381852021,0.17865231855137154,0.0,0.02,0.01,0.0,0.03,0.03,0.0,1.576077195908938,-0.0009782238856754777
stable,2026-05-19 13:49:00-04:00,2026-05-19 13:50:00-04:00,2026-05-19 13:51:00-04:00,-0.003132131191552312,222.79,222.8345602279,222.50030838755816,222.45581055088374,4,stop_loss,alpaca_personal_api,-1.1587664497673131,0.17811612335503924,0.17811613494268386,0.0,0.02,0.01,0.0,0.03,0.03,0.0,-1.5449987080650363,-0.0008512811781732355
stable,2026-05-19 13:52:00-04:00,2026-05-19 13:53:00-04:00,2026-05-19 13:54:00-04:00,-0.0020650026934816434,222.29,222.3344602229,222.00095853256565,221.95656056086872,4,stop_loss,alpaca_personal_api,-1.1561658697373787,0.1777163834130988,0.17771639497459546,0.0,0.02,0.01,0.0,0.03,0.03,0.0,-1.541598648125073,-9.94855177510745e-05
stable,2026-05-19 14:18:00-04:00,2026-05-19 14:19:00-04:00,2026-05-19 14:22:00-04:00,-0.00219563561410574,222.65,222.6945322265,222.36049042816026,222.31602055367952,4,stop_loss,alpaca_personal_api,-1.158038287358977,0.17800419617128682,0.17800420775165549,0.0,0.02,0.01,0.0,0.03,0.03,0.0,-1.5440466912819193,-0.0009791956404506807
stable,2026-05-19 15:06:00-04:00,2026-05-19 15:07:00-04:00,2026-05-19 15:10:00-04:00,-0.002383415029005742,221.85,221.8943722185,222.338160962937,222.293695554126,4,take_profit,alpaca_personal_api,1.9526438517480074,0.17767526438524328,0.1776752448587331,0.0,0.02,0.01,0.0,0.03,0.03,0.0,1.567293342504031,-0.00046981776765364636
stable,2026-05-19 15:18:00-04:00,2026-05-19 15:19:00-04:00,2026-05-19 15:22:00-04:00,-0.002832988578109541,221.74,221.7843502174,221.4516736920739,221.40738557185222,4,stop_loss,alpaca_personal_api,-1.153305231704394,0.17727666947689613,0.17727668100985738,0.0,0.02,0.01,0.0,0.03,0.03,0.0,-1.5378585821911475,-0.000696547116437074
stable,2026-05-19 15:49:00-04:00,2026-05-19 15:50:00-04:00,2026-05-19 15:53:00-04:00,-0.0022603978300180794,220.65,220.6941322065,220.36309100819025,220.3190205936195,4,stop_loss,alpaca_personal_api,-1.1476359672390117,0.17640523640329775,0.17640524787964296,0.0,0.02,0.01,0.0,0.03,0.03,0.0,-1.5304464515219525,-0.0004564842156316029
stable,2026-05-20 10:24:00-04:00,2026-05-20 10:25:00-04:00,2026-05-20 10:27:00-04:00,-0.003928922225198694,223.12,223.1646262312,223.6109554836624,223.5662355286752,4,take_profit,alpaca_personal_api,1.963821934649559,0.17869238219350336,0.17869236255523901,0.0,0.02,0.01,0.0,0.03,0.03,0.0,1.5764371899008165,-0.0007923145488758498
stable,2026-05-20 10:46:00-04:00,2026-05-20 10:47:00-04:00,2026-05-20 10:47:00-04:00,-0.0021373230029388957,224.11,224.15482424110002,223.81859200473838,223.77383052452336,4,stop_loss,alpaca_personal_api,-1.1656319810465448,0.1791714368018802,0.17917144845819166,0.0,0.02,0.01,0.0,0.03,0.03,0.0,-1.5539748663066166,-0.00021190032208850962
stable,2026-05-20 10:49:00-04:00,2026-05-20 10:50:00-04:00,2026-05-20 10:52:00-04:00,-0.003250077912826721,223.89,223.93478023889998,224.3826497993778,224.33777551324442,4,take_profit,alpaca_personal_api,1.9705991975112056,0.17930905991977397,0.17930904021363858,0.0,0.02,0.01,0.0,0.03,0.03,0.0,1.581981097377793,-0.0009319796094158228
stable,2026-05-20 11:02:00-04:00,2026-05-20 11:03:00-04:00,2026-05-20 11:07:00-04:00,-0.0027129197242605763,224.23,224.27484824229998,224.7233979387846,224.67845550643082,4,take_profit,alpaca_personal_api,1.9735917551383864,0.17958135917547224,0.1795813394395509,0.0,0.02,0.01,0.0,0.03,0.03,0.0,1.5844290565233632,-0.0005075140271237899
stable,2026-05-20 11:39:00-04:00,2026-05-20 11:40:00-04:00,2026-05-20 11:44:00-04:00,-0.002221235006663713,224.62,224.6649262462,224.91,224.86502024909998,4,max_holding,alpaca_personal_api,1.1599999999999682,0.17981199999996988,0.17981198840004708,0.0,0.02,0.01,0.0,0.03,0.03,0.0,0.7703760115999512,-0.0004080771125025695
stable,2026-05-20 12:16:00-04:00,2026-05-20 12:17:00-04:00,2026-05-20 12:18:00-04:00,-0.002269187986651766,224.24,224.2848502424,223.94842296703644,223.90363552192727,4,stop_loss,alpaca_personal_api,-1.1663081318542936,0.17927536918682563,0.17927538084984462,0.0,0.02,0.01,0.0,0.03,0.03,0.0,-1.5548588818909639,-0.0005774729221538211
stable,2026-05-20 14:24:00-04:00,2026-05-20 14:25:00-04:00,2026-05-20 14:29:00-04:00,-0.002453166815343355,223.64,223.6847302364,224.01,223.9652002401,4,max_holding,alpaca_personal_api,1.4800000000000182,0.1790600000000495,0.17905998519995592,0.0,0.02,0.01,0.0,0.03,0.03,0.0,1.0918800148000127,-0.0007604027318172113
stable,2026-05-20 14:41:00-04:00,2026-05-20 14:42:00-04:00,2026-05-20 14:42:00-04:00,-0.002099807889916483,223.36,223.40467423360002,223.06956722224965,223.02495553950087,4,stop_loss,alpaca_personal_api,-1.1617311110014725,0.17857182688885587,0.17857183850628644,0.0,0.02,0.01,0.0,0.03,0.03,0.0,-1.5488747763966149,0.00049272179519666
stable,2026-05-20 14:43:00-04:00,2026-05-20 14:44:00-04:00,2026-05-20 14:44:00-04:00,-0.0036654597469939487,222.9,222.944582229,222.6101653556565,222.56564554868703,4,stop_loss,alpaca_personal_api,-1.159338577374001,0.17820406614225703,0.178204077735586,0.0,0.02,0.01,0.0,0.03,0.03,0.0,-1.545746721251844,-0.0005485926488585369
stable,2026-05-20 14:45:00-04:00,2026-05-20 14:46:00-04:00,2026-05-20 14:46:00-04:00,-0.003535308332587528,222.67,222.71453622669998,222.38046442235995,222.33599055328014,4,stop_loss,alpaca_personal_api,-1.1581423105601516,0.17802018576890077,0.17802019735029262,0.0,0.02,0.01,0.0,0.03,0.03,0.0,-1.544182693679345,-0.0007175821701935758
stable,2026-05-20 14:50:00-04:00,2026-05-20 14:51:00-04:00,2026-05-20 14:52:00-04:00,-0.0027843894552476156,222.06,222.1044142206,221.77125759926912,221.72690556546183,4,stop_loss,alpaca_personal_api,-1.1549696029235292,0.17753250303974255,0.17753251458941577,0.0,0.02,0.01,0.0,0.03,0.03,0.0,-1.5400346205526876,-0.0003097675335465011
stable,2026-05-20 14:53:00-04:00,2026-05-20 14:54:00-04:00,2026-05-20 14:58:00-04:00,-0.0020663941422218723,222.15,222.1944322215,222.55,222.5054922255,4,max_holding,alpaca_personal_api,1.6000000000000227,0.17787999999995918,0.1778799840000147,0.0,0.02,0.01,0.0,0.03,0.03,0.0,1.2142400160000488,0.0
stable,2026-05-20 15:03:00-04:00,2026-05-20 15:04:00-04:00,2026-05-20 15:06:00-04:00,-0.0020669512469108087,222.09,222.1344202209,222.5786890613418,222.53417554931642,4,take_profit,alpaca_personal_api,1.9547562453672072,0.1778674756245664,0.17786745607702414,0.0,0.02,0.01,0.0,0.03,0.03,0.0,1.5690213136656166,2.8162667567777078e-05
stable,2026-05-21 09:38:00-04:00,2026-05-21 09:39:00-04:00,2026-05-21 09:39:00-04:00,-0.0055661931691677324,223.29,223.33466023289998,222.99965824255065,222.95506054089873,4,stop_loss,alpaca_personal_api,-1.1613670297973613,0.17851586329697966,0.17851587491065857,0.0,0.02,0.01,0.0,0.03,0.03,0.0,-1.5483987680049995,0.0002541798463624456
stable,2026-05-21 09:40:00-04:00,2026-05-21 09:41:00-04:00,2026-05-21 09:41:00-04:00,-0.00911141580786412,224.08,224.12481824079998,223.7886310134388,223.7438755251224,4,stop_loss,alpaca_personal_api,-1.1654759462448965,0.17914745240534558,0.17914746406006543,0.0,0.02,0.01,0.0,0.03,0.03,0.0,-1.5537708627103075,0.0009173276129723629
stable,2026-05-21 09:42:00-04:00,2026-05-21 09:43:00-04:00,2026-05-21 09:43:00-04:00,-0.003876487100655024,223.56,223.6047142356,224.0519236640712,224.00711551985765,4,take_profit,alpaca_personal_api,1.9676946562848343,0.1790447694655768,0.17904474978865892,0.0,0.02,0.01,0.0,0.03,0.03,0.0,1.5796051370305986,-0.0008321462320700634
stable,2026-05-21 09:47:00-04:00,2026-05-21 09:48:00-04:00,2026-05-21 09:48:00-04:00,-0.003399534800500925,222.76,222.8045542276,222.4703473962586,222.42585555148284,4,stop_loss,alpaca_personal_api,-1.1586104149655512,0.17809213895850462,0.17809215054455763,0.0,0.02,0.01,0.0,0.03,0.03,0.0,-1.5447947044686134,-0.0003105502385589709
stable,2026-05-21 09:49:00-04:00,2026-05-21 09:50:00-04:00,2026-05-21 09:50:00-04:00,-0.008809981664505306,221.67,221.7143362167,222.1577648891334,222.11333555773322,4,take_profit,alpaca_personal_api,1.9510595565336644,0.17753110595560884,0.1775310864451285,0.0,0.02,0.01,0.0,0.03,0.03,0.0,1.565997364132927,-0.0004377665433388245
stable,2026-05-21 09:51:00-04:00,2026-05-21 09:52:00-04:00,2026-05-21 09:52:00-04:00,-0.008938946992044339,221.72,221.76434621719997,221.4316996978742,221.38741557225163,4,stop_loss,alpaca_personal_api,-1.1532012085032193,0.1772606798790548,0.17726069141110656,0.0,0.02,0.01,0.0,0.03,0.03,0.0,-1.5377225797933807,-0.0005501170761984531
stable,2026-05-21 10:13:00-04:00,2026-05-21 10:14:00-04:00,2026-05-21 10:14:00-04:00,-0.005943337206184673,222.45,222.4944922245,222.939481208949,222.894895542102,4,take_profit,alpaca_personal_api,1.9579248357960068,0.1781557924836079,0.17815577290434703,0.0,0.02,0.01,0.0,0.03,0.03,0.0,1.5716132704080519,-0.0008733255391376593
stable,2026-05-21 10:26:00-04:00,2026-05-21 10:27:00-04:00,2026-05-21 10:27:00-04:00,-0.0023316417501028086,218.25,218.2936521825,218.730239486865,218.68649562627004,4,take_profit,alpaca_personal_api,1.9209579474600105,0.17479209579471444,0.17479207658516316,0.0,0.02,0.01,0.0,0.03,0.03,0.0,1.5413737750801328,5.662433997266625e-05
stable,2026-05-21 10:34:00-04:00,2026-05-21 10:35:00-04:00,2026-05-21 10:35:00-04:00,-0.003200438917337234,218.06,218.1036141806,218.53982140896122,218.49611563007764,4,take_profit,alpaca_personal_api,1.919285635844858,0.1746399285635789,0.1746399093707396,0.0,0.02,0.01,0.0,0.03,0.03,0.0,1.5400057979105395,0.0002544205571810565
stable,2026-05-21 10:51:00-04:00,2026-05-21 10:52:00-04:00,2026-05-21 10:53:00-04:00,-0.0022817505590289056,218.61,218.65372418610002,219.09103163447222,219.04721561905566,4,take_profit,alpaca_personal_api,1.9241265378888102,0.17508041265375596,0.17508039341248605,0.0,0.02,0.01,0.0,0.03,0.03,0.0,1.5439657318225681,-0.0004519199536783258
stable,2026-05-21 11:10:00-04:00,2026-05-21 11:11:00-04:00,2026-05-21 11:13:00-04:00,-0.0024199808227934883,218.48,218.5236981848,218.9607455811696,218.9169556216608,4,take_profit,alpaca_personal_api,1.9229823246784008,0.17497629823253646,0.17497627900263524,0.0,0.02,0.01,0.0,0.03,0.03,0.0,1.543029747443229,-0.0004946856625961393
stable,2026-05-21 11:25:00-04:00,2026-05-21 11:26:00-04:00,2026-05-21 11:30:00-04:00,-0.0027832276315188365,218.57,218.6137161857,218.53,218.4862961853,4,max_holding,alpaca_personal_api,-0.15999999999996817,0.17484000000001743,0.17484000160004598,0.0,0.02,0.01,0.0,0.03,0.03,0.0,-0.5396800016000316,-0.0005359963890769759
stable,2026-05-21 11:59:00-04:00,2026-05-21 12:00:00-04:00,2026-05-21 12:04:00-04:00,-0.002185692819088425,219.16,219.2038341916,219.64224185998322,219.59831560803363,4,take_profit,alpaca_personal_api,1.928967439932876,0.1755208967440467,0.1755208774543462,0.0,0.02,0.01,0.0,0.03,0.03,0.0,1.547925665734483,-0.0007184110438089863
stable,2026-05-21 12:16:00-04:00,2026-05-21 12:17:00-04:00,2026-05-21 12:21:00-04:00,-0.002094145497587241,219.21,219.2538441921,219.22,219.1761581922,4,max_holding,alpaca_personal_api,0.03999999999996362,0.1753719999999248,0.17537199959997452,0.0,0.02,0.01,0.0,0.03,0.03,0.0,-0.34074399959993573,-0.0008730918717962943
stable,2026-05-21 12:38:00-04:00,2026-05-21 12:39:00-04:00,2026-05-21 12:43:00-04:00,-0.002140742427693021,219.07,219.1138161907,219.18,219.13616619180002,4,max_holding,alpaca_personal_api,0.44000000000005457,0.1752999999999929,0.17529999559997123,0.0,0.02,0.01,0.0,0.03,0.03,0.0,0.05940000440009044,-0.00098672154717927
stable,2026-05-21 12:47:00-04:00,2026-05-21 12:48:00-04:00,2026-05-21 12:52:00-04:00,-0.0025068368277120223,218.84,218.8837701884,219.11,219.06618019110002,4,max_holding,alpaca_personal_api,1.080000000000041,0.17517999999995482,0.1751799892000463,0.0,0.02,0.01,0.0,0.03,0.03,0.0,0.6996400108000398,-0.0009727489320908722
stable,2026-05-21 13:27:00-04:00,2026-05-21 13:28:00-04:00,2026-05-21 13:29:00-04:00,-0.0022107922757623744,221.13,221.17422821129998,220.84246686898302,220.7983005840339,4,stop_loss,alpaca_personal_api,-1.1501325240678852,0.17678898674751053,0.17678899824886685,0.0,0.02,0.01,0.0,0.03,0.03,0.0,-1.5337105090642627,-0.0008130537176180841
stable,2026-05-21 14:01:00-04:00,2026-05-21 14:02:00-04:00,2026-05-21 14:06:00-04:00,-0.0021226628127540836,220.95,220.9941922095,221.0,220.95580221,4,max_holding,alpaca_personal_api,0.20000000000004547,0.17678000000000793,0.17677999800002908,0.0,0.02,0.01,0.0,0.03,0.03,0.0,-0.18355999799999154,-0.0009920357691770576
stable,2026-05-21 14:10:00-04:00,2026-05-21 14:11:00-04:00,2026-05-21 14:13:00-04:00,-0.002082013216257894,220.48,220.52409820479997,220.1933120574928,220.14927559701442,4,stop_loss,alpaca_personal_api,-1.1467517700288,0.17626932482289703,0.17626933629048835,0.0,0.02,0.01,0.0,0.03,0.03,0.0,-1.5292904311421853,2.7998264107598203e-05
stable,2026-05-21 14:15:00-04:00,2026-05-21 14:16:00-04:00,2026-05-21 14:16:00-04:00,-0.002358490566037652,219.95,219.99399219949998,219.66400121120074,219.6200706075985,4,stop_loss,alpaca_personal_api,-1.1439951551969898,0.17584560048453568,0.1758456119243874,0.0,0.02,0.01,0.0,0.03,0.03,0.0,-1.525686367605913,-0.0008119269265766116
stable,2026-05-21 14:33:00-04:00,2026-05-21 14:34:00-04:00,2026-05-21 14:38:00-04:00,-0.0026351658337119277,219.54,219.5839101954,219.58,219.53608619580004,4,max_holding,alpaca_personal_api,0.16000000000008185,0.1756479999999101,0.17564799839999523,0.0,0.02,0.01,0.0,0.03,0.03,0.0,-0.22129599839982347,-0.0007279446762046282
stable,2026-05-22 09:35:00-04:00,2026-05-22 09:36:00-04:00,2026-05-22 09:36:00-04:00,-0.0021389887589313705,219.26,219.3038541926,218.9748984113111,218.9311056213778,4,stop_loss,alpaca_personal_api,-1.1404063547555552,0.1752939593645806,0.17529397076862097,0.0,0.02,0.01,0.0,0.03,0.03,0.0,-1.5209942848887568,0.0009049899754955959
stable,2026-05-22 09:45:00-04:00,2026-05-22 09:46:00-04:00,2026-05-22 09:46:00-04:00,-0.005138232084394345,218.79,218.83376018789997,218.50550954761812,218.4618106307637,4,stop_loss,alpaca_personal_api,-1.1379618095274964,0.1749182038189474,0.1749182151986588,0.0,0.02,0.01,0.0,0.03,0.03,0.0,-1.5177982285451026,-0.00029184096057377484
stable,2026-05-22 09:47:00-04:00,2026-05-22 09:48:00-04:00,2026-05-22 09:48:00-04:00,-0.0050634066234831465,218.09,218.13362018089998,217.80641975062863,217.76286064474272,4,stop_loss,alpaca_personal_api,-1.1343209974854744,0.17435856790018534,0.17435857924340326,0.0,0.02,0.01,0.0,0.03,0.03,0.0,-1.513038144629063,0.0008073159528416696
stable,2026-05-22 09:49:00-04:00,2026-05-22 09:50:00-04:00,2026-05-22 09:50:00-04:00,-0.0043851635300565794,217.94,217.98359017939998,217.6566147941309,217.61308564773822,4,stop_loss,alpaca_personal_api,-1.1335408234764373,0.17423864591762595,0.17423865725299947,0.0,0.02,0.01,0.0,0.03,0.03,0.0,-1.5120181266470627,-0.00034781640858694285
stable,2026-05-22 09:57:00-04:00,2026-05-22 09:58:00-04:00,2026-05-22 09:59:00-04:00,-0.003989361702127714,217.21,217.2534441721,217.6879510604442,217.6444156471116,4,take_profit,alpaca_personal_api,1.9118042417767356,0.1739591804241627,0.17395916130612932,0.0,0.02,0.01,0.0,0.03,0.03,0.0,1.5338859000464435,-0.00013930098764403098
stable,2026-05-22 10:00:00-04:00,2026-05-22 10:01:00-04:00,2026-05-22 10:01:00-04:00,-0.002894289520834259,217.05,217.09341217050002,216.76777205224428,216.72442066551156,4,stop_loss,alpaca_personal_api,-1.1289117910229152,0.1735271088208492,0.17352712011006588,0.0,0.02,0.01,0.0,0.03,0.03,0.0,-1.5059660199538303,-0.0005989692157681858
stable,2026-05-22 10:07:00-04:00,2026-05-22 10:08:00-04:00,2026-05-22 10:08:00-04:00,-0.002402402402402304,215.94,215.98319015939998,216.4151565397188,216.3718756725624,4,take_profit,alpaca_personal_api,1.900626158875184,0.17294206261590261,0.1729420436096234,0.0,0.02,0.01,0.0,0.03,0.03,0.0,1.524742052649658,-0.0006557011119016076
stable,2026-05-22 10:15:00-04:00,2026-05-22 10:16:00-04:00,2026-05-22 10:16:00-04:00,-0.002354896800110806,216.07,216.11321616069998,215.78904633645894,215.7458906850821,4,stop_loss,alpaca_personal_api,-1.1238146541642209,0.1727436185345823,0.1727436297727536,0.0,0.02,0.01,0.0,0.03,0.03,0.0,-1.4993019024715568,0.00040438972013445706
stable,2026-05-22 10:17:00-04:00,2026-05-22 10:18:00-04:00,2026-05-22 10:18:00-04:00,-0.003368401624215478,215.99,216.03320015990002,215.70915035966019,215.66601068667975,4,stop_loss,alpaca_personal_api,-1.123398561359295,0.17267966014389913,0.172679671377864,0.0,0.02,0.01,0.0,0.03,0.03,0.0,-1.498757892881058,-0.0003624905891865815
stable,2026-05-22 10:19:00-04:00,2026-05-22 10:20:00-04:00,2026-05-22 10:22:00-04:00,-0.002126479289940697,215.86,215.9031741586,215.5793193973621,215.53620568927585,4,stop_loss,alpaca_personal_api,-1.1227224105516598,0.17257572775884,0.17257573898609735,0.0,0.02,0.01,0.0,0.03,0.03,0.0,-1.4978738772965972,-0.00047425096245035103
stable,2026-05-22 10:45:00-04:00,2026-05-22 10:46:00-04:00,2026-05-22 10:48:00-04:00,-0.00281365313653148,216.2,216.24324216199997,216.67572864632396,216.632395667352,4,take_profit,alpaca_personal_api,1.902914585295889,0.17315029145845529,0.17315027242932501,0.0,0.02,0.01,0.0,0.03,0.03,0.0,1.5266140214081088,6.960492245999816e-05
stable,2026-05-22 11:41:00-04:00,2026-05-22 11:42:00-04:00,2026-05-22 11:45:00-04:00,-0.003073253520480601,217.34,217.3834701734,217.05739496813993,217.01398565972025,4,stop_loss,alpaca_personal_api,-1.1304201274402885,0.1737589579872747,0.17375896929149803,0.0,0.02,0.01,0.0,0.03,0.03,0.0,-1.5079380547190613,-0.0006109074752861376
stable,2026-05-22 11:47:00-04:00,2026-05-22 11:48:00-04:00,2026-05-22 11:52:00-04:00,-0.0023467697404748744,216.82,216.8633661682,217.11,217.06658017110001,4,max_holding,alpaca_personal_api,1.1600000000000819,0.1735720000000356,0.1735719883999991,0.0,0.02,0.01,0.0,0.03,0.03,0.0,0.7828560116000471,-9.724653385578819e-05
stable,2026-05-22 12:06:00-04:00,2026-05-22 12:07:00-04:00,2026-05-22 12:11:00-04:00,-0.002577912811306038,216.68,216.7233381668,217.01,216.96660017009998,4,max_holding,alpaca_personal_api,1.3199999999999363,0.1734760000000506,0.17347598679998555,0.0,0.02,0.01,0.0,0.03,0.03,0.0,0.9430480131999002,-0.0005833576399018048
stable,2026-05-22 12:16:00-04:00,2026-05-22 12:17:00-04:00,2026-05-22 12:21:00-04:00,-0.002027556333809466,216.58,216.62331816580001,216.82,216.7766381682,4,max_holding,alpaca_personal_api,0.9599999999999227,0.1733600000000024,0.17335999039994476,0.0,0.02,0.01,0.0,0.03,0.03,0.0,0.5832800095999755,-0.00041681718398300927
stable,2026-05-22 13:32:00-04:00,2026-05-22 13:33:00-04:00,2026-05-22 13:33:00-04:00,-0.002065357077290164,217.42,217.46348617419997,217.13729094493868,217.0938656581226,4,stop_loss,alpaca_personal_api,-1.1308362202452145,0.17382291637795788,0.17382292768627394,0.0,0.02,0.01,0.0,0.03,0.03,0.0,-1.5084820643094463,0.0009584398266475613
stable,2026-05-22 13:35:00-04:00,2026-05-22 13:36:00-04:00,2026-05-22 13:36:00-04:00,-0.0024819598290205525,217.0,217.04340217,216.717837066745,216.67449566651004,4,stop_loss,alpaca_personal_api,-1.1286517330199786,0.17348713482670064,0.17348714611318883,0.0,0.02,0.01,0.0,0.03,0.03,0.0,-1.505626013959868,-0.0005827182418557397
stable,2026-05-22 13:37:00-04:00,2026-05-22 13:38:00-04:00,2026-05-22 13:40:00-04:00,-0.0027135169939750403,216.83,216.8733681683,216.54805811604757,216.50475066990495,4,stop_loss,alpaca_personal_api,-1.1277675358097667,0.1733512232464136,0.17335123452403423,0.0,0.02,0.01,0.0,0.03,0.03,0.0,-1.5044699935802146,-0.0004579453518547272
stable,2026-05-22 13:50:00-04:00,2026-05-22 13:51:00-04:00,2026-05-22 13:53:00-04:00,-0.0021245150563459214,216.06,216.1032141606,215.77905933935912,215.73590568528186,4,stop_loss,alpaca_personal_api,-1.1237626425635199,0.17273562373566165,0.17273563497337818,0.0,0.02,0.01,0.0,0.03,0.03,0.0,-1.4992339012725597,-0.0006109414051652662
stable,2026-05-22 13:54:00-04:00,2026-05-22 13:55:00-04:00,2026-05-22 13:59:00-04:00,-0.003374318202828852,215.63,215.67312815629998,215.95,215.9068121595,4,max_holding,alpaca_personal_api,1.2799999999999727,0.17263199999990775,0.17263198720002038,0.0,0.02,0.01,0.0,0.03,0.03,0.0,0.9047360128000446,-0.0006249739594182957
stable,2026-05-22 14:19:00-04:00,2026-05-22 14:20:00-04:00,2026-05-22 14:24:00-04:00,-0.002407630336142108,215.48,215.52309815479998,215.57,215.5268881557,4,max_holding,alpaca_personal_api,0.36000000000001364,0.17241999999998825,0.17241999639998085,0.0,0.02,0.01,0.0,0.03,0.03,0.0,-0.014839996399955452,-8.340979230969658e-05
stable,2026-05-22 15:10:00-04:00,2026-05-22 15:11:00-04:00,2026-05-22 15:14:00-04:00,-0.002178548252526169,215.29,215.33306015289998,215.01006056267065,214.96706070065872,4,stop_loss,alpaca_personal_api,-1.1197577493173867,0.17212002422502337,0.17212003542260845,0.0,0.02,0.01,0.0,0.03,0.03,0.0,-1.4939978089650185,-0.00019492905974571872
stable,2026-05-22 15:15:00-04:00,2026-05-22 15:16:00-04:00,2026-05-22 15:20:00-04:00,-0.0020439448134900173,214.81,214.8529641481,214.94,214.8970141494,4,max_holding,alpaca_personal_api,0.5199999999999818,0.17189999999993688,0.1718999948000146,0.0,0.02,0.01,0.0,0.03,0.03,0.0,0.14620000520003032,-0.0006823847257231286
stable,2026-05-26 09:37:00-04:00,2026-05-26 09:38:00-04:00,2026-05-26 09:39:00-04:00,-0.005860366388260818,215.45,215.49309215449998,215.16985251626824,215.1268206974635,4,stop_loss,alpaca_personal_api,-1.1205899349270112,0.17224794100650342,0.17224795221238764,0.0,0.02,0.01,0.0,0.03,0.03,0.0,-1.4950858281459023,-0.0008003753484391307
stable,2026-05-26 09:52:00-04:00,2026-05-26 09:53:00-04:00,2026-05-26 09:53:00-04:00,-0.003701989819527962,215.3,215.343062153,215.02004755977052,214.97704570045906,4,stop_loss,alpaca_personal_api,-1.119809760917974,0.17212801902383035,0.17212803022198386,0.0,0.02,0.01,0.0,0.03,0.03,0.0,-1.4940658101637883,-0.0006603475078760246
stable,2026-05-26 09:54:00-04:00,2026-05-26 09:55:00-04:00,2026-05-26 09:55:00-04:00,-0.005721140537049085,215.49,215.5331001549,215.20980050466767,215.16676069666474,4,stop_loss,alpaca_personal_api,-1.1207979813293605,0.17227992020184502,0.1722799314098893,0.0,0.02,0.01,0.0,0.03,0.03,0.0,-1.4953578329410948,-0.0004815232644526102
stable,2026-05-26 10:01:00-04:00,2026-05-26 10:02:00-04:00,2026-05-26 10:02:00-04:00,-0.003623356714823278,214.47,214.5128961447,214.19112680048295,214.14829071703414,4,stop_loss,alpaca_personal_api,-1.1154927980682032,0.17146445072012284,0.17146446187507536,0.0,0.02,0.01,0.0,0.03,0.03,0.0,-1.4884217106634015,0.0006464835421795545
stable,2026-05-26 10:03:00-04:00,2026-05-26 10:04:00-04:00,2026-05-26 10:05:00-04:00,-0.002739726027397249,214.76,214.8029541476,215.2325600558952,215.1895156962096,4,take_profit,alpaca_personal_api,1.890240223580804,0.1719970240224029,0.17199700511991978,0.0,0.02,0.01,0.0,0.03,0.03,0.0,1.5162461944384813,-0.00015122561486957675
stable,2026-05-26 10:09:00-04:00,2026-05-26 10:10:00-04:00,2026-05-26 10:10:00-04:00,-0.002184725514804975,214.65,214.6929321465,215.122318010793,215.07929569841406,4,take_profit,alpaca_personal_api,1.8892720431720136,0.1719089272042993,0.17190890831147954,0.0,0.02,0.01,0.0,0.03,0.03,0.0,1.5154542076562347,0.00034371820606593495
stable,2026-05-26 10:34:00-04:00,2026-05-26 10:35:00-04:00,2026-05-26 10:37:00-04:00,-0.003036996134732184,216.66,216.7033341666,216.3782791653501,216.33500567329983,4,stop_loss,alpaca_personal_api,-1.126883338599555,0.17321531166612658,0.1732153229349933,0.0,0.02,0.01,0.0,0.03,0.03,0.0,-1.5033139732006748,0.00038402457757302777
stable,2026-05-26 10:52:00-04:00,2026-05-26 10:53:00-04:00,2026-05-26 10:54:00-04:00,-0.0022587931590836163,216.45,216.4932921645,216.16855222625324,216.12532067749353,4,stop_loss,alpaca_personal_api,-1.1257910949869938,0.17304742089049796,0.17304743214833707,0.0,0.02,0.01,0.0,0.03,0.03,0.0,-1.5018859480258289,0.00012336709936544565
stable,2026-05-26 10:55:00-04:00,2026-05-26 10:56:00-04:00,2026-05-26 10:56:00-04:00,-0.006897820288788714,215.97,216.0131961597,215.68917636546044,215.6460406870791,4,stop_loss,alpaca_personal_api,-1.123294538158234,0.1726636705461715,0.17266368177911318,0.0,0.02,0.01,0.0,0.03,0.03,0.0,-1.4986218904835187,-0.0007536930961711263
stable,2026-05-26 10:57:00-04:00,2026-05-26 10:58:00-04:00,2026-05-26 10:58:00-04:00,-0.0035575679172057395,215.66,215.70313415660002,215.37957945536513,215.33650569326986,4,stop_loss,alpaca_personal_api,-1.1216821785394586,0.17241583178213205,0.1724158429990439,0.0,0.02,0.01,0.0,0.03,0.03,0.0,-1.4965138533206346,-0.0005345248211398035
stable,2026-05-26 10:59:00-04:00,2026-05-26 11:00:00-04:00,2026-05-26 11:01:00-04:00,-0.0038867295946696245,215.31,215.3530641531,215.03003455687036,214.98703070025934,4,stop_loss,alpaca_personal_api,-1.1198617725185613,0.172136013822751,0.17213602502135927,0.0,0.02,0.01,0.0,0.03,0.03,0.0,-1.4941338113626716,-0.0005896388119462914
stable,2026-05-26 11:03:00-04:00,2026-05-26 11:04:00-04:00,2026-05-26 11:06:00-04:00,-0.003989978658253568,214.67,214.71293614669997,214.39086674247994,214.34799071304013,4,stop_loss,alpaca_personal_api,-1.116533030080177,0.17162434669694449,0.1716243578622425,0.0,0.02,0.01,0.0,0.03,0.03,0.0,-1.489781734639364,-0.0005348033569194666
stable,2026-05-26 11:07:00-04:00,2026-05-26 11:08:00-04:00,2026-05-26 11:09:00-04:00,-0.0022832114067378173,214.11,214.1528241411,213.83159490488836,213.78883072422335,4,stop_loss,alpaca_personal_api,-1.113620380446605,0.17117663796193483,0.17117664909812902,0.0,0.02,0.01,0.0,0.03,0.03,0.0,-1.4859736675066688,-0.0007275322928248507
stable,2026-05-26 11:10:00-04:00,2026-05-26 11:11:00-04:00,2026-05-26 11:11:00-04:00,-0.005406665113027342,213.4,213.44268213400002,213.86956749826803,213.82679572346404,4,take_profit,alpaca_personal_api,1.878269993072081,0.17090782699938245,0.17090780821661156,0.0,0.02,0.01,0.0,0.03,0.03,0.0,1.506454357856087,-0.0006041217579944025
stable,2026-05-26 11:42:00-04:00,2026-05-26 11:43:00-04:00,2026-05-26 11:44:00-04:00,-0.0028957078137406,213.49,213.53270013489998,213.21240108469763,213.1697607366047,4,stop_loss,alpaca_personal_api,-1.110395661209509,0.17068096043385594,0.17068097153776307,0.0,0.02,0.01,0.0,0.03,0.03,0.0,-1.481757593181128,0.0
stable,2026-05-26 11:46:00-04:00,2026-05-26 11:47:00-04:00,2026-05-26 11:51:00-04:00,-0.002104967723828177,213.33,213.3726681333,213.05260913110007,213.01000073979995,4,stop_loss,alpaca_personal_api,-1.1095634755997708,0.1705530436523759,0.17055305474809757,0.0,0.02,0.01,0.0,0.03,0.03,0.0,-1.4806695740002442,-0.0007425640461491412
stable,2026-05-26 12:08:00-04:00,2026-05-26 12:09:00-04:00,2026-05-26 12:13:00-04:00,-0.003235032115898484,212.59,212.6325201259,212.39,212.34752412389997,4,max_holding,alpaca_personal_api,-0.8000000000000682,0.16999199999997927,0.16999200800000835,0.0,0.02,0.01,0.0,0.03,0.03,0.0,-1.1699840080000559,-0.0009494454688059317
stable,2026-05-26 12:14:00-04:00,2026-05-26 12:15:00-04:00,2026-05-26 12:15:00-04:00,-0.0023039307880383664,212.19,212.2324401219,211.91409146171716,211.87171076256573,4,stop_loss,alpaca_personal_api,-1.1036341531313383,0.16964163658474263,0.1696416476210061,0.0,0.02,0.01,0.0,0.03,0.03,0.0,-1.472917437337087,-0.000179021441260252
stable,2026-05-26 13:38:00-04:00,2026-05-26 13:39:00-04:00,2026-05-26 13:43:00-04:00,-0.0029980793554128526,212.85,212.8925721285,213.07,213.0273881307,4,max_holding,alpaca_personal_api,0.8799999999999955,0.17036800000005314,0.17036799120000978,0.0,0.02,0.01,0.0,0.03,0.03,0.0,0.5092640087999325,-4.1249587504066376e-05
stable,2026-05-26 13:56:00-04:00,2026-05-26 13:57:00-04:00,2026-05-26 14:01:00-04:00,-0.0026694141338453603,212.95,212.9925921295,212.67310324130577,212.63057074738853,4,stop_loss,alpaca_personal_api,-1.1075870347768841,0.17024924129657393,0.1702492523724004,0.0,0.02,0.01,0.0,0.03,0.03,0.0,-1.4780855284458585,-0.0004397114393679402
stable,2026-05-26 14:28:00-04:00,2026-05-26 14:29:00-04:00,2026-05-26 14:32:00-04:00,-0.002661188664270009,213.61,213.6527241361,213.33224504989587,213.28958073420836,4,stop_loss,alpaca_personal_api,-1.1110198004165568,0.17077689801988072,0.1707769091301543,0.0,0.02,0.01,0.0,0.03,0.03,0.0,-1.4825736075665918,-0.0003430343445985917
stable,2026-05-26 15:09:00-04:00,2026-05-26 15:10:00-04:00,2026-05-26 15:14:00-04:00,-0.0021559805024372602,212.9,212.942582129,212.6231682558065,212.580645748387,4,stop_loss,alpaca_personal_api,-1.1073269767740612,0.17020926730231167,0.17020927837552335,0.0,0.02,0.01,0.0,0.03,0.03,0.0,-1.4777455224518963,0.0008103393811202952
stable,2026-05-27 09:42:00-04:00,2026-05-27 09:43:00-04:00,2026-05-27 09:43:00-04:00,-0.003532736693358407,211.55,211.5923121155,211.27492364732674,211.23267077534652,4,stop_loss,alpaca_personal_api,-1.1003054106930676,0.1691299694589361,0.16912998046188932,0.0,0.02,0.01,0.0,0.03,0.03,0.0,-1.468565360613893,-0.0009321708614355995
stable,2026-05-27 09:56:00-04:00,2026-05-27 09:57:00-04:00,2026-05-27 09:57:00-04:00,-0.003401842664776722,210.93,210.97218810930002,211.3941324855186,211.35185577296284,4,take_profit,alpaca_personal_api,1.8565299420744168,0.16892965299427942,0.16892963442887776,0.0,0.02,0.01,0.0,0.03,0.03,0.0,1.4886706546512596,-0.0005626072041166053
stable,2026-05-27 10:19:00-04:00,2026-05-27 10:20:00-04:00,2026-05-27 10:20:00-04:00,-0.0021378687823649933,210.03,210.0720081003,209.75690008814956,209.71495080570094,4,stop_loss,alpaca_personal_api,-1.0923996474017486,0.1679147600352735,0.16791477095921437,0.0,0.02,0.01,0.0,0.03,0.03,0.0,-1.4582291783962364,0.0006731139073574699
stable,2026-05-27 11:40:00-04:00,2026-05-27 11:41:00-04:00,2026-05-27 11:45:00-04:00,-0.002193714530974389,209.24,209.28185009240002,209.7004137925848,209.65847580683044,4,take_profit,alpaca_personal_api,1.8416551703392088,0.16757616551706178,0.1675761471004762,0.0,0.02,0.01,0.0,0.03,0.03,0.0,1.4765028577216708,-0.0006886957479924627
stable,2026-05-27 13:06:00-04:00,2026-05-27 13:07:00-04:00,2026-05-27 13:11:00-04:00,-0.0020368528255412244,210.68,210.7221381068,210.73,210.68785610729998,4,max_holding,alpaca_personal_api,0.1999999999999318,0.16856399999994665,0.16856399800008148,0.0,0.02,0.01,0.0,0.03,0.03,0.0,-0.16712799800009634,-0.0009217097027142129
stable,2026-05-27 13:44:00-04:00,2026-05-27 13:45:00-04:00,2026-05-27 13:47:00-04:00,-0.0024046395398179543,211.57,211.61231611569997,212.03554074793138,211.99313576013722,4,take_profit,alpaca_personal_api,1.8621629917255405,0.16944221629910317,0.16944219767742652,0.0,0.02,0.01,0.0,0.03,0.03,0.0,1.4932785777490107,-0.0009079153712824306
stable,2026-05-27 15:00:00-04:00,2026-05-27 15:01:00-04:00,2026-05-27 15:04:00-04:00,-0.002395603363239185,212.38,212.4224781238,212.8473230800476,212.80475574390482,4,take_profit,alpaca_personal_api,1.869292320190425,0.17009092923206026,0.17009091053910197,0.0,0.02,0.01,0.0,0.03,0.03,0.0,1.4991104804192628,-0.0008506201295137572
stable,2026-05-27 15:19:00-04:00,2026-05-27 15:20:00-04:00,2026-05-27 15:20:00-04:00,-0.0021161533035505276,212.2,212.242442122,211.924078458817,211.88169576236604,4,stop_loss,alpaca_personal_api,-1.1036861647319256,0.1696496313835496,0.1696496424203815,0.0,0.02,0.01,0.0,0.03,0.03,0.0,-1.4729854385358567,-4.117655132673814e-05
stable,2026-05-27 15:21:00-04:00,2026-05-27 15:22:00-04:00,2026-05-27 15:26:00-04:00,-0.002775817454716556,211.97,212.01239611969999,212.04,211.99759412039998,4,max_holding,alpaca_personal_api,0.2799999999999727,0.16960400000004938,0.16960399719994257,0.0,0.02,0.01,0.0,0.03,0.03,0.0,-0.08920799720001923,5.489152063220537e-05
stable,2026-05-27 15:51:00-04:00,2026-05-27 15:52:00-04:00,2026-05-27 15:54:00-04:00,-0.0030997557768175366,212.25,212.29245212249998,211.97401344431626,211.93162076136753,4,stop_loss,alpaca_personal_api,-1.103946222734976,0.16968960537769817,0.16968961641714486,0.0,0.02,0.01,0.0,0.03,0.03,0.0,-1.473325444529819,-0.00016462034433084582
stable,2026-05-28 09:44:00-04:00,2026-05-28 09:45:00-04:00,2026-05-28 09:45:00-04:00,-0.003461826347305297,212.99,213.0326001299,212.71305122970517,212.67051074658974,4,stop_loss,alpaca_personal_api,-1.107795081179347,0.17028122049191552,0.17028123156978836,0.0,0.02,0.01,0.0,0.03,0.03,0.0,-1.478357533241051,-0.0009625962596260251
stable,2026-05-28 09:46:00-04:00,2026-05-28 09:47:00-04:00,2026-05-28 09:47:00-04:00,-0.004502603067398359,212.25,212.29245212249998,211.97401344431626,211.93162076136753,4,stop_loss,alpaca_personal_api,-1.103946222734976,0.16968960537769817,0.16968961641714486,0.0,0.02,0.01,0.0,0.03,0.03,0.0,-1.473325444529819,-0.0007016964543691273
stable,2026-05-28 09:48:00-04:00,2026-05-28 09:49:00-04:00,2026-05-28 09:49:00-04:00,-0.005070422535211283,211.9,211.942382119,211.62446854582151,211.58214576835704,4,stop_loss,alpaca_personal_api,-1.102125816713965,0.16940978741831714,0.16940979843957393,0.0,0.02,0.01,0.0,0.03,0.03,0.0,-1.470945402571856,-0.0006192546925744002
stable,2026-05-28 09:50:00-04:00,2026-05-28 09:51:00-04:00,2026-05-28 09:52:00-04:00,-0.002399209672107938,212.05,212.09241212050003,212.51659694474102,212.47409575051805,4,take_profit,alpaca_personal_api,1.8663877789640537,0.16982663877797677,0.16982662011400862,0.0,0.02,0.01,0.0,0.03,0.03,0.0,1.4967345200720683,1.3765003854082636e-05
stable,2026-05-28 10:10:00-04:00,2026-05-28 10:11:00-04:00,2026-05-28 10:12:00-04:00,-0.004414803682134094,211.99,212.0324001199,212.45646492013978,212.4139757517204,4,take_profit,alpaca_personal_api,1.8658596805590832,0.16977858596806072,0.16977856730943586,0.0,0.02,0.01,0.0,0.03,0.03,0.0,1.4963025272815866,0.0007150223444483128
stable,2026-05-28 10:25:00-04:00,2026-05-28 10:26:00-04:00,2026-05-28 10:29:00-04:00,-0.002020581739579974,212.38,212.4224781238,212.10384440661431,212.06142575877146,4,stop_loss,alpaca_personal_api,-1.1046223735427247,0.1697935377626436,0.16979354880879782,0.0,0.02,0.01,0.0,0.03,0.03,0.0,-1.4742094601141662,-0.0002874585922740813
stable,2026-05-28 10:36:00-04:00,2026-05-28 10:37:00-04:00,2026-05-28 10:38:00-04:00,-0.002402260951483881,211.8,211.84236211799998,211.524598574823,211.482295770354,4,stop_loss,alpaca_personal_api,-1.1016057007080917,0.16932983942990631,0.16932985044593352,0.0,0.02,0.01,0.0,0.03,0.03,0.0,-1.4702653905839316,-0.0004786455697933789
stable,2026-05-28 11:06:00-04:00,2026-05-28 11:07:00-04:00,2026-05-28 11:11:00-04:00,-0.0023069679849341274,211.91,211.95238411909997,212.17,212.1275681217,4,max_holding,alpaca_personal_api,1.0399999999999636,0.1696319999999787,0.16963198959990677,0.0,0.02,0.01,0.0,0.03,0.03,0.0,0.6707360104000781,0.00024560302364617925
stable,2026-05-28 11:56:00-04:00,2026-05-28 11:57:00-04:00,2026-05-28 11:59:00-04:00,-0.0023960535588442022,212.34,212.3824701234,212.0638964182149,212.02148575957023,4,stop_loss,alpaca_personal_api,-1.1044143271403755,0.16976155856730202,0.16976156961140987,0.0,0.02,0.01,0.0,0.03,0.03,0.0,-1.4739374553190874,-0.0002042984391599223
stable,2026-05-28 12:32:00-04:00,2026-05-28 12:33:00-04:00,2026-05-28 12:37:00-04:00,-0.0029588577869622545,212.29,212.3324601229,212.61,212.5674801261,4,max_holding,alpaca_personal_api,1.2800000000000864,0.16996000000006006,0.16995998719994532,0.0,0.02,0.01,0.0,0.03,0.03,0.0,0.910080012800081,-0.0006802721088435826
stable,2026-05-28 13:11:00-04:00,2026-05-28 13:12:00-04:00,2026-05-28 13:16:00-04:00,-0.0025752680619935964,213.03,213.07260813029998,213.04,212.9973941304,4,max_holding,alpaca_personal_api,0.03999999999996362,0.17042799999990166,0.17042799959995136,0.0,0.02,0.01,0.0,0.03,0.03,0.0,-0.3308559995998894,-0.00040787470089187483
stable,2026-05-28 14:11:00-04:00,2026-05-28 14:12:00-04:00,2026-05-28 14:16:00-04:00,-0.003351799264466271,214.11,214.1528241411,214.08,214.0371861408,4,max_holding,alpaca_personal_api,-0.12000000000000455,0.1712760000000344,0.17127600119999897,0.0,0.02,0.01,0.0,0.03,0.03,0.0,-0.49255200120003795,-0.0004894829156866232
stable,2026-05-28 14:30:00-04:00,2026-05-28 14:31:00-04:00,2026-05-28 14:35:00-04:00,-0.002145122178698,213.97,214.01279613970001,214.2,214.15716214199998,4,max_holding,alpaca_personal_api,0.9199999999999591,0.1712680000000546,0.17126799080006094,0.0,0.02,0.01,0.0,0.03,0.03,0.0,0.5474640091998435,-0.0005439882498537996
stable,2026-05-28 15:01:00-04:00,2026-05-28 15:02:00-04:00,2026-05-28 15:06:00-04:00,-0.0031713459565337887,213.73,213.7727481373,214.15,214.10717214150003,4,max_holding,alpaca_personal_api,1.6800000000000637,0.1711520000000064,0.17115198319993397,0.0,0.02,0.01,0.0,0.03,0.03,0.0,1.3076960168001233,-0.0008434111901620689
stable,2026-05-29 09:54:00-04:00,2026-05-29 09:55:00-04:00,2026-05-29 09:57:00-04:00,-0.0025921125717459637,215.48,215.52309815479998,215.9541443511096,215.91095568178082,4,take_profit,alpaca_personal_api,1.8965774044384034,0.17257365774037225,0.17257363877467924,0.0,0.02,0.01,0.0,0.03,0.03,0.0,1.5214301079233519,0.00036508194061357635
stable,2026-05-29 10:03:00-04:00,2026-05-29 10:04:00-04:00,2026-05-29 10:04:00-04:00,-0.0025392428439519055,216.01,216.0532041601,215.72912435385985,215.68598068628032,4,stop_loss,alpaca_personal_api,-1.1235025845605833,0.17269564974151308,0.17269566097661482,0.0,0.02,0.01,0.0,0.03,0.03,0.0,-1.4988938952787112,0.00037829147358059423
stable,2026-05-29 10:13:00-04:00,2026-05-29 10:14:00-04:00,2026-05-29 10:17:00-04:00,-0.0020319571441765882,216.1,216.143222161,215.81900732775853,215.77584568448304,4,stop_loss,alpaca_personal_api,-1.1239706889658692,0.17276760293111693,0.17276761417087982,0.0,0.02,0.01,0.0,0.03,0.03,0.0,-1.499505906067866,-0.00027043106712087983
stable,2026-05-29 10:28:00-04:00,2026-05-29 10:29:00-04:00,2026-05-29 10:29:00-04:00,-0.005224467150584888,215.17,215.21303615169998,214.89021659747243,214.84724070305512,4,stop_loss,alpaca_personal_api,-1.1191336101102252,0.1720240866388849,0.1720240978303309,0.0,0.02,0.01,0.0,0.03,0.03,0.0,-1.493181794579441,-0.00028466856445719113
stable,2026-05-29 10:37:00-04:00,2026-05-29 10:38:00-04:00,2026-05-29 10:39:00-04:00,-0.0033376599295382725,215.0,215.04300215,214.72043764677503,214.67749570645006,4,stop_loss,alpaca_personal_api,-1.1182494128998997,0.17188817505871157,0.1718881862411763,0.0,0.02,0.01,0.0,0.03,0.03,0.0,-1.4920257741997875,-0.0009492683852944106
stable,2026-05-29 11:17:00-04:00,2026-05-29 11:18:00-04:00,2026-05-29 11:19:00-04:00,-0.0030982658959537446,215.57,215.6131161557,215.28969648146645,215.24664069506713,4,stop_loss,alpaca_personal_api,-1.1212140741341727,0.1723438785925282,0.17234388980477888,0.0,0.02,0.01,0.0,0.03,0.03,0.0,-1.4959018425314798,-0.0005147795930531274
stable,2026-05-29 11:22:00-04:00,2026-05-29 11:23:00-04:00,2026-05-29 11:27:00-04:00,-0.0027831895352073976,214.95,214.99299214949997,215.02,214.97699815020002,4,max_holding,alpaca_personal_api,0.2800000000000864,0.17198799999994208,0.17198799719994895,0.0,0.02,0.01,0.0,0.03,0.03,0.0,-0.09397599719980462,-0.0006099213879099397
stable,2026-05-29 12:17:00-04:00,2026-05-29 12:18:00-04:00,2026-05-29 12:22:00-04:00,-0.002124711316397243,216.06,216.1032141606,215.95,215.9068121595,4,max_holding,alpaca_personal_api,-0.44000000000005457,0.17280399999992824,0.1728040044000636,0.0,0.02,0.01,0.0,0.03,0.03,0.0,-0.8156080044000464,-0.00023020881293511763
stable,2026-05-29 13:21:00-04:00,2026-05-29 13:22:00-04:00,2026-05-29 13:26:00-04:00,-0.0025857690354158525,216.02,216.0632061602,216.05,216.00679216050003,4,max_holding,alpaca_personal_api,0.12000000000000455,0.17282799999998133,0.17282799879990307,0.0,0.02,0.01,0.0,0.03,0.03,0.0,-0.2556559987998799,-0.0009491911535385311
stable,2026-05-29 13:59:00-04:00,2026-05-29 14:00:00-04:00,2026-05-29 14:04:00-04:00,-0.0034260845409510576,215.27,215.3130561527,215.5,215.45690215500002,4,max_holding,alpaca_personal_api,0.9199999999999591,0.17230799999992996,0.1723079907999363,0.0,0.02,0.01,0.0,0.03,0.03,0.0,0.5453840092000928,-0.0009647787803021002
stable,2026-05-29 14:35:00-04:00,2026-05-29 14:36:00-04:00,2026-05-29 14:40:00-04:00,-0.0023046784973496104,216.46,216.50329416460002,216.67,216.62666816669997,4,max_holding,alpaca_personal_api,0.8399999999999181,0.1732520000000477,0.17325199160006832,0.0,0.02,0.01,0.0,0.03,0.03,0.0,0.4634960083998021,0.0
stable,2026-05-29 15:18:00-04:00,2026-05-29 15:19:00-04:00,2026-05-29 15:23:00-04:00,-0.0030353200883002085,216.78,216.8233581678,216.87,216.8266281687,4,max_holding,alpaca_personal_api,0.36000000000001364,0.1734599999999773,0.1734599963999699,0.0,0.02,0.01,0.0,0.03,0.03,0.0,-0.01691999639993355,-0.0005836998425367002
stable,2026-05-29 15:46:00-04:00,2026-05-29 15:47:00-04:00,2026-05-29 15:50:00-04:00,-0.0033155277214956813,216.44,216.48329016440002,216.15856522915342,216.11533567769325,4,stop_loss,alpaca_personal_api,-1.1257390833862928,0.17303942609169098,0.17303943734907534,0.0,0.02,0.01,0.0,0.03,0.03,0.0,-1.5018179468270592,-0.00065008058290561
stable,2026-05-29 15:51:00-04:00,2026-05-29 15:52:00-04:00,2026-05-29 15:52:00-04:00,-0.010441692847902417,214.15,214.1928321415,213.87154289328777,213.82877072342455,4,stop_loss,alpaca_personal_api,-1.1138284268489542,0.17120861715727642,0.17120862829551697,0.0,0.02,0.01,0.0,0.03,0.03,0.0,-1.4862456723017476,9.486508829237295e-05
stable,2026-05-29 15:53:00-04:00,2026-05-29 15:54:00-04:00,2026-05-29 15:54:00-04:00,-0.01832871652816248,212.63,212.6725281263,212.35351933411056,212.31105075377894,4,stop_loss,alpaca_personal_api,-1.1059226635577488,0.16999340773361382,0.16999341879284202,0.0,0.02,0.01,0.0,0.03,0.03,0.0,-1.4759094900842047,-0.000866727156999425
rising,2026-05-01 09:36:00-04:00,2026-05-01 09:37:00-04:00,2026-05-01 09:38:00-04:00,-0.006523995452972997,201.0,201.04020200999997,200.738641706985,200.69849598603003,4,stop_loss,alpaca_personal_api,-1.0454331720600294,0.16069545668267438,0.1606954671370886,0.0,0.02,0.01,0.0,0.03,0.03,0.0,-1.3968240958797924,0.0016720660466087445
rising,2026-05-01 09:50:00-04:00,2026-05-01 09:51:00-04:00,2026-05-01 09:51:00-04:00,-0.008589017972395974,199.7,199.739941997,199.4403320840045,199.40044601199102,5,stop_loss,alpaca_personal_api,-1.2983395799774655,0.19957016604195132,0.19957017902541452,0.0,0.03,0.01,0.0,0.04,0.04,0.0,-1.7374799250448314,0.0012951632352284914
rising,2026-05-01 09:52:00-04:00,2026-05-01 09:53:00-04:00,2026-05-01 09:53:00-04:00,-0.002847721822541893,199.6,199.639921996,199.340462113006,199.30059601398804,5,stop_loss,alpaca_personal_api,-1.297689434969982,0.1994702310564378,0.199470244033364,0.0,0.03,0.01,0.0,0.04,0.04,0.0,-1.7366299100597837,0.0011617861717656552
rising,2026-05-04 09:45:00-04:00,2026-05-04 09:46:00-04:00,2026-05-04 09:46:00-04:00,-0.002193419740777691,200.14,200.18003000139998,199.8797599563979,199.8397860032042,4,stop_loss,alpaca_personal_api,-1.040960174408383,0.16000790398254594,0.16000791439216755,0.0,0.02,0.01,0.0,0.03,0.03,0.0,-1.3909759927830965,0.0014996956063373368
rising,2026-05-08 10:03:00-04:00,2026-05-08 10:04:00-04:00,2026-05-08 10:06:00-04:00,-0.0033640552995390927,216.27,216.31325616270001,215.988786278456,215.94559068108816,4,stop_loss,alpaca_personal_api,-1.124854886176081,0.17290351451140396,0.17290352575992074,0.0,0.02,0.01,0.0,0.03,0.03,0.0,-1.5006619264474057,0.001591632560254741
rising,2026-05-13 09:41:00-04:00,2026-05-13 09:42:00-04:00,2026-05-13 09:43:00-04:00,-0.00527015057573077,224.63,224.67492824629997,225.12427810279257,225.0792554984148,4,take_profit,alpaca_personal_api,1.9771124111703102,0.17990171124108656,0.1799016914699223,0.0,0.02,0.01,0.0,0.03,0.03,0.0,1.5873090084593013,0.0016826685143025433
rising,2026-05-14 09:36:00-04:00,2026-05-14 09:37:00-04:00,2026-05-14 09:37:00-04:00,-0.0021657209685104206,230.4,230.44608230400002,230.906974468608,230.86079538278403,4,take_profit,alpaca_personal_api,2.0278978744320284,0.18452278978747927,0.1845227695084759,0.0,0.02,0.01,0.0,0.03,0.03,0.0,1.6288523151360732,0.0020437302276099523
rising,2026-05-14 09:38:00-04:00,2026-05-14 09:39:00-04:00,2026-05-14 09:39:00-04:00,-0.005523431431777026,230.46,230.5060943046,230.16033516314312,230.11430539771385,4,stop_loss,alpaca_personal_api,-1.198659347427565,0.18424813406522844,0.18424814605180018,0.0,0.02,0.01,0.0,0.03,0.03,0.0,-1.5971556275445937,0.0018453021682298676
rising,2026-05-14 09:49:00-04:00,2026-05-14 09:50:00-04:00,2026-05-14 09:50:00-04:00,-0.0025857610756765403,231.46,231.5062943146,231.15903487312812,231.11280537774385,4,stop_loss,alpaca_personal_api,-1.2038605074875477,0.18504761394922298,0.18504762598786328,0.0,0.02,0.01,0.0,0.03,0.03,0.0,-1.603955747424634,0.0013101410492277754
rising,2026-05-18 10:12:00-04:00,2026-05-18 10:13:00-04:00,2026-05-18 10:13:00-04:00,-0.004346090735731112,224.53,224.57490824529998,224.23804588293206,224.19320051613593,4,stop_loss,alpaca_personal_api,-1.1678164682717806,0.17950721835313743,0.17950723003127678,0.0,0.02,0.01,0.0,0.03,0.03,0.0,-1.5568309166561949,0.0010313647923141378
rising,2026-05-18 12:34:00-04:00,2026-05-18 12:35:00-04:00,2026-05-18 12:35:00-04:00,-0.0026346870173524772,219.54,219.5839101954,220.0230780157908,219.9790756004184,4,take_profit,alpaca_personal_api,1.932312063163181,0.17582523120631777,0.17582521188319333,0.0,0.02,0.01,0.0,0.03,0.03,0.0,1.5506616200736698,0.0010433639196181232
rising,2026-05-19 09:49:00-04:00,2026-05-19 09:50:00-04:00,2026-05-19 09:50:00-04:00,-0.002664859981933221,220.81,220.85416420809997,220.52288296178784,220.47878059042432,4,stop_loss,alpaca_personal_api,-1.1484681528486362,0.17653315318466412,0.17653316466930846,0.0,0.02,0.01,0.0,0.03,0.03,0.0,-1.5315344707026088,0.001199109233141149
rising,2026-05-21 09:52:00-04:00,2026-05-21 09:53:00-04:00,2026-05-21 09:53:00-04:00,-0.005161579892280055,221.68,221.7243382168,222.1677868932336,222.12335555753285,4,take_profit,alpaca_personal_api,1.9511475729343601,0.17753911475722362,0.1775390952457201,0.0,0.02,0.01,0.0,0.03,0.03,0.0,1.5660693629314164,0.0013979101948602413
rising,2026-05-21 10:32:00-04:00,2026-05-21 10:33:00-04:00,2026-05-21 10:33:00-04:00,-0.0021010322462775566,218.46,218.50369418460002,218.17593864332312,218.13230563735382,4,stop_loss,alpaca_personal_api,-1.1362454267075464,0.1746543754574077,0.1746543868198387,0.0,0.02,0.01,0.0,0.03,0.03,0.0,-1.5155541889847928,0.0010742960533756118
rising,2026-05-26 09:40:00-04:00,2026-05-26 09:41:00-04:00,2026-05-26 09:42:00-04:00,-0.003469491603830366,215.44,215.4830901544,215.9140563347088,215.8708756825824,4,take_profit,alpaca_personal_api,1.8962253388351655,0.17254162253391314,0.17254160357163073,0.0,0.02,0.01,0.0,0.03,0.03,0.0,1.5211421127296216,0.0012989345972611588
rising,2026-05-26 10:35:00-04:00,2026-05-26 10:36:00-04:00,2026-05-26 10:36:00-04:00,-0.004636643253913664,216.82,216.8633661682,216.53807111894773,216.49476567010464,4,stop_loss,alpaca_personal_api,-1.1277155242090657,0.17334322844760663,0.1733432397247725,0.0,0.02,0.01,0.0,0.03,0.03,0.0,-1.504401992381445,0.0010696067138389331
rising,2026-05-26 10:37:00-04:00,2026-05-26 10:38:00-04:00,2026-05-26 10:41:00-04:00,-0.0028100239543026317,216.47,216.5132961647,216.9463227570294,216.90293566194123,4,take_profit,alpaca_personal_api,1.905291028117631,0.1733665291028501,0.1733665100498456,0.0,0.02,0.01,0.0,0.03,0.03,0.0,1.5285579889649352,0.0013436437424592107
rising,2026-05-28 10:12:00-04:00,2026-05-28 10:13:00-04:00,2026-05-28 10:13:00-04:00,-0.002160537316236999,212.48,212.52249812479997,212.20371437761278,212.16127575677442,4,stop_loss,alpaca_personal_api,-1.1051424895488253,0.16987348575094074,0.16987349680243824,0.0,0.02,0.01,0.0,0.03,0.03,0.0,-1.4748894721022043,0.00399785681902487
