relative_volume_band,signal_time,entry_time,exit_time,drop_return,entry_mid,entry_executed,exit_mid,exit_executed,quantity,exit_reason,broker_profile,gross_pnl,spread_cost,slippage_cost,broker_commission,sec_fee,finra_taf,cat_fee,regulatory_fees,total_broker_fees,commission_cost,net_pnl,relative_volume_30
low,2026-05-01 09:48:00-04:00,2026-05-01 09:49:00-04:00,2026-05-01 09:50:00-04:00,-0.007588156524326761,200.09,200.13002000089998,199.82982497089864,199.78986100420272,4,stop_loss,alpaca_personal_api,-1.0407001164054464,0.15996792998828369,0.1599679403952905,0.0,0.02,0.01,0.0,0.03,0.03,0.0,-1.3906359867890206,0.7084288078984333
low,2026-05-01 10:16:00-04:00,2026-05-01 10:17:00-04:00,2026-05-01 10:21:00-04:00,-0.0020012007204323057,199.48,199.51989799479998,199.58,199.5400859958,5,max_holding,alpaca_personal_api,0.5000000000001137,0.19953000000000998,0.19952999499992075,0.0,0.03,0.01,0.0,0.04,0.04,0.0,0.06094000500018296,0.688696519312986
low,2026-05-01 10:27:00-04:00,2026-05-01 10:28:00-04:00,2026-05-01 10:29:00-04:00,-0.002253041606168238,199.29,199.32985999289997,199.03086520291063,198.9910610201787,5,stop_loss,alpaca_personal_api,-1.295673985446797,0.1991604326013885,0.19916044555813528,0.0,0.03,0.01,0.0,0.04,0.04,0.0,-1.7339948636063207,0.6974163407649416
low,2026-05-01 10:58:00-04:00,2026-05-01 10:59:00-04:00,2026-05-01 11:01:00-04:00,-0.0020037068576868045,199.23,199.2698479923,198.97094322031154,198.9311510213769,5,stop_loss,alpaca_personal_api,-1.29528389844225,0.19910047161019406,0.1991004845629618,0.0,0.03,0.01,0.0,0.04,0.04,0.0,-1.7334848546154058,0.6211859446033995
low,2026-05-04 09:45:00-04:00,2026-05-04 09:46:00-04:00,2026-05-04 09:46:00-04:00,-0.002193419740777691,200.14,200.18003000139998,199.8797599563979,199.8397860032042,4,stop_loss,alpaca_personal_api,-1.040960174408383,0.16000790398254594,0.16000791439216755,0.0,0.02,0.01,0.0,0.03,0.03,0.0,-1.3909759927830965,0.744810633648944
low,2026-05-04 09:49:00-04:00,2026-05-04 09:50:00-04:00,2026-05-04 09:50:00-04:00,-0.005694021277658501,199.05,199.0898119905,198.79117727251426,198.75142102497153,5,stop_loss,alpaca_personal_api,-1.294113637428751,0.19892058863618445,0.1989206015774414,0.0,0.03,0.01,0.0,0.04,0.04,0.0,-1.7319548276423768,0.6688769847561666
low,2026-05-04 09:51:00-04:00,2026-05-04 09:52:00-04:00,2026-05-04 09:52:00-04:00,-0.0026035147449054996,199.21,199.2498439921,198.95096922611188,198.91118102177637,5,stop_loss,alpaca_personal_api,-1.2951538694406395,0.19908048461303451,0.19908049756452328,0.0,0.03,0.01,0.0,0.04,0.04,0.0,-1.7333148516181973,0.6722234791202772
low,2026-05-04 09:54:00-04:00,2026-05-04 09:55:00-04:00,2026-05-04 09:55:00-04:00,-0.0036168182046516506,198.36,198.3996739836,198.1020744726246,198.06245603875084,5,stop_loss,alpaca_personal_api,-1.2896276368770998,0.19823103723624058,0.19823105013244913,0.0,0.03,0.01,0.0,0.04,0.04,0.0,-1.7260897242457895,0.715069592615991
low,2026-05-04 10:05:00-04:00,2026-05-04 10:06:00-04:00,2026-05-04 10:07:00-04:00,-0.0045289855072464524,197.82,197.85956597819998,198.2552851101564,198.21563603568723,5,take_profit,alpaca_personal_api,2.1764255507819996,0.19803764255499345,0.19803762079078524,0.0,0.03,0.01,0.0,0.04,0.04,0.0,1.7403502874362209,0.6843750125209852
low,2026-05-04 10:18:00-04:00,2026-05-04 10:19:00-04:00,2026-05-04 10:20:00-04:00,-0.0030211480362537513,197.99,198.0295999799,197.73255557993016,197.69301104613973,5,stop_loss,alpaca_personal_api,-1.2872221003492257,0.19786127778999685,0.19786129066218905,0.0,0.03,0.01,0.0,0.04,0.04,0.0,-1.7229446688014116,0.7432474852768478
low,2026-05-04 14:15:00-04:00,2026-05-04 14:16:00-04:00,2026-05-04 14:20:00-04:00,-0.0020627892936204706,198.35,198.3896719835,198.28,198.24034598280002,5,max_holding,alpaca_personal_api,-0.3499999999999659,0.19831499999995117,0.19831500349994258,0.0,0.03,0.01,0.0,0.04,0.04,0.0,-0.7866300034998597,0.6278852222754476
low,2026-05-05 10:16:00-04:00,2026-05-05 10:17:00-04:00,2026-05-05 10:18:00-04:00,-0.002169087974172701,197.8,197.839561978,197.542802635033,197.50329604993405,5,stop_loss,alpaca_personal_api,-1.2859868248349926,0.1976714013174785,0.19767141417730727,0.0,0.03,0.01,0.0,0.04,0.04,0.0,-1.7213296403297784,0.70392752840145
low,2026-05-05 10:31:00-04:00,2026-05-05 10:32:00-04:00,2026-05-05 10:36:00-04:00,-0.003975642896683729,197.92,197.95958597919997,197.89,197.85042397889998,5,max_holding,alpaca_personal_api,-0.15000000000000568,0.19790499999999156,0.19790500149994728,0.0,0.03,0.01,0.0,0.04,0.04,0.0,-0.5858100014999446,0.601038626517097
low,2026-05-05 11:18:00-04:00,2026-05-05 11:19:00-04:00,2026-05-05 11:23:00-04:00,-0.0024322270078540598,196.86,196.89937396860003,197.29317271653724,197.2537160549257,5,take_profit,alpaca_personal_api,2.1658635826861428,0.19707658635823577,0.1970765646996142,0.0,0.03,0.01,0.0,0.04,0.04,0.0,1.7317104316282927,0.6871902031295558
low,2026-05-05 12:31:00-04:00,2026-05-05 12:32:00-04:00,2026-05-05 12:36:00-04:00,-0.0023734976265024077,197.55,197.58951197550002,197.74,197.70045397740003,5,max_holding,alpaca_personal_api,0.9499999999999886,0.19764499999993745,0.19764499049998108,0.0,0.03,0.01,0.0,0.04,0.04,0.0,0.5147100095000701,0.7485565626498697
low,2026-05-05 12:42:00-04:00,2026-05-05 12:43:00-04:00,2026-05-05 12:47:00-04:00,-0.002073220064724879,197.35,197.38947197349998,197.59,197.55048397590002,5,max_holding,alpaca_personal_api,1.2000000000000455,0.19746999999995296,0.1974699879998809,0.0,0.03,0.01,0.0,0.04,0.04,0.0,0.7650600120002116,0.6432285248520517
low,2026-05-06 10:06:00-04:00,2026-05-06 10:07:00-04:00,2026-05-06 10:07:00-04:00,-0.0055362304639656745,203.02,203.0606060302,203.46672724226042,203.42603593147925,4,take_profit,alpaca_personal_api,1.786908969041633,0.16259469089686718,0.1625946730277974,0.0,0.02,0.01,0.0,0.03,0.03,0.0,1.4317196051169685,0.7316136064623406
low,2026-05-06 10:16:00-04:00,2026-05-06 10:17:00-04:00,2026-05-06 10:17:00-04:00,-0.0026291445542625524,204.86,204.9009740486,204.5936225875271,204.55270590894582,4,stop_loss,alpaca_personal_api,-1.0655096498916237,0.1637814490350138,0.16378145969008528,0.0,0.02,0.01,0.0,0.03,0.03,0.0,-1.4230725586167228,0.6370679364613984
low,2026-05-06 10:22:00-04:00,2026-05-06 10:23:00-04:00,2026-05-06 10:23:00-04:00,-0.006320431161195406,202.86,202.9005740286,203.3063751766572,203.26571593468563,4,take_profit,alpaca_personal_api,1.7855007066287953,0.16246655007068966,0.16246653221560337,0.0,0.02,0.01,0.0,0.03,0.03,0.0,1.4305676243425023,0.626983215913247
low,2026-05-06 10:58:00-04:00,2026-05-06 10:59:00-04:00,2026-05-06 11:02:00-04:00,-0.00243890541924785,204.53,204.5709080453,204.26405168323205,204.22320091553595,4,stop_loss,alpaca_personal_api,-1.0637932670717873,0.1635176206732467,0.1635176313111515,0.0,0.02,0.01,0.0,0.03,0.03,0.0,-1.4208285190561856,0.5859169279382596
low,2026-05-06 11:40:00-04:00,2026-05-06 11:41:00-04:00,2026-05-06 11:41:00-04:00,-0.004257377842283527,205.82,205.86116605819998,205.5523743091127,205.51126588977465,4,stop_loss,alpaca_personal_api,-1.0705027635491433,0.16454894972355305,0.16454896042864675,0.0,0.02,0.01,0.0,0.03,0.03,0.0,-1.4296006737013431,0.68815313481846
low,2026-05-06 11:42:00-04:00,2026-05-06 11:43:00-04:00,2026-05-06 11:43:00-04:00,-0.0037344197099762333,205.42,205.4610860542,205.15289442511872,205.11186589776264,4,stop_loss,alpaca_personal_api,-1.068422299525082,0.16422915777002345,0.16422916845431246,0.0,0.02,0.01,0.0,0.03,0.03,0.0,-1.426880625749418,0.4983009919645838
low,2026-05-06 11:49:00-04:00,2026-05-06 11:50:00-04:00,2026-05-06 11:54:00-04:00,-0.003069427527405577,204.62,204.66092604620002,204.71,204.66906004710003,4,max_holding,alpaca_personal_api,0.36000000000001364,0.16373199999998178,0.16373199639997438,0.0,0.02,0.01,0.0,0.03,0.03,0.0,0.002536003600057485,0.5641533708005317
low,2026-05-07 09:43:00-04:00,2026-05-07 09:44:00-04:00,2026-05-07 09:44:00-04:00,-0.00628689350674283,207.09,207.13142007090002,207.5456829110418,207.50417584991644,4,take_profit,alpaca_personal_api,1.82273164416722,0.16585427316442747,0.16585425493713046,0.0,0.02,0.01,0.0,0.03,0.03,0.0,1.4610231160656622,0.5106151469586261
low,2026-05-07 09:45:00-04:00,2026-05-07 09:46:00-04:00,2026-05-07 09:46:00-04:00,-0.0038938563599654197,207.2,207.24144207199998,207.655924956144,207.61439584771202,4,take_profit,alpaca_personal_api,1.8236998245760105,0.1659423699825311,0.16594235174534333,0.0,0.02,0.01,0.0,0.03,0.03,0.0,1.461815102848136,0.6802554984533697
low,2026-05-07 10:32:00-04:00,2026-05-07 10:33:00-04:00,2026-05-07 10:35:00-04:00,-0.005526932084309211,212.31,212.3524641231,212.7771690513462,212.73461574530762,4,take_profit,alpaca_personal_api,1.8686762053847588,0.17003486762052944,0.17003484893371024,0.0,0.02,0.01,0.0,0.03,0.03,0.0,1.498606488830519,0.6288747034647726
low,2026-05-07 10:44:00-04:00,2026-05-07 10:45:00-04:00,2026-05-07 10:45:00-04:00,-0.004024144869215318,212.86,212.9025741286,213.32837927685722,213.28571573428565,4,take_profit,alpaca_personal_api,1.8735171074288246,0.1704753517107065,0.17047533297557038,0.0,0.02,0.01,0.0,0.03,0.03,0.0,1.5025664227425477,0.6583827120220804
low,2026-05-07 10:49:00-04:00,2026-05-07 10:50:00-04:00,2026-05-07 10:50:00-04:00,-0.0022081277895231732,212.42,212.46248612419998,212.1437923950137,212.10136575797262,4,stop_loss,alpaca_personal_api,-1.1048304199451877,0.1698255169579852,0.16982552800629946,0.0,0.02,0.01,0.0,0.03,0.03,0.0,-1.4744814649094724,0.6163991674445441
low,2026-05-07 10:51:00-04:00,2026-05-07 10:52:00-04:00,2026-05-07 10:54:00-04:00,-0.0022066763697826675,212.52,212.5625061252,212.9876311374504,212.94503574109922,4,take_profit,alpaca_personal_api,1.8705245498015302,0.17020305245500822,0.17020303374965806,0.0,0.02,0.01,0.0,0.03,0.03,0.0,1.5001184635968638,0.6979610044235802
low,2026-05-07 12:39:00-04:00,2026-05-07 12:40:00-04:00,2026-05-07 12:41:00-04:00,-0.004356788157031777,212.53,212.5725081253,212.99765314155061,212.95505574089884,4,take_profit,alpaca_personal_api,1.8706125662024533,0.170211061256623,0.17021104255047703,0.0,0.02,0.01,0.0,0.03,0.03,0.0,1.5001904623953533,0.49213738079576896
low,2026-05-07 12:46:00-04:00,2026-05-07 12:47:00-04:00,2026-05-07 12:51:00-04:00,-0.002956219792595527,212.47,212.5124961247,212.19372738051297,212.15129075697413,4,stop_loss,alpaca_personal_api,-1.1050904779481243,0.16986549095213377,0.16986550200317652,0.0,0.02,0.01,0.0,0.03,0.03,0.0,-1.4748214709034346,0.5193154443047616
low,2026-05-07 12:58:00-04:00,2026-05-07 12:59:00-04:00,2026-05-07 13:03:00-04:00,-0.0024478651791178807,211.91,211.95238411909997,211.99,211.9476041199,4,max_holding,alpaca_personal_api,0.32000000000005,0.1695599999999331,0.16955999679998968,0.0,0.02,0.01,0.0,0.03,0.03,0.0,-0.04911999679987275,0.7047977999583658
low,2026-05-07 13:45:00-04:00,2026-05-07 13:46:00-04:00,2026-05-07 13:49:00-04:00,-0.0028696429411487756,211.96,212.0023941196,211.68439052842064,211.64205576715887,4,stop_loss,alpaca_personal_api,-1.1024378863174888,0.16945775621138637,0.1694577672357127,0.0,0.02,0.01,0.0,0.03,0.03,0.0,-1.471353409764588,0.68280880920395
low,2026-05-07 13:52:00-04:00,2026-05-07 13:53:00-04:00,2026-05-07 13:56:00-04:00,-0.002498585706204093,211.61,211.6523241161,211.33484562992587,211.29258077414835,4,stop_loss,alpaca_personal_api,-1.1006174802965916,0.16917793825200533,0.1691779492580281,0.0,0.02,0.01,0.0,0.03,0.03,0.0,-1.468973367806625,0.6626536725146761
low,2026-05-08 10:04:00-04:00,2026-05-08 10:05:00-04:00,2026-05-08 10:05:00-04:00,-0.004922708870077397,216.29,216.3332601629,216.00876027265565,215.96556068068872,4,stop_loss,alpaca_personal_api,-1.1249589093773693,0.1729195041090179,0.17291951535867156,0.0,0.02,0.01,0.0,0.03,0.03,0.0,-1.5007979288450588,0.6636940806935911
low,2026-05-08 10:07:00-04:00,2026-05-08 10:08:00-04:00,2026-05-08 10:10:00-04:00,-0.003276419012459564,215.99,216.03320015990002,215.70915035966019,215.66601068667975,4,stop_loss,alpaca_personal_api,-1.123398561359295,0.17267966014389913,0.172679671377864,0.0,0.02,0.01,0.0,0.03,0.03,0.0,-1.498757892881058,0.5104268767702724
low,2026-05-08 10:33:00-04:00,2026-05-08 10:34:00-04:00,2026-05-08 10:34:00-04:00,-0.0032455489614243715,214.97,215.0129961497,214.69047665547546,214.64754070704916,4,stop_loss,alpaca_personal_api,-1.1180933780981377,0.17186419066217695,0.17186420184305007,0.0,0.02,0.01,0.0,0.03,0.03,0.0,-1.4918217706033647,0.6225549695478909
low,2026-05-08 11:42:00-04:00,2026-05-08 11:43:00-04:00,2026-05-08 11:45:00-04:00,-0.0033214928264980736,216.06,216.1032141606,215.77905933935912,215.73590568528186,4,stop_loss,alpaca_personal_api,-1.1237626425635199,0.17273562373566165,0.17273563497337818,0.0,0.02,0.01,0.0,0.03,0.03,0.0,-1.4992339012725597,0.6816410531807684
low,2026-05-08 11:58:00-04:00,2026-05-08 11:59:00-04:00,2026-05-08 12:03:00-04:00,-0.0025017373175816315,215.3,215.343062153,215.4,215.35692215400002,4,max_holding,alpaca_personal_api,0.39999999999997726,0.17227999999988697,0.17227999600004296,0.0,0.02,0.01,0.0,0.03,0.03,0.0,0.02544000400004734,0.6783173634538195
low,2026-05-08 14:11:00-04:00,2026-05-08 14:12:00-04:00,2026-05-08 14:16:00-04:00,-0.0026461167076736736,214.84,214.88297014839998,215.02,214.97699815020002,4,max_holding,alpaca_personal_api,0.7200000000000273,0.17194399999993948,0.17194399279992467,0.0,0.02,0.01,0.0,0.03,0.03,0.0,0.3461120072001631,0.609798520543866
low,2026-05-11 09:57:00-04:00,2026-05-11 09:58:00-04:00,2026-05-11 09:59:00-04:00,-0.010442792649003607,217.02,217.0634061702,216.73781106094472,216.69446566611063,4,stop_loss,alpaca_personal_api,-1.1287557562211532,0.17350312442442828,0.17350313571193965,0.0,0.02,0.01,0.0,0.03,0.03,0.0,-1.5057620163575212,0.6669263069518984
low,2026-05-11 10:25:00-04:00,2026-05-11 10:26:00-04:00,2026-05-11 10:28:00-04:00,-0.0022352994845126206,218.71,218.7537441871,218.42561357081937,218.38193063236133,4,stop_loss,alpaca_personal_api,-1.1375457167225704,0.1748542454283779,0.1748542568037692,0.0,0.02,0.01,0.0,0.03,0.03,0.0,-1.5172542189547176,0.6700139915552822
low,2026-05-11 11:03:00-04:00,2026-05-11 11:04:00-04:00,2026-05-11 11:06:00-04:00,-0.0025720860971978343,221.02,221.06420621019998,220.73260990088468,220.68846558623062,4,stop_loss,alpaca_personal_api,-1.149560396461311,0.17670104396029274,0.17670105545585102,0.0,0.02,0.01,0.0,0.03,0.03,0.0,-1.5329624958774548,0.5957873984431559
low,2026-05-11 11:13:00-04:00,2026-05-11 11:14:00-04:00,2026-05-11 11:14:00-04:00,-0.003340254581565283,220.8,220.844162208,220.512895964688,220.468795590624,4,stop_loss,alpaca_personal_api,-1.148416141248049,0.17652515838585714,0.17652516987004674,0.0,0.02,0.01,0.0,0.03,0.03,0.0,-1.5314664695039528,0.7321556276395409
low,2026-05-11 11:34:00-04:00,2026-05-11 11:35:00-04:00,2026-05-11 11:36:00-04:00,-0.002254994813511879,221.23,221.2742482123,220.94233683998155,220.89815058203695,4,stop_loss,alpaca_personal_api,-1.1506526400737584,0.17686893473592136,0.17686894624250726,0.0,0.02,0.01,0.0,0.03,0.03,0.0,-1.534390521052187,0.6625439767853933
low,2026-05-12 09:49:00-04:00,2026-05-12 09:50:00-04:00,2026-05-12 09:50:00-04:00,-0.005772845251946768,222.15,222.1944322215,221.86114057316775,221.8167705636645,4,stop_loss,alpaca_personal_api,-1.1554377073290425,0.1776044562292327,0.17760446778368078,0.0,0.02,0.01,0.0,0.03,0.03,0.0,-1.540646631341956,0.48583326434827984
low,2026-05-12 09:51:00-04:00,2026-05-12 09:52:00-04:00,2026-05-12 09:52:00-04:00,-0.005204360895509019,221.75,221.7943522175,222.237940921935,222.19349555613005,4,take_profit,alpaca_personal_api,1.9517636877400264,0.17759517636875444,0.17759515685111182,0.0,0.02,0.01,0.0,0.03,0.03,0.0,1.56657335452016,0.6245466485891026
low,2026-05-12 09:56:00-04:00,2026-05-12 09:57:00-04:00,2026-05-12 09:57:00-04:00,-0.0023451946060523143,221.2,221.244242212,220.912375848682,220.86819558263602,4,stop_loss,alpaca_personal_api,-1.1504966052719965,0.17684495033950043,0.17684496184438103,0.0,0.02,0.01,0.0,0.03,0.03,0.0,-1.534186517455878,0.6985090988198798
low,2026-05-12 10:08:00-04:00,2026-05-12 10:09:00-04:00,2026-05-12 10:09:00-04:00,-0.0027135814752838883,220.44,220.4840902044,220.1533640690934,220.10933559781324,4,stop_loss,alpaca_personal_api,-1.146543723626337,0.17623734562755544,0.1762373570931004,0.0,0.02,0.01,0.0,0.03,0.03,0.0,-1.5290184263469928,0.6005014298835153
low,2026-05-12 10:10:00-04:00,2026-05-12 10:11:00-04:00,2026-05-12 10:11:00-04:00,-0.0041142960484672475,220.28,220.32405820280002,219.99357211549582,219.94957560100846,4,stop_loss,alpaca_personal_api,-1.1457115380167124,0.17610942884618908,0.1761094403033212,0.0,0.02,0.01,0.0,0.03,0.03,0.0,-1.5279304071662227,0.3796531125909568
low,2026-05-12 10:47:00-04:00,2026-05-12 10:48:00-04:00,2026-05-12 10:48:00-04:00,-0.00324719871941459,217.94,217.98359017939998,217.6566147941309,217.61308564773822,4,stop_loss,alpaca_personal_api,-1.1335408234764373,0.17423864591762595,0.17423865725299947,0.0,0.02,0.01,0.0,0.03,0.03,0.0,-1.5120181266470627,0.7027706621832812
low,2026-05-12 12:19:00-04:00,2026-05-12 12:20:00-04:00,2026-05-12 12:24:00-04:00,-0.0033958973888302824,217.19,217.23344017189999,216.90759001164216,216.86421066271572,4,stop_loss,alpaca_personal_api,-1.129639953431365,0.17363903600460162,0.17363904730109425,0.0,0.02,0.01,0.0,0.03,0.03,0.0,-1.506918036737061,0.6720442545039834
low,2026-05-12 15:24:00-04:00,2026-05-12 15:25:00-04:00,2026-05-12 15:29:00-04:00,-0.0024459845087648757,220.23,220.27404820229998,220.47,220.42590820470002,4,max_holding,alpaca_personal_api,0.9600000000000364,0.17627999999990607,0.17627999039996212,0.0,0.02,0.01,0.0,0.03,0.03,0.0,0.5774400096001682,0.7070597313428135
low,2026-05-13 09:42:00-04:00,2026-05-13 09:43:00-04:00,2026-05-13 09:43:00-04:00,-0.0037630600318753205,225.04,225.0850102504,224.7473827350244,224.7024355059512,4,stop_loss,alpaca_personal_api,-1.1704690599024161,0.17991495309399852,0.17991496479874058,0.0,0.02,0.01,0.0,0.03,0.03,0.0,-1.5602989777951553,0.686402880664092
low,2026-05-13 09:44:00-04:00,2026-05-13 09:45:00-04:00,2026-05-13 09:45:00-04:00,-0.005541762723887178,224.32,224.3648662432,224.02831894383522,223.98351552032966,4,stop_loss,alpaca_personal_api,-1.1667242246591059,0.1793393275775088,0.17933933924473422,0.0,0.02,0.01,0.0,0.03,0.03,0.0,-1.555402891481349,0.5710278253336358
low,2026-05-13 10:02:00-04:00,2026-05-13 10:03:00-04:00,2026-05-13 10:04:00-04:00,-0.0030815952838193494,223.22,223.2646462322,222.92974926285171,222.88516554229665,4,stop_loss,alpaca_personal_api,-1.1610029485931364,0.17845989970510345,0.17845991131514438,0.0,0.02,0.01,0.0,0.03,0.03,0.0,-1.5479227596133842,0.3462974282358025
low,2026-05-13 10:33:00-04:00,2026-05-13 10:34:00-04:00,2026-05-13 10:34:00-04:00,-0.00369858740697826,223.59,223.6347202359,224.08198967637182,224.03717551925644,4,take_profit,alpaca_personal_api,1.9679587054872627,0.1790687958705348,0.17906877619100214,0.0,0.02,0.01,0.0,0.03,0.03,0.0,1.5798211334257257,0.7441807011818788
low,2026-05-13 11:15:00-04:00,2026-05-13 11:16:00-04:00,2026-05-13 11:20:00-04:00,-0.0023781212841854638,226.53,226.57530826529998,226.51,226.4647002651,4,max_holding,alpaca_personal_api,-0.08000000000004093,0.18121599999994942,0.1812160007999637,0.0,0.02,0.01,0.0,0.03,0.03,0.0,-0.47243200079995407,0.7446403968937046
low,2026-05-13 11:22:00-04:00,2026-05-13 11:23:00-04:00,2026-05-13 11:23:00-04:00,-0.0022929711614780857,226.27,226.31525626270002,225.97578337830598,225.93059048138815,4,stop_loss,alpaca_personal_api,-1.1768664867761345,0.18089831335134932,0.18089832511998338,0.0,0.02,0.01,0.0,0.03,0.03,0.0,-1.5686631252474672,0.7376299028392908
low,2026-05-13 11:25:00-04:00,2026-05-13 11:26:00-04:00,2026-05-13 11:29:00-04:00,-0.004105778994304754,225.59,225.6351202559,226.0863904964118,226.04117547917642,4,take_profit,alpaca_personal_api,1.985561985647223,0.1806705561986064,0.1806705363429728,0.0,0.02,0.01,0.0,0.03,0.03,0.0,1.5942208931056439,0.7435952157148612
low,2026-05-13 12:43:00-04:00,2026-05-13 12:44:00-04:00,2026-05-13 12:46:00-04:00,-0.0022871217452499204,226.84,226.8853702684,226.54504221299743,226.49973547000525,4,stop_loss,alpaca_personal_api,-1.1798311480102939,0.18135401688516595,0.18135402868358597,0.0,0.02,0.01,0.0,0.03,0.03,0.0,-1.5725391935790458,0.6482644988551144
low,2026-05-13 15:01:00-04:00,2026-05-13 15:02:00-04:00,2026-05-13 15:06:00-04:00,-0.002159922419113114,226.35,226.3952722635,226.05567935510476,226.01047047979054,4,stop_loss,alpaca_personal_api,-1.1772825795809467,0.1809622717420325,0.18096228351487298,0.0,0.02,0.01,0.0,0.03,0.03,0.0,-1.5692071348378522,0.7411347000670729
low,2026-05-14 09:40:00-04:00,2026-05-14 09:41:00-04:00,2026-05-14 09:41:00-04:00,-0.0027669693039343857,230.64,230.6861303064,231.1475025670128,231.10127537797442,4,take_profit,alpaca_personal_api,2.030010268051228,0.18471500102680238,0.18471498072676695,0.0,0.02,0.01,0.0,0.03,0.03,0.0,1.6305802862976588,0.6976227386441542
low,2026-05-14 09:49:00-04:00,2026-05-14 09:50:00-04:00,2026-05-14 09:50:00-04:00,-0.0025857610756765403,231.46,231.5062943146,231.15903487312812,231.11280537774385,4,stop_loss,alpaca_personal_api,-1.2038605074875477,0.18504761394922298,0.18504762598786328,0.0,0.02,0.01,0.0,0.03,0.03,0.0,-1.603955747424634,0.6066349285704888
low,2026-05-14 09:51:00-04:00,2026-05-14 09:52:00-04:00,2026-05-14 09:52:00-04:00,-0.004947087670997163,231.29,231.3362603129,230.98925592243066,230.94306038113874,4,stop_loss,alpaca_personal_api,-1.2029763102773359,0.18491170236904964,0.18491171439870868,0.0,0.02,0.01,0.0,0.03,0.03,0.0,-1.6027997270450942,0.5811907854619174
low,2026-05-14 10:07:00-04:00,2026-05-14 10:08:00-04:00,2026-05-14 10:08:00-04:00,-0.002588885053503631,231.18,231.22623831180002,230.87939895433232,230.83322538333545,4,stop_loss,alpaca_personal_api,-1.2024041826707617,0.18482375958171815,0.18482377160580654,0.0,0.02,0.01,0.0,0.03,0.03,0.0,-1.6020517138582864,0.5266325674541961
low,2026-05-14 10:09:00-04:00,2026-05-14 10:10:00-04:00,2026-05-14 10:11:00-04:00,-0.004446363047701296,230.62,230.6661263062,231.1274585588124,231.08123537837523,4,take_profit,alpaca_personal_api,2.0298342352496093,0.18469898342357283,0.184698963125129,0.0,0.02,0.01,0.0,0.03,0.03,0.0,1.6304362887009074,0.7172939434607049
low,2026-05-14 11:06:00-04:00,2026-05-14 11:07:00-04:00,2026-05-14 11:10:00-04:00,-0.00323679727427606,234.04,234.08681034039998,234.55498396108078,234.5080753098384,4,take_profit,alpaca_personal_api,2.0599358443231495,0.18743799358446722,0.18743797298498066,0.0,0.02,0.01,0.0,0.03,0.03,0.0,1.6550598777537016,0.6864499050381836
low,2026-05-15 09:41:00-04:00,2026-05-15 09:42:00-04:00,2026-05-15 09:42:00-04:00,-0.004183547648405894,226.15,226.1952322615,225.85593941310776,225.81077048378455,4,stop_loss,alpaca_personal_api,-1.176242347568973,0.18080237576521085,0.18080238752759215,0.0,0.02,0.01,0.0,0.03,0.03,0.0,-1.567847110861776,0.7133871733630682
low,2026-05-15 09:58:00-04:00,2026-05-15 09:59:00-04:00,2026-05-15 09:59:00-04:00,-0.004198709449306004,225.3,225.345062253,225.00704465962053,224.96204550075907,4,stop_loss,alpaca_personal_api,-1.1718213615179138,0.1801228178637757,0.1801228295820465,0.0,0.02,0.01,0.0,0.03,0.03,0.0,-1.562067008963736,0.5279486252294956
low,2026-05-15 10:01:00-04:00,2026-05-15 10:02:00-04:00,2026-05-15 10:03:00-04:00,-0.005864197530864201,225.49,225.53510025490002,225.19679760451768,225.15176049696476,4,stop_loss,alpaca_personal_api,-1.1728095819293003,0.18027471904179038,0.18027473076995193,0.0,0.02,0.01,0.0,0.03,0.03,0.0,-1.5633590317410426,0.6970789965999228
low,2026-05-15 10:26:00-04:00,2026-05-15 10:27:00-04:00,2026-05-15 10:27:00-04:00,-0.0023683171790710444,227.44,227.48549027439998,227.1442620389884,227.09883545802322,4,stop_loss,alpaca_personal_api,-1.1829518440464426,0.1818337048155172,0.1818337166450874,0.0,0.02,0.01,0.0,0.03,0.03,0.0,-1.5766192655070472,0.7275791782717486
low,2026-05-15 10:31:00-04:00,2026-05-15 10:32:00-04:00,2026-05-15 10:32:00-04:00,-0.0032531762430211275,226.74,226.7853502674,226.4451722419989,226.39988547200224,4,stop_loss,alpaca_personal_api,-1.1793110320044207,0.18127406889675513,0.18127408068983186,0.0,0.02,0.01,0.0,0.03,0.03,0.0,-1.5718591815910077,0.7278198023037501
low,2026-05-15 10:46:00-04:00,2026-05-15 10:47:00-04:00,2026-05-15 10:49:00-04:00,-0.0029464796165178386,226.74,226.7853502674,226.4451722419989,226.39988547200224,4,stop_loss,alpaca_personal_api,-1.1793110320044207,0.18127406889675513,0.18127408068983186,0.0,0.02,0.01,0.0,0.03,0.03,0.0,-1.5718591815910077,0.7302651556886066
low,2026-05-15 11:02:00-04:00,2026-05-15 11:03:00-04:00,2026-05-15 11:07:00-04:00,-0.002694346289752736,225.78,225.8251582578,225.48642052041333,225.44132549117344,4,stop_loss,alpaca_personal_api,-1.1743179183466737,0.18050656820821587,0.18050657995138408,0.0,0.02,0.01,0.0,0.03,0.03,0.0,-1.5653310665062736,0.7187254270211713
low,2026-05-15 11:43:00-04:00,2026-05-15 11:44:00-04:00,2026-05-15 11:44:00-04:00,-0.0028419027632039517,228.06,228.1056142806,227.76345585917912,227.71790544564183,4,stop_loss,alpaca_personal_api,-1.1861765632835386,0.18232938234370977,0.18232939420545335,0.0,0.02,0.01,0.0,0.03,0.03,0.0,-1.5808353398327017,0.7322628290362304
low,2026-05-15 11:51:00-04:00,2026-05-15 11:52:00-04:00,2026-05-15 11:55:00-04:00,-0.0032863026903864334,227.49,227.53550027490002,227.1941970244877,227.14876045702476,4,stop_loss,alpaca_personal_api,-1.1832119020492655,0.18187367880977945,0.18187369064196446,0.0,0.02,0.01,0.0,0.03,0.03,0.0,-1.5769592715010095,0.6954434706716608
low,2026-05-15 12:07:00-04:00,2026-05-15 12:08:00-04:00,2026-05-15 12:11:00-04:00,-0.0022360575236759495,227.54,227.58551027539997,227.24413200998688,227.19868545602623,4,stop_loss,alpaca_personal_api,-1.1834719600524295,0.18191365280392802,0.18191366463861414,0.0,0.02,0.01,0.0,0.03,0.03,0.0,-1.5772992774949717,0.6886209265053804
low,2026-05-15 14:33:00-04:00,2026-05-15 14:34:00-04:00,2026-05-15 14:38:00-04:00,-0.0030057501306848255,228.88,228.9257782888,229.15,229.10417229150002,4,max_holding,alpaca_personal_api,1.080000000000041,0.18321199999991222,0.1832119892000037,0.0,0.02,0.01,0.0,0.03,0.03,0.0,0.683576010800125,0.7370343720595561
low,2026-05-15 14:43:00-04:00,2026-05-15 14:44:00-04:00,2026-05-15 14:45:00-04:00,-0.0026183722452541858,228.55,228.5957122855,228.2528187170718,228.20717043585657,4,stop_loss,alpaca_personal_api,-1.1887251317128857,0.18272112748684322,0.18272113937405265,0.0,0.02,0.01,0.0,0.03,0.03,0.0,-1.5841673985737816,0.7039795406199957
low,2026-05-18 09:46:00-04:00,2026-05-18 09:47:00-04:00,2026-05-18 09:47:00-04:00,-0.008462935885506617,223.79,223.83476023789999,223.49900809754314,223.45431053091372,4,stop_loss,alpaca_personal_api,-1.1639676098274094,0.17891560323903377,0.17891561487863328,0.0,0.02,0.01,0.0,0.03,0.03,0.0,-1.5517988279450765,0.6375381900930581
low,2026-05-18 10:00:00-04:00,2026-05-18 10:01:00-04:00,2026-05-18 10:01:00-04:00,-0.005931828242585202,224.55,224.5949122455,224.25801987713177,224.21317051573655,4,stop_loss,alpaca_personal_api,-1.1679204914729553,0.17952320795086507,0.1795232196300276,0.0,0.02,0.01,0.0,0.03,0.03,0.0,-1.556966919053848,0.6395980020714169
low,2026-05-18 10:02:00-04:00,2026-05-18 10:03:00-04:00,2026-05-18 10:03:00-04:00,-0.004177963465042844,224.07,224.11481624069998,224.56304587318138,224.5181355096372,4,take_profit,alpaca_personal_api,1.9721834927255486,0.17945321834918104,0.17945319862747056,0.0,0.02,0.01,0.0,0.03,0.03,0.0,1.583277075748897,0.6586550315240746
low,2026-05-18 10:11:00-04:00,2026-05-18 10:12:00-04:00,2026-05-18 10:13:00-04:00,-0.0037678975131876236,224.72,224.7649462472,224.4277988278292,224.3829155123416,4,stop_loss,alpaca_personal_api,-1.1688046886831671,0.1796591195311521,0.1796591312191822,0.0,0.02,0.01,0.0,0.03,0.03,0.0,-1.5581229394335014,0.6461095361521798
low,2026-05-18 10:14:00-04:00,2026-05-18 10:15:00-04:00,2026-05-18 10:15:00-04:00,-0.0037268734194062514,224.57,224.6149162457,225.06414607819138,225.01913549961722,4,take_profit,alpaca_personal_api,1.9765843127655671,0.1798536584312842,0.17985363866534954,0.0,0.02,0.01,0.0,0.03,0.03,0.0,1.5868770156689334,0.6052074461153781
low,2026-05-18 10:21:00-04:00,2026-05-18 10:22:00-04:00,2026-05-18 10:22:00-04:00,-0.0020889817325214777,224.55,224.5949122455,224.25801987713177,224.21317051573655,4,stop_loss,alpaca_personal_api,-1.1679204914729553,0.17952320795086507,0.1795232196300276,0.0,0.02,0.01,0.0,0.03,0.03,0.0,-1.556966919053848,0.5061466543081367
low,2026-05-18 11:09:00-04:00,2026-05-18 11:10:00-04:00,2026-05-18 11:10:00-04:00,-0.0025574300071786737,222.33,222.3744682233,222.04090652096505,221.99650056006993,4,stop_loss,alpaca_personal_api,-1.1563739161398416,0.17774836260832672,0.1777483741720971,0.0,0.02,0.01,0.0,0.03,0.03,0.0,-1.5418706529202655,0.7377980475844884
low,2026-05-18 11:22:00-04:00,2026-05-18 11:23:00-04:00,2026-05-18 11:24:00-04:00,-0.0025597269624573205,222.09,222.1344202209,221.80121859056868,221.75686056486273,4,stop_loss,alpaca_personal_api,-1.1551256377252912,0.17755648743627717,0.177556498987542,0.0,0.02,0.01,0.0,0.03,0.03,0.0,-1.5402386241491104,0.7353423732085123
low,2026-05-18 13:48:00-04:00,2026-05-18 13:49:00-04:00,2026-05-18 13:53:00-04:00,-0.0032505643340857704,220.79,220.83416020789997,220.83,220.7858362083,4,max_holding,alpaca_personal_api,0.16000000000008185,0.17664800000000014,0.17664799839997158,0.0,0.02,0.01,0.0,0.03,0.03,0.0,-0.22329599839988987,0.696156640646832
low,2026-05-19 09:42:00-04:00,2026-05-19 09:43:00-04:00,2026-05-19 09:43:00-04:00,-0.007181650881996515,221.22,221.2642462122,221.7067747046244,221.6624355667512,4,take_profit,alpaca_personal_api,1.9470988184975795,0.17717070988180694,0.17717069041088962,0.0,0.02,0.01,0.0,0.03,0.03,0.0,1.562757418204883,0.6838837583845644
low,2026-05-19 10:04:00-04:00,2026-05-19 10:05:00-04:00,2026-05-19 10:05:00-04:00,-0.002628954763847391,220.12,220.1640262012,219.8337801618982,219.78981560420362,4,stop_loss,alpaca_personal_api,-1.1448793524072016,0.17598151206470902,0.17598152351354202,0.0,0.02,0.01,0.0,0.03,0.03,0.0,-1.5268423879854527,0.6558884755314988
low,2026-05-19 10:43:00-04:00,2026-05-19 10:44:00-04:00,2026-05-19 10:45:00-04:00,-0.0021870870734040926,218.99,219.0338001899,218.70524948961517,218.66151062676974,4,stop_loss,alpaca_personal_api,-1.1390020415393565,0.17507809979576905,0.17507811118593963,0.0,0.02,0.01,0.0,0.03,0.03,0.0,-1.5191582525210652,0.6274144389616272
low,2026-05-19 11:08:00-04:00,2026-05-19 11:09:00-04:00,2026-05-19 11:10:00-04:00,-0.004662532252953655,219.88,219.9239781988,220.36382615519761,220.31975559360484,4,take_profit,alpaca_personal_api,1.9353046207904754,0.17609753046201604,0.17609751110910565,0.0,0.02,0.01,0.0,0.03,0.03,0.0,1.5531095792193537,0.5812065740818521
low,2026-05-19 11:20:00-04:00,2026-05-19 11:21:00-04:00,2026-05-19 11:24:00-04:00,-0.0024432178083432232,220.48,220.52409820479997,220.1933120574928,220.14927559701442,4,stop_loss,alpaca_personal_api,-1.1467517700288,0.17626932482289703,0.17626933629048835,0.0,0.02,0.01,0.0,0.03,0.03,0.0,-1.5292904311421853,0.7361467725562787
low,2026-05-19 12:13:00-04:00,2026-05-19 12:14:00-04:00,2026-05-19 12:18:00-04:00,-0.0020847496034444024,220.17,220.2140362017,220.5,220.455902205,4,max_holding,alpaca_personal_api,1.32000000000005,0.17626800000005005,0.176267986799985,0.0,0.02,0.01,0.0,0.03,0.03,0.0,0.9374640132000149,0.699896799686536
low,2026-05-20 09:51:00-04:00,2026-05-20 09:52:00-04:00,2026-05-20 09:52:00-04:00,-0.003558718861210064,221.17,221.21423621169998,221.65666468412337,221.6123355677532,4,take_profit,alpaca_personal_api,1.9466587364935322,0.17713066587361936,0.17713064640702214,0.0,0.02,0.01,0.0,0.03,0.03,0.0,1.5623974242128906,0.7214716315182912
low,2026-05-20 09:54:00-04:00,2026-05-20 09:55:00-04:00,2026-05-20 09:55:00-04:00,-0.002122087773162362,221.04,221.0842102104,220.7525838950844,220.70843558583124,4,stop_loss,alpaca_personal_api,-1.149664419662372,0.1767170335579067,0.17671704505471553,0.0,0.02,0.01,0.0,0.03,0.03,0.0,-1.5330984982749942,0.6045847486329274
low,2026-05-20 10:25:00-04:00,2026-05-20 10:26:00-04:00,2026-05-20 10:29:00-04:00,-0.004856531812511111,223.36,223.40467423360002,223.85148358206723,223.80671552386565,4,take_profit,alpaca_personal_api,1.9659343282688724,0.17888459343282648,0.17888457377353006,0.0,0.02,0.01,0.0,0.03,0.03,0.0,1.5781651610625158,0.5920556487286561
low,2026-05-20 10:49:00-04:00,2026-05-20 10:50:00-04:00,2026-05-20 10:52:00-04:00,-0.003250077912826721,223.89,223.93478023889998,224.3826497993778,224.33777551324442,4,take_profit,alpaca_personal_api,1.9705991975112056,0.17930905991977397,0.17930904021363858,0.0,0.02,0.01,0.0,0.03,0.03,0.0,1.581981097377793,0.48629922232409656
low,2026-05-21 09:40:00-04:00,2026-05-21 09:41:00-04:00,2026-05-21 09:41:00-04:00,-0.00911141580786412,224.08,224.12481824079998,223.7886310134388,223.7438755251224,4,stop_loss,alpaca_personal_api,-1.1654759462448965,0.17914745240534558,0.17914746406006543,0.0,0.02,0.01,0.0,0.03,0.03,0.0,-1.5537708627103075,0.7479719662529916
low,2026-05-21 09:42:00-04:00,2026-05-21 09:43:00-04:00,2026-05-21 09:43:00-04:00,-0.003876487100655024,223.56,223.6047142356,224.0519236640712,224.00711551985765,4,take_profit,alpaca_personal_api,1.9676946562848343,0.1790447694655768,0.17904474978865892,0.0,0.02,0.01,0.0,0.03,0.03,0.0,1.5796051370305986,0.46328082214175365
low,2026-05-21 09:47:00-04:00,2026-05-21 09:48:00-04:00,2026-05-21 09:48:00-04:00,-0.003399534800500925,222.76,222.8045542276,222.4703473962586,222.42585555148284,4,stop_loss,alpaca_personal_api,-1.1586104149655512,0.17809213895850462,0.17809215054455763,0.0,0.02,0.01,0.0,0.03,0.03,0.0,-1.5447947044686134,0.6895579841182483
low,2026-05-21 09:49:00-04:00,2026-05-21 09:50:00-04:00,2026-05-21 09:50:00-04:00,-0.008809981664505306,221.67,221.7143362167,222.1577648891334,222.11333555773322,4,take_profit,alpaca_personal_api,1.9510595565336644,0.17753110595560884,0.1775310864451285,0.0,0.02,0.01,0.0,0.03,0.03,0.0,1.565997364132927,0.5102097801373771
low,2026-05-21 09:51:00-04:00,2026-05-21 09:52:00-04:00,2026-05-21 09:52:00-04:00,-0.008938946992044339,221.72,221.76434621719997,221.4316996978742,221.38741557225163,4,stop_loss,alpaca_personal_api,-1.1532012085032193,0.1772606798790548,0.17726069141110656,0.0,0.02,0.01,0.0,0.03,0.03,0.0,-1.5377225797933807,0.5578973257846259
low,2026-05-21 10:32:00-04:00,2026-05-21 10:33:00-04:00,2026-05-21 10:33:00-04:00,-0.0021010322462775566,218.46,218.50369418460002,218.17593864332312,218.13230563735382,4,stop_loss,alpaca_personal_api,-1.1362454267075464,0.1746543754574077,0.1746543868198387,0.0,0.02,0.01,0.0,0.03,0.03,0.0,-1.5155541889847928,0.7115200134567629
low,2026-05-21 10:47:00-04:00,2026-05-21 10:48:00-04:00,2026-05-21 10:49:00-04:00,-0.0023698842402697373,218.9,218.943782189,218.6153665157165,218.57164562856704,4,stop_loss,alpaca_personal_api,-1.1385339371340706,0.1750061466061652,0.17500615799156094,0.0,0.02,0.01,0.0,0.03,0.03,0.0,-1.5185462417317968,0.5196472000861655
low,2026-05-21 13:26:00-04:00,2026-05-21 13:27:00-04:00,2026-05-21 13:27:00-04:00,-0.0028370710618751405,221.43,221.4742882143,221.14207678197857,221.09785057804297,4,stop_loss,alpaca_personal_api,-1.1516928720857322,0.177028830712743,0.1770288422296744,0.0,0.02,0.01,0.0,0.03,0.03,0.0,-1.5357505450281497,0.6316985000720314
low,2026-05-22 09:45:00-04:00,2026-05-22 09:46:00-04:00,2026-05-22 09:46:00-04:00,-0.005138232084394345,218.79,218.83376018789997,218.50550954761812,218.4618106307637,4,stop_loss,alpaca_personal_api,-1.1379618095274964,0.1749182038189474,0.1749182151986588,0.0,0.02,0.01,0.0,0.03,0.03,0.0,-1.5177982285451026,0.6794496617199531
low,2026-05-22 09:59:00-04:00,2026-05-22 10:00:00-04:00,2026-05-22 10:00:00-04:00,-0.0020173307046904565,217.67,217.7135361767,217.38696587243496,217.34349065313012,4,stop_loss,alpaca_personal_api,-1.1321365102601249,0.17402278634904178,0.17402279767031814,0.0,0.02,0.01,0.0,0.03,0.03,0.0,-1.5101820942794848,0.6811530349573894
low,2026-05-22 10:17:00-04:00,2026-05-22 10:18:00-04:00,2026-05-22 10:18:00-04:00,-0.003368401624215478,215.99,216.03320015990002,215.70915035966019,215.66601068667975,4,stop_loss,alpaca_personal_api,-1.123398561359295,0.17267966014389913,0.172679671377864,0.0,0.02,0.01,0.0,0.03,0.03,0.0,-1.498757892881058,0.5641118247228731
low,2026-05-22 10:19:00-04:00,2026-05-22 10:20:00-04:00,2026-05-22 10:22:00-04:00,-0.002126479289940697,215.86,215.9031741586,215.5793193973621,215.53620568927585,4,stop_loss,alpaca_personal_api,-1.1227224105516598,0.17257572775884,0.17257573898609735,0.0,0.02,0.01,0.0,0.03,0.03,0.0,-1.4978738772965972,0.6430478131873246
low,2026-05-22 11:42:00-04:00,2026-05-22 11:43:00-04:00,2026-05-22 11:45:00-04:00,-0.002753303964757703,217.33,217.3734681733,217.0474079710401,217.00400065991997,4,stop_loss,alpaca_personal_api,-1.1303681158397012,0.17375096318846772,0.17375097449200894,0.0,0.02,0.01,0.0,0.03,0.03,0.0,-1.5078700535201779,0.6247631594791102
low,2026-05-22 13:32:00-04:00,2026-05-22 13:33:00-04:00,2026-05-22 13:33:00-04:00,-0.002065357077290164,217.42,217.46348617419997,217.13729094493868,217.0938656581226,4,stop_loss,alpaca_personal_api,-1.1308362202452145,0.17382291637795788,0.17382292768627394,0.0,0.02,0.01,0.0,0.03,0.03,0.0,-1.5084820643094463,0.6769813941247631
low,2026-05-26 09:52:00-04:00,2026-05-26 09:53:00-04:00,2026-05-26 09:53:00-04:00,-0.003701989819527962,215.3,215.343062153,215.02004755977052,214.97704570045906,4,stop_loss,alpaca_personal_api,-1.119809760917974,0.17212801902383035,0.17212803022198386,0.0,0.02,0.01,0.0,0.03,0.03,0.0,-1.4940658101637883,0.7186865679287447
low,2026-05-26 10:35:00-04:00,2026-05-26 10:36:00-04:00,2026-05-26 10:36:00-04:00,-0.004636643253913664,216.82,216.8633661682,216.53807111894773,216.49476567010464,4,stop_loss,alpaca_personal_api,-1.1277155242090657,0.17334322844760663,0.1733432397247725,0.0,0.02,0.01,0.0,0.03,0.03,0.0,-1.504401992381445,0.6950353468497649
low,2026-05-26 10:37:00-04:00,2026-05-26 10:38:00-04:00,2026-05-26 10:41:00-04:00,-0.0028100239543026317,216.47,216.5132961647,216.9463227570294,216.90293566194123,4,take_profit,alpaca_personal_api,1.905291028117631,0.1733665291028501,0.1733665100498456,0.0,0.02,0.01,0.0,0.03,0.03,0.0,1.5285579889649352,0.6223195369822192
low,2026-05-26 11:31:00-04:00,2026-05-26 11:32:00-04:00,2026-05-26 11:34:00-04:00,-0.0024723608713905776,213.86,213.90277413860002,214.33057968687723,214.28771571424565,4,take_profit,alpaca_personal_api,1.8823187475088616,0.17127623187479912,0.17127621305155571,0.0,0.02,0.01,0.0,0.03,0.03,0.0,1.5097663025825068,0.6983021102308355
low,2026-05-26 12:09:00-04:00,2026-05-26 12:10:00-04:00,2026-05-26 12:12:00-04:00,-0.0030001875117193766,212.67,212.71253612669997,212.39346732250993,212.35099075298012,4,stop_loss,alpaca_personal_api,-1.1061307099602118,0.1700253869289554,0.17002539799022998,0.0,0.02,0.01,0.0,0.03,0.03,0.0,-1.4761814948793972,0.7453564875261648
low,2026-05-27 09:41:00-04:00,2026-05-27 09:42:00-04:00,2026-05-27 09:42:00-04:00,-0.0025460889245131346,211.55,211.5923121155,211.27492364732674,211.23267077534652,4,stop_loss,alpaca_personal_api,-1.1003054106930676,0.1691299694589361,0.16912998046188932,0.0,0.02,0.01,0.0,0.03,0.03,0.0,-1.468565360613893,0.5759179041255734
low,2026-05-27 09:46:00-04:00,2026-05-27 09:47:00-04:00,2026-05-27 09:48:00-04:00,-0.003592531316473746,210.82,210.8621661082,211.2838904404164,211.24163577516723,4,take_profit,alpaca_personal_api,1.8555617616656264,0.1688415561761758,0.1688415376205512,0.0,0.02,0.01,0.0,0.03,0.03,0.0,1.4878786678688993,0.48241691246691826
low,2026-05-27 09:56:00-04:00,2026-05-27 09:57:00-04:00,2026-05-27 09:57:00-04:00,-0.003401842664776722,210.93,210.97218810930002,211.3941324855186,211.35185577296284,4,take_profit,alpaca_personal_api,1.8565299420744168,0.16892965299427942,0.16892963442887776,0.0,0.02,0.01,0.0,0.03,0.03,0.0,1.4886706546512596,0.7012585528023371
low,2026-05-27 09:58:00-04:00,2026-05-27 09:59:00-04:00,2026-05-27 09:59:00-04:00,-0.004066193853427991,210.64,210.68213010639997,211.10349436661278,211.0612757787744,4,take_profit,alpaca_personal_api,1.8539774664511697,0.16869739774665504,0.16869737920683292,0.0,0.02,0.01,0.0,0.03,0.03,0.0,1.4865826894976817,0.5765978990575954
low,2026-05-27 11:38:00-04:00,2026-05-27 11:39:00-04:00,2026-05-27 11:39:00-04:00,-0.002000762195121908,209.52,209.56190609520002,209.24756323605723,209.20571581588564,4,stop_loss,alpaca_personal_api,-1.089747055771113,0.16750702529441241,0.16750703619197793,0.0,0.02,0.01,0.0,0.03,0.03,0.0,-1.4547611172575035,0.7399530495237235
low,2026-05-27 12:54:00-04:00,2026-05-27 12:55:00-04:00,2026-05-27 12:59:00-04:00,-0.0025498158466332743,211.23,211.27224811229996,211.36,211.31773011360002,4,max_holding,alpaca_personal_api,0.5200000000000955,0.16903599999989183,0.16903599479996956,0.0,0.02,0.01,0.0,0.03,0.03,0.0,0.1519280052002341,0.5571061276667344
low,2026-05-27 13:08:00-04:00,2026-05-27 13:09:00-04:00,2026-05-27 13:09:00-04:00,-0.0028384899233607763,210.78,210.8221581078,210.5059248706383,210.46382579072343,4,stop_loss,alpaca_personal_api,-1.0963005174468208,0.16851436994818414,0.16851438091123327,0.0,0.02,0.01,0.0,0.03,0.03,0.0,-1.4633292683062382,0.7028954728355771
low,2026-05-28 09:43:00-04:00,2026-05-28 09:44:00-04:00,2026-05-28 09:44:00-04:00,-0.0036486107213022922,213.01,213.05260413009998,212.73302522390483,212.6904807461903,4,stop_loss,alpaca_personal_api,-1.1078991043806354,0.17029721008952947,0.17029722116853918,0.0,0.02,0.01,0.0,0.03,0.03,0.0,-1.4784935356387041,0.5192832262003089
low,2026-05-28 09:45:00-04:00,2026-05-28 09:46:00-04:00,2026-05-28 09:46:00-04:00,-0.00514812561426492,212.58,212.62251812579999,212.3035843486113,212.26112575477745,4,stop_loss,alpaca_personal_api,-1.1056626055548122,0.16995343373935157,0.16995344479596497,0.0,0.02,0.01,0.0,0.03,0.03,0.0,-1.4755694840901288,0.6522619070565332
low,2026-05-28 09:47:00-04:00,2026-05-28 09:48:00-04:00,2026-05-28 09:49:00-04:00,-0.006935007731596388,211.91,211.95238411909997,211.63445554292133,211.5921307681573,4,stop_loss,alpaca_personal_api,-1.102177828314666,0.1694177822171241,0.16941779323894934,0.0,0.02,0.01,0.0,0.03,0.03,0.0,-1.4710134037707394,0.6692940767358294
low,2026-05-28 10:36:00-04:00,2026-05-28 10:37:00-04:00,2026-05-28 10:38:00-04:00,-0.002402260951483881,211.8,211.84236211799998,211.524598574823,211.482295770354,4,stop_loss,alpaca_personal_api,-1.1016057007080917,0.16932983942990631,0.16932985044593352,0.0,0.02,0.01,0.0,0.03,0.03,0.0,-1.4702653905839316,0.6311222914703476
low,2026-05-28 14:14:00-04:00,2026-05-28 14:15:00-04:00,2026-05-28 14:19:00-04:00,-0.0027944669554281765,214.1,214.14282214099998,214.31,214.2671401431,4,max_holding,alpaca_personal_api,0.8400000000000318,0.1713640000000396,0.17136399159994653,0.0,0.02,0.01,0.0,0.03,0.03,0.0,0.4672720084000457,0.7444536852625973
low,2026-05-29 09:54:00-04:00,2026-05-29 09:55:00-04:00,2026-05-29 09:57:00-04:00,-0.0025921125717459637,215.48,215.52309815479998,215.9541443511096,215.91095568178082,4,take_profit,alpaca_personal_api,1.8965774044384034,0.17257365774037225,0.17257363877467924,0.0,0.02,0.01,0.0,0.03,0.03,0.0,1.5214301079233519,0.6601734672644383
low,2026-05-29 10:03:00-04:00,2026-05-29 10:04:00-04:00,2026-05-29 10:04:00-04:00,-0.0025392428439519055,216.01,216.0532041601,215.72912435385985,215.68598068628032,4,stop_loss,alpaca_personal_api,-1.1235025845605833,0.17269564974151308,0.17269566097661482,0.0,0.02,0.01,0.0,0.03,0.03,0.0,-1.4988938952787112,0.6366502502989401
low,2026-05-29 10:13:00-04:00,2026-05-29 10:14:00-04:00,2026-05-29 10:17:00-04:00,-0.0020319571441765882,216.1,216.143222161,215.81900732775853,215.77584568448304,4,stop_loss,alpaca_personal_api,-1.1239706889658692,0.17276760293111693,0.17276761417087982,0.0,0.02,0.01,0.0,0.03,0.03,0.0,-1.499505906067866,0.4670998261903094
low,2026-05-29 10:43:00-04:00,2026-05-29 10:44:00-04:00,2026-05-29 10:48:00-04:00,-0.004831366719316166,214.22,214.2628461422,214.6913718344844,214.64843570703124,4,take_profit,alpaca_personal_api,1.8854873379376613,0.17156454873384064,0.1715645298788786,0.0,0.02,0.01,0.0,0.03,0.03,0.0,1.512358259324942,0.6606313486674328
normal,2026-05-01 09:45:00-04:00,2026-05-01 09:46:00-04:00,2026-05-01 09:46:00-04:00,-0.0032167070817044063,201.45,201.49029201449997,201.18805657647823,201.1478209770435,4,stop_loss,alpaca_personal_api,-1.0477736940870273,0.16105522263057992,0.16105523310829994,0.0,0.02,0.01,0.0,0.03,0.03,0.0,-1.3998841498259071,0.8157026157273702
normal,2026-05-01 09:47:00-04:00,2026-05-01 09:48:00-04:00,2026-05-01 09:49:00-04:00,-0.008863580094082613,200.18,200.2200380018,199.9197079447973,199.87972600240542,4,stop_loss,alpaca_personal_api,-1.041168220810846,0.16003988317788753,0.1600398935895555,0.0,0.02,0.01,0.0,0.03,0.03,0.0,-1.391247997578289,1.000683922892851
normal,2026-05-01 09:51:00-04:00,2026-05-01 09:52:00-04:00,2026-05-01 09:54:00-04:00,-0.004890219560878317,199.41,199.4498839941,199.15070916810885,199.11088101778233,5,stop_loss,alpaca_personal_api,-1.2964541594557488,0.19928035458391946,0.19928036754862433,0.0,0.03,0.01,0.0,0.04,0.04,0.0,-1.7350148815882926,1.0011377557173415
normal,2026-05-01 10:17:00-04:00,2026-05-01 10:18:00-04:00,2026-05-01 10:19:00-04:00,-0.0026518562994095607,199.32,199.3598659932,199.7585857251864,199.71863600562725,5,take_profit,alpaca_personal_api,2.192928625932069,0.19953929286259608,0.19953927093325774,0.0,0.03,0.01,0.0,0.04,0.04,0.0,1.7538500621362152,0.7646401734970221
normal,2026-05-01 10:29:00-04:00,2026-05-01 10:30:00-04:00,2026-05-01 10:30:00-04:00,-0.002255412991178929,199.07,199.10981599069999,198.81115126671395,198.77139102457213,5,stop_loss,alpaca_personal_api,-1.2942436664302193,0.198940575633344,0.19894058857573782,0.0,0.03,0.01,0.0,0.04,0.04,0.0,-1.7321248306393011,1.2416570058142107
normal,2026-05-01 11:02:00-04:00,2026-05-01 11:03:00-04:00,2026-05-01 11:04:00-04:00,-0.002757583354224047,198.89,198.92977998889998,199.32763954887778,199.2877760142444,5,take_profit,alpaca_personal_api,2.1881977443889866,0.19910881977452277,0.19910879789236446,0.0,0.03,0.01,0.0,0.04,0.04,0.0,1.7499801267220993,0.8466357125437244
normal,2026-05-01 11:25:00-04:00,2026-05-01 11:26:00-04:00,2026-05-01 11:27:00-04:00,-0.002007024586051176,198.91,198.94978398909998,198.65135931311636,198.61163102776734,5,stop_loss,alpaca_personal_api,-1.2932034344181886,0.19878067965649393,0.19878069258851383,0.0,0.03,0.01,0.0,0.04,0.04,0.0,-1.7307648066631964,1.0034283018238976
normal,2026-05-01 11:28:00-04:00,2026-05-01 11:29:00-04:00,2026-05-01 11:30:00-04:00,-0.004263215969505407,198.53,198.5697079853,198.9668474012706,198.9270560214588,5,take_profit,alpaca_personal_api,2.184237006352987,0.19874842370072088,0.19874840185821085,0.0,0.03,0.01,0.0,0.04,0.04,0.0,1.7467401807940552,0.9481616726641902
normal,2026-05-01 11:35:00-04:00,2026-05-01 11:36:00-04:00,2026-05-01 11:37:00-04:00,-0.002010353319595981,198.58,198.6197179858,199.01695742177162,198.97715602045685,5,take_profit,alpaca_personal_api,2.184787108858046,0.19879847871081324,0.1987984568630452,0.0,0.03,0.01,0.0,0.04,0.04,0.0,1.7471901732841877,1.1053815494176855
normal,2026-05-01 11:52:00-04:00,2026-05-01 11:53:00-04:00,2026-05-01 11:57:00-04:00,-0.002956356165756402,199.0,199.03980199,198.741242287015,198.70149602597004,5,stop_loss,alpaca_personal_api,-1.293788564924938,0.19887062114349874,0.1988706340813451,0.0,0.03,0.01,0.0,0.04,0.04,0.0,-1.731529820149782,0.8744705217517416
normal,2026-05-01 12:27:00-04:00,2026-05-01 12:28:00-04:00,2026-05-01 12:32:00-04:00,-0.002512184092850367,198.53,198.5697079853,198.58,198.5402859858,5,max_holding,alpaca_personal_api,0.25000000000005684,0.19855500000005577,0.1985549974999401,0.0,0.03,0.01,0.0,0.04,0.04,0.0,-0.18710999749993903,0.8037033197301993
normal,2026-05-01 13:26:00-04:00,2026-05-01 13:27:00-04:00,2026-05-01 13:31:00-04:00,-0.002400600150037513,199.46,199.4998939946,199.55,199.5100919955,5,max_holding,alpaca_personal_api,0.45000000000001705,0.1995050000000731,0.19950499549992173,0.0,0.03,0.01,0.0,0.04,0.04,0.0,0.010990004500022223,1.242051481050317
normal,2026-05-01 14:06:00-04:00,2026-05-01 14:07:00-04:00,2026-05-01 14:11:00-04:00,-0.0021557126384920133,199.04,199.07980999039998,199.14,199.1001739914,5,max_holding,alpaca_personal_api,0.4999999999999716,0.199089999999984,0.19908999499989477,0.0,0.03,0.01,0.0,0.04,0.04,0.0,0.061820005000092805,1.1567222657561849
normal,2026-05-01 15:48:00-04:00,2026-05-01 15:49:00-04:00,2026-05-01 15:50:00-04:00,-0.003057184383300826,198.92,198.9597859892,198.6613463102162,198.62161602756763,5,stop_loss,alpaca_personal_api,-1.2932684489189228,0.19879067315514476,0.1987906860877331,0.0,0.03,0.01,0.0,0.04,0.04,0.0,-1.7308498081618007,1.028074281488916
normal,2026-05-04 09:46:00-04:00,2026-05-04 09:47:00-04:00,2026-05-04 09:47:00-04:00,-0.007750012419891705,199.73,199.7699479973,199.47029307530406,199.43040101139192,5,stop_loss,alpaca_personal_api,-1.298534623479668,0.1996001465376196,0.1996001595230723,0.0,0.03,0.01,0.0,0.04,0.04,0.0,-1.73773492954036,0.842919570396606
normal,2026-05-04 09:48:00-04:00,2026-05-04 09:49:00-04:00,2026-05-04 09:49:00-04:00,-0.0049902689754978136,199.39,199.4298799939,199.13073517390916,199.09091101818174,5,stop_loss,alpaca_personal_api,-1.2963241304541384,0.19926036758690202,0.1992603805501858,0.0,0.03,0.01,0.0,0.04,0.04,0.0,-1.7348448785912263,0.7776079644777845
normal,2026-05-04 09:50:00-04:00,2026-05-04 09:51:00-04:00,2026-05-04 09:51:00-04:00,-0.004546362909672252,199.27,199.3098559927,199.01089120871094,198.97109102057811,5,stop_loss,alpaca_personal_api,-1.2955439564453286,0.19914044560437105,0.19914045855969675,0.0,0.03,0.01,0.0,0.04,0.04,0.0,-1.7338248606093964,0.9715093927098872
normal,2026-05-04 09:52:00-04:00,2026-05-04 09:53:00-04:00,2026-05-04 09:53:00-04:00,-0.002406256266292317,199.01,199.0498039901,198.75122928411486,198.71148102577035,5,stop_loss,alpaca_personal_api,-1.2938535794256723,0.19888061464200746,0.19888062758056435,0.0,0.03,0.01,0.0,0.04,0.04,0.0,-1.731614821648244,0.7825384716245694
normal,2026-05-04 09:56:00-04:00,2026-05-04 09:57:00-04:00,2026-05-04 09:57:00-04:00,-0.006073992269464479,198.02,198.05960598020002,197.76251657122972,197.72296604554063,5,stop_loss,alpaca_personal_api,-1.2874171438514281,0.19789125828566512,0.19789127115984684,0.0,0.03,0.01,0.0,0.04,0.04,0.0,-1.7231996732969401,1.0019369911673204
normal,2026-05-04 10:09:00-04:00,2026-05-04 10:10:00-04:00,2026-05-04 10:10:00-04:00,-0.002321356479612513,197.72,197.7595459772,198.1550650691544,198.1154360376912,5,take_profit,alpaca_personal_api,2.1753253457720234,0.1979375325345245,0.19793751078140076,0.0,0.03,0.01,0.0,0.04,0.04,0.0,1.739450302456098,1.0803859395125797
normal,2026-05-04 10:17:00-04:00,2026-05-04 10:18:00-04:00,2026-05-04 10:20:00-04:00,-0.002770362161889972,197.99,198.0295999799,197.73255557993016,197.69301104613973,5,stop_loss,alpaca_personal_api,-1.2872221003492257,0.19786127778999685,0.19786129066218905,0.0,0.03,0.01,0.0,0.04,0.04,0.0,-1.7229446688014116,0.774364152714043
normal,2026-05-04 10:21:00-04:00,2026-05-04 10:22:00-04:00,2026-05-04 10:24:00-04:00,-0.00362592536636952,197.86,197.89957397860002,197.60272461763213,197.56320604873588,5,stop_loss,alpaca_personal_api,-1.2863769118393975,0.19773136230881505,0.19773137517248074,0.0,0.03,0.01,0.0,0.04,0.04,0.0,-1.7218396493206933,0.8014824018882674
normal,2026-05-04 10:58:00-04:00,2026-05-04 10:59:00-04:00,2026-05-04 11:00:00-04:00,-0.0027815708289080643,197.18,197.2194379718,196.9236088148423,196.88422606231543,5,stop_loss,alpaca_personal_api,-1.2819559257884805,0.197051804407522,0.19705181722684983,0.0,0.03,0.01,0.0,0.04,0.04,0.0,-1.7160595474228524,0.9603668921683365
normal,2026-05-04 11:16:00-04:00,2026-05-04 11:17:00-04:00,2026-05-04 11:17:00-04:00,-0.0034456549277932513,196.67,196.7093359667,196.41427196274995,196.37499107250014,5,stop_loss,alpaca_personal_api,-1.2786401862501862,0.19654213598130355,0.1965421487678043,0.0,0.03,0.01,0.0,0.04,0.04,0.0,-1.711724470999294,1.1530599497331027
normal,2026-05-04 11:32:00-04:00,2026-05-04 11:33:00-04:00,2026-05-04 11:34:00-04:00,-0.002708918987988751,195.12,195.1590259512,195.5493440031024,195.51023608979523,5,take_profit,alpaca_personal_api,2.1467200155119315,0.19533467200147925,0.1953346505342779,0.0,0.03,0.01,0.0,0.04,0.04,0.0,1.7160506929761743,0.9185417478620839
normal,2026-05-04 11:51:00-04:00,2026-05-04 11:52:00-04:00,2026-05-04 11:52:00-04:00,-0.0024975788776187002,195.73,195.7691479573,196.1606862532146,196.12145607757083,5,take_profit,alpaca_personal_api,2.1534312660730848,0.19594534312659562,0.19594532159231903,0.0,0.03,0.01,0.0,0.04,0.04,0.0,1.72154060135417,0.7741459608197462
normal,2026-05-04 11:57:00-04:00,2026-05-04 11:58:00-04:00,2026-05-04 12:01:00-04:00,-0.0021948854065643175,195.49,195.5290999549,195.23580630496767,195.19676109606473,5,stop_loss,alpaca_personal_api,-1.270968475161709,0.19536290315258498,0.1953629158620629,0.0,0.03,0.01,0.0,0.04,0.04,0.0,-1.7016942941763569,0.8309293642730438
normal,2026-05-04 14:17:00-04:00,2026-05-04 14:18:00-04:00,2026-05-04 14:22:00-04:00,-0.002163848631239973,198.31,198.34966398310002,198.15,198.1103719815,5,max_holding,alpaca_personal_api,-0.799999999999983,0.19823000000002367,0.19823000800002433,0.0,0.03,0.01,0.0,0.04,0.04,0.0,-1.236460008000031,0.8312811856883517
normal,2026-05-04 14:25:00-04:00,2026-05-04 14:26:00-04:00,2026-05-04 14:30:00-04:00,-0.0024208190437764454,197.79,197.82955997789998,197.89,197.85042397889998,5,max_holding,alpaca_personal_api,0.4999999999999716,0.19784000000001356,0.19783999499992433,0.0,0.03,0.01,0.0,0.04,0.04,0.0,0.06432000500003368,0.892807912446898
normal,2026-05-05 09:59:00-04:00,2026-05-05 10:00:00-04:00,2026-05-05 10:00:00-04:00,-0.005068754391247543,198.24,198.2796499824,197.9822305074264,197.94263604114724,5,stop_loss,alpaca_personal_api,-1.2888474628680058,0.1981111152537096,0.1981111281421022,0.0,0.03,0.01,0.0,0.04,0.04,0.0,-1.7250697062638176,1.0643109229686167
normal,2026-05-05 10:01:00-04:00,2026-05-05 10:02:00-04:00,2026-05-05 10:05:00-04:00,-0.0040611682125846205,198.64,198.67972998639996,198.38171039142037,198.3420360331592,5,stop_loss,alpaca_personal_api,-1.2914480428980823,0.19851085519562162,0.19851086811016216,0.0,0.03,0.01,0.0,0.04,0.04,0.0,-1.7284697662038662,1.1490635227138803
normal,2026-05-05 10:14:00-04:00,2026-05-05 10:15:00-04:00,2026-05-05 10:15:00-04:00,-0.004632426988922411,197.65,197.6895319765,197.39299767853527,197.35352105292955,5,stop_loss,alpaca_personal_api,-1.2850116073236961,0.19752149883927927,0.19752151168930254,0.0,0.03,0.01,0.0,0.04,0.04,0.0,-1.720054617852278,0.927176217825397
normal,2026-05-05 10:30:00-04:00,2026-05-05 10:31:00-04:00,2026-05-05 10:35:00-04:00,-0.002516736296370836,198.14,198.17962998139998,198.2,198.16036198199998,5,max_holding,alpaca_personal_api,0.30000000000001137,0.19817000000003304,0.1981699969999795,0.0,0.03,0.01,0.0,0.04,0.04,0.0,-0.13633999700000118,0.7850076035423562
normal,2026-05-05 10:41:00-04:00,2026-05-05 10:42:00-04:00,2026-05-05 10:42:00-04:00,-0.0027793218454695845,197.34,197.3794699734,197.08340076843993,197.04398605912024,5,stop_loss,alpaca_personal_api,-1.282996157800369,0.19721170038422997,0.19721171321421593,0.0,0.03,0.01,0.0,0.04,0.04,0.0,-1.717419571398815,1.163521137090606
normal,2026-05-05 10:44:00-04:00,2026-05-05 10:45:00-04:00,2026-05-05 10:46:00-04:00,-0.0020279862096937995,196.84,196.8793699684,197.2731287083368,197.2336760553264,5,take_profit,alpaca_personal_api,2.165643541683977,0.19705656435405672,0.197056542697851,0.0,0.03,0.01,0.0,0.04,0.04,0.0,1.7315304346320692,1.222817265737148
normal,2026-05-05 10:54:00-04:00,2026-05-05 10:55:00-04:00,2026-05-05 10:56:00-04:00,-0.002128522197445748,196.92,196.95938596919999,196.6639468902462,196.62461606750762,5,stop_loss,alpaca_personal_api,-1.2802655487689663,0.1967919734450163,0.19679198624785954,0.0,0.03,0.01,0.0,0.04,0.04,0.0,-1.7138495084618421,0.8692363762814554
normal,2026-05-05 11:17:00-04:00,2026-05-05 11:18:00-04:00,2026-05-05 11:20:00-04:00,-0.0031876138433515333,197.02,197.0594059702,196.76381686124472,196.72446606551065,5,stop_loss,alpaca_personal_api,-1.2809156937764499,0.19689190843052984,0.19689192123976795,0.0,0.03,0.01,0.0,0.04,0.04,0.0,-1.7146995234467477,0.8566280838783544
normal,2026-05-05 11:28:00-04:00,2026-05-05 11:29:00-04:00,2026-05-05 11:29:00-04:00,-0.003041054232133966,196.71,196.7493439671,196.45421995114935,196.41493107170135,5,stop_loss,alpaca_personal_api,-1.2789002442532649,0.19658210997548053,0.19658212276453924,0.0,0.03,0.01,0.0,0.04,0.04,0.0,-1.7120644769932847,1.0694112530432716
normal,2026-05-05 12:28:00-04:00,2026-05-05 12:29:00-04:00,2026-05-05 12:33:00-04:00,-0.0020208143881984553,197.54,197.5795099754,197.7,197.66046197699998,5,max_holding,alpaca_personal_api,0.799999999999983,0.19762000000000057,0.1976199919999999,0.0,0.03,0.01,0.0,0.04,0.04,0.0,0.3647600079999825,1.1392582376722238
normal,2026-05-05 12:40:00-04:00,2026-05-05 12:41:00-04:00,2026-05-05 12:45:00-04:00,-0.0022259321090706274,197.23,197.2694479723,197.45,197.4105119745,5,max_holding,alpaca_personal_api,1.0999999999999943,0.19733999999999696,0.19733998899994276,0.0,0.03,0.01,0.0,0.04,0.04,0.0,0.6653200110000546,0.9584565759844197
normal,2026-05-05 15:16:00-04:00,2026-05-05 15:17:00-04:00,2026-05-05 15:21:00-04:00,-0.0022383883603804833,196.14,196.17922996139998,196.36,196.32072996360003,5,max_holding,alpaca_personal_api,1.1000000000001364,0.19624999999990678,0.19624998899999468,0.0,0.03,0.01,0.0,0.04,0.04,0.0,0.6675000110002349,1.2317008727214498
normal,2026-05-05 15:30:00-04:00,2026-05-05 15:31:00-04:00,2026-05-05 15:35:00-04:00,-0.0020866201842332233,196.08,196.11921796080003,195.82503913385884,195.78587608428245,5,stop_loss,alpaca_personal_api,-1.2748043307058765,0.19595251956701532,0.19595253231500465,0.0,0.03,0.01,0.0,0.04,0.04,0.0,-1.7067093825878965,1.0631808385460113
normal,2026-05-06 09:50:00-04:00,2026-05-06 09:51:00-04:00,2026-05-06 09:51:00-04:00,-0.0026301424246936156,200.98,201.02019800979997,201.42223840581957,201.38195597236077,4,take_profit,alpaca_personal_api,1.7689536232783212,0.1609608953623365,0.16096087767277822,0.0,0.02,0.01,0.0,0.03,0.03,0.0,1.4170318502432064,0.9251741638250525
normal,2026-05-06 10:02:00-04:00,2026-05-06 10:03:00-04:00,2026-05-06 10:03:00-04:00,-0.0020138513679454073,203.18,203.2206380318,202.9158070747523,202.87522594249543,4,stop_loss,alpaca_personal_api,-1.0567717009907938,0.16243832282987114,0.16243833339763114,0.0,0.02,0.01,0.0,0.03,0.03,0.0,-1.411648357218296,1.0201329058842104
normal,2026-05-06 10:04:00-04:00,2026-05-06 10:05:00-04:00,2026-05-06 10:05:00-04:00,-0.006659810978894343,202.78,202.8205580278,203.22619914385558,203.1855559362888,4,take_profit,alpaca_personal_api,1.7847965754223196,0.16240247965754406,0.16240246180950635,0.0,0.02,0.01,0.0,0.03,0.03,0.0,1.4299916339552692,0.9513357846569365
normal,2026-05-06 10:15:00-04:00,2026-05-06 10:16:00-04:00,2026-05-06 10:16:00-04:00,-0.0034131356965235726,204.39,204.4308800439,204.8397418039878,204.79877590402444,4,take_profit,alpaca_personal_api,1.7989672159512793,0.1636918967216161,0.1636918787319246,0.0,0.02,0.01,0.0,0.03,0.03,0.0,1.4415834404977386,0.9402137276075537
normal,2026-05-06 10:17:00-04:00,2026-05-06 10:18:00-04:00,2026-05-06 10:18:00-04:00,-0.00443880786303108,204.11,204.1508240411,203.84459780503838,203.80383092392336,4,stop_loss,alpaca_personal_api,-1.0616087798465514,0.16318183912198947,0.16318184973806638,0.0,0.02,0.01,0.0,0.03,0.03,0.0,-1.4179724687066073,0.9831752152920952
normal,2026-05-06 10:19:00-04:00,2026-05-06 10:20:00-04:00,2026-05-06 10:20:00-04:00,-0.010185681563429028,203.12,203.1606260312,202.85588509215322,202.81531594369363,4,stop_loss,alpaca_personal_api,-1.0564596313871562,0.1623903540368019,0.16239036460149237,0.0,0.02,0.01,0.0,0.03,0.03,0.0,-1.4112403500254505,1.0215072747990315
normal,2026-05-06 10:21:00-04:00,2026-05-06 10:22:00-04:00,2026-05-06 10:22:00-04:00,-0.007468879668049766,203.32,203.36066603319998,203.05562503415018,203.01501593969962,4,stop_loss,alpaca_personal_api,-1.0574998633992436,0.16255025001362355,0.16255026058854583,0.0,0.02,0.01,0.0,0.03,0.03,0.0,-1.412600374001413,0.8648543305720258
normal,2026-05-06 10:23:00-04:00,2026-05-06 10:24:00-04:00,2026-05-06 10:25:00-04:00,-0.002209999017778297,203.2,203.24064203199998,203.64712331606398,203.606395927872,4,take_profit,alpaca_personal_api,1.788493264255976,0.16273884932638794,0.16273883144151569,0.0,0.02,0.01,0.0,0.03,0.03,0.0,1.4330155834880725,0.8129877329534994
normal,2026-05-06 10:45:00-04:00,2026-05-06 10:46:00-04:00,2026-05-06 10:50:00-04:00,-0.0034141345168998694,204.33,204.37086804330002,204.77960977938662,204.73865590522686,4,take_profit,alpaca_personal_api,1.7984391175464225,0.16364384391170006,0.16364382592735183,0.0,0.02,0.01,0.0,0.03,0.03,0.0,1.4411514477073706,0.8334991172656587
normal,2026-05-06 11:02:00-04:00,2026-05-06 11:03:00-04:00,2026-05-06 11:06:00-04:00,-0.002734107997265922,204.27,204.31085604269998,204.71947775478537,204.6785359064292,4,take_profit,alpaca_personal_api,1.797911019141452,0.16359579110178402,0.16359577312277906,0.0,0.02,0.01,0.0,0.03,0.03,0.0,1.440719454916889,1.1566160609104956
normal,2026-05-06 11:11:00-04:00,2026-05-06 11:12:00-04:00,2026-05-06 11:12:00-04:00,-0.00468544096832435,203.93,203.97078803929998,203.66483185724104,203.62410092751793,4,stop_loss,alpaca_personal_api,-1.060672571035866,0.16303793274278178,0.16303794334953636,0.0,0.02,0.01,0.0,0.03,0.03,0.0,-1.4167484471281842,0.895969130715826
normal,2026-05-06 11:15:00-04:00,2026-05-06 11:16:00-04:00,2026-05-06 11:16:00-04:00,-0.0027882404735116717,203.86,203.90077403860002,203.59492287754213,203.55420592891585,4,stop_loss,alpaca_personal_api,-1.0603084898315274,0.16298196915101926,0.16298197975413586,0.0,0.02,0.01,0.0,0.03,0.03,0.0,-1.4162724387366825,0.9427082441645066
normal,2026-05-06 11:38:00-04:00,2026-05-06 11:39:00-04:00,2026-05-06 11:39:00-04:00,-0.002083737158364074,205.94,205.98119005939998,205.6722182743109,205.63108588737822,4,stop_loss,alpaca_personal_api,-1.0711269027564185,0.1646448873096915,0.1646448980209243,0.0,0.02,0.01,0.0,0.03,0.03,0.0,-1.4304166880870344,1.0936192909742541
normal,2026-05-06 11:45:00-04:00,2026-05-06 11:46:00-04:00,2026-05-06 11:46:00-04:00,-0.002332134875133507,205.34,205.3810700534,205.0729984483199,205.03198589936022,4,stop_loss,alpaca_personal_api,-1.0680062067203835,0.16416519937934027,0.16416521005942286,0.0,0.02,0.01,0.0,0.03,0.03,0.0,-1.4263366161591466,1.000150367508385
normal,2026-05-06 11:48:00-04:00,2026-05-06 11:49:00-04:00,2026-05-06 11:52:00-04:00,-0.002727715538236697,204.73,204.7709480473,204.46379162522908,204.42290091154197,4,stop_loss,alpaca_personal_api,-1.0648334990836474,0.16367751665006836,0.16367752729843232,0.0,0.02,0.01,0.0,0.03,0.03,0.0,-1.4221885430321481,1.1180200874093338
normal,2026-05-06 12:19:00-04:00,2026-05-06 12:20:00-04:00,2026-05-06 12:24:00-04:00,-0.0023854729565260246,204.91,204.9509840491,204.85,204.8090320485,4,max_holding,alpaca_personal_api,-0.2400000000000091,0.16390400000000227,0.16390400239993141,0.0,0.02,0.01,0.0,0.03,0.03,0.0,-0.5978080023999428,0.803343813732155
normal,2026-05-06 12:30:00-04:00,2026-05-06 12:31:00-04:00,2026-05-06 12:35:00-04:00,-0.0020954144534867103,204.79,204.8309600479,204.9,204.859022049,4,max_holding,alpaca_personal_api,0.44000000000005457,0.16387599999995928,0.16387599560005128,0.0,0.02,0.01,0.0,0.03,0.03,0.0,0.08224800440004401,1.067609662060945
normal,2026-05-06 12:38:00-04:00,2026-05-06 12:39:00-04:00,2026-05-06 12:43:00-04:00,-0.003168104498708302,204.52,204.56090604520003,204.76,204.71905004759998,4,max_holding,alpaca_personal_api,0.9599999999999227,0.16371200000003228,0.16371199040008833,0.0,0.02,0.01,0.0,0.03,0.03,0.0,0.6025760095998021,0.8102497667352966
normal,2026-05-06 12:47:00-04:00,2026-05-06 12:48:00-04:00,2026-05-06 12:52:00-04:00,-0.002587637925983821,204.3,204.34086204300002,204.03435074993553,203.99354592012904,4,stop_loss,alpaca_personal_api,-1.062597000257938,0.16333374030000414,0.1633337509259718,0.0,0.02,0.01,0.0,0.03,0.03,0.0,-1.4192644914839139,0.8360999870817724
normal,2026-05-06 13:49:00-04:00,2026-05-06 13:50:00-04:00,2026-05-06 13:54:00-04:00,-0.0025286909161640336,205.08,205.12101805080002,205.37,205.32892805370003,4,max_holding,alpaca_personal_api,1.1599999999999682,0.16417999999998756,0.16417998839995107,0.0,0.02,0.01,0.0,0.03,0.03,0.0,0.8016400116000295,0.8482544263750902
normal,2026-05-06 14:48:00-04:00,2026-05-06 14:49:00-04:00,2026-05-06 14:50:00-04:00,-0.0038505968425105452,206.97,207.01139606969997,206.70087897559543,206.6595408668091,4,stop_loss,alpaca_personal_api,-1.0764840976182768,0.16546835159022066,0.16546836235499995,0.0,0.02,0.01,0.0,0.03,0.03,0.0,-1.4374208115634974,1.2256934712971446
normal,2026-05-06 14:51:00-04:00,2026-05-06 14:52:00-04:00,2026-05-06 14:56:00-04:00,-0.0027485774905969818,206.83,206.8713680683,206.92,206.8786180692,4,max_holding,alpaca_personal_api,0.35999999999989996,0.1654999999999518,0.1654999963999444,0.0,0.02,0.01,0.0,0.03,0.03,0.0,-0.0009999963999962336,0.8418086531371634
normal,2026-05-06 15:00:00-04:00,2026-05-06 15:01:00-04:00,2026-05-06 15:04:00-04:00,-0.0020301624129930307,206.47,206.5112960647,206.9243186568294,206.8829358623412,4,take_profit,alpaca_personal_api,1.8172746273176017,0.1653577274627196,0.16535770928999227,0.0,0.02,0.01,0.0,0.03,0.03,0.0,1.4565591905648898,1.0007175911538526
normal,2026-05-07 09:42:00-04:00,2026-05-07 09:43:00-04:00,2026-05-07 09:44:00-04:00,-0.0026503469545104963,207.0,207.04140207,207.45548487414,207.41399585172005,4,take_profit,alpaca_personal_api,1.8219394965600486,0.1657821939496671,0.16578217573021448,0.0,0.02,0.01,0.0,0.03,0.03,0.0,1.460375126880167,0.8630814611172133
normal,2026-05-07 09:59:00-04:00,2026-05-07 10:00:00-04:00,2026-05-07 10:00:00-04:00,-0.003961057554643377,208.66,208.70173408659997,209.11913755477318,209.0773158184536,4,take_profit,alpaca_personal_api,1.8365502190927145,0.16711165502181302,0.1671116366563865,0.0,0.02,0.01,0.0,0.03,0.03,0.0,1.472326927414515,0.7773744236354134
normal,2026-05-07 10:17:00-04:00,2026-05-07 10:18:00-04:00,2026-05-07 10:18:00-04:00,-0.00296052631578958,212.15,212.1924321215,211.87414347331776,211.83177076336452,4,stop_loss,alpaca_personal_api,-1.103426106728989,0.16960965738928735,0.16960966842361813,0.0,0.02,0.01,0.0,0.03,0.03,0.0,-1.4726454325418945,0.8883035502152341
normal,2026-05-07 10:30:00-04:00,2026-05-07 10:31:00-04:00,2026-05-07 10:31:00-04:00,-0.00215628369193277,212.84,212.8825701284,212.56324627320743,212.52073574958524,4,stop_loss,alpaca_personal_api,-1.10701490717031,0.17016129850935613,0.17016130957938458,0.0,0.02,0.01,0.0,0.03,0.03,0.0,-1.4773375152590507,0.9482985841246241
normal,2026-05-07 10:50:00-04:00,2026-05-07 10:51:00-04:00,2026-05-07 10:52:00-04:00,-0.004549718574108796,212.21,212.2524441221,212.6769490103442,212.6344157473116,4,take_profit,alpaca_personal_api,1.8677960413767778,0.16995477960415428,0.16995476092620265,0.0,0.02,0.01,0.0,0.03,0.03,0.0,1.4978865008464208,0.7736643415934354
normal,2026-05-07 11:00:00-04:00,2026-05-07 11:01:00-04:00,2026-05-07 11:02:00-04:00,-0.0038937887033213547,212.32,212.3624661232,212.78719105544639,212.74463574510722,4,take_profit,alpaca_personal_api,1.8687642217855682,0.17004287642214422,0.1700428577345292,0.0,0.02,0.01,0.0,0.03,0.03,0.0,1.4986784876288948,0.8617838823020988
normal,2026-05-07 11:07:00-04:00,2026-05-07 11:08:00-04:00,2026-05-07 11:09:00-04:00,-0.0052656323460271715,211.59,211.6323201159,212.0555847561318,212.01317575973644,4,take_profit,alpaca_personal_api,1.8623390245271594,0.1694582339024464,0.16945821527895077,0.0,0.02,0.01,0.0,0.03,0.03,0.0,1.4934225753457622,1.1682873475008428
normal,2026-05-07 11:50:00-04:00,2026-05-07 11:51:00-04:00,2026-05-07 11:52:00-04:00,-0.0020163181093499905,212.81,212.8525641281,212.53328528190787,212.49078075018434,4,stop_loss,alpaca_personal_api,-1.106858872368548,0.17013731411270783,0.17013732518137203,0.0,0.02,0.01,0.0,0.03,0.03,0.0,-1.4771335116626279,0.9615981904729752
normal,2026-05-07 12:03:00-04:00,2026-05-07 12:04:00-04:00,2026-05-07 12:05:00-04:00,-0.002679452827527795,212.17,212.2124361217,211.89411746751745,211.85174076296514,4,stop_loss,alpaca_personal_api,-1.1035301299301636,0.169625646987015,0.16962565802225527,0.0,0.02,0.01,0.0,0.03,0.03,0.0,-1.472781434939434,1.1306772950190096
normal,2026-05-07 12:06:00-04:00,2026-05-07 12:07:00-04:00,2026-05-07 12:07:00-04:00,-0.0037199227762866327,211.59,211.6323201159,211.31487163572615,211.27261077454773,4,stop_loss,alpaca_personal_api,-1.100513457095417,0.1691619486542777,0.16916195965939096,0.0,0.02,0.01,0.0,0.03,0.03,0.0,-1.4688373654090856,0.8402808518172965
normal,2026-05-07 12:14:00-04:00,2026-05-07 12:15:00-04:00,2026-05-07 12:15:00-04:00,-0.002689948088721028,211.31,211.3522641131,211.03523571693037,210.99303078013935,4,stop_loss,alpaca_personal_api,-1.0990571322785172,0.16893809428677287,0.16893810527733422,0.0,0.02,0.01,0.0,0.03,0.03,0.0,-1.4669333318426243,0.9458926445117991
normal,2026-05-07 12:38:00-04:00,2026-05-07 12:39:00-04:00,2026-05-07 12:41:00-04:00,-0.00589528844804188,212.52,212.5625061252,212.9876311374504,212.94503574109922,4,take_profit,alpaca_personal_api,1.8705245498015302,0.17020305245500822,0.17020303374965806,0.0,0.02,0.01,0.0,0.03,0.03,0.0,1.5001184635968638,0.8891414729341226
normal,2026-05-07 14:11:00-04:00,2026-05-07 14:12:00-04:00,2026-05-07 14:16:00-04:00,-0.0025377132384040157,212.26,212.30245412259998,212.72705903084517,212.68451574630961,4,take_profit,alpaca_personal_api,1.8682361233807114,0.16999482361222817,0.16999480492995644,0.0,0.02,0.01,0.0,0.03,0.03,0.0,1.4982464948385268,1.1489388431738299
normal,2026-05-07 14:44:00-04:00,2026-05-07 14:45:00-04:00,2026-05-07 14:45:00-04:00,-0.0037118827233003637,212.04,212.0824101204,211.76428650521942,211.72193576556126,4,stop_loss,alpaca_personal_api,-1.102853979122301,0.16952171460206955,0.1695217256306023,0.0,0.02,0.01,0.0,0.03,0.03,0.0,-1.471897419354973,1.1200237324882794
normal,2026-05-07 14:47:00-04:00,2026-05-07 14:48:00-04:00,2026-05-07 14:48:00-04:00,-0.0027728169940783864,212.17,212.2124361217,211.89411746751745,211.85174076296514,4,stop_loss,alpaca_personal_api,-1.1035301299301636,0.169625646987015,0.16962565802225527,0.0,0.02,0.01,0.0,0.03,0.03,0.0,-1.472781434939434,0.9318946539983803
normal,2026-05-07 14:51:00-04:00,2026-05-07 14:52:00-04:00,2026-05-07 14:56:00-04:00,-0.002401242996374564,211.85,211.8923721185,212.19,212.1475641219,4,max_holding,alpaca_personal_api,1.3600000000000136,0.16961600000001908,0.16961598640000375,0.0,0.02,0.01,0.0,0.03,0.03,0.0,0.9907680135999908,1.0171379375285856
normal,2026-05-08 10:03:00-04:00,2026-05-08 10:04:00-04:00,2026-05-08 10:06:00-04:00,-0.0033640552995390927,216.27,216.31325616270001,215.988786278456,215.94559068108816,4,stop_loss,alpaca_personal_api,-1.124854886176081,0.17290351451140396,0.17290352575992074,0.0,0.02,0.01,0.0,0.03,0.03,0.0,-1.5006619264474057,0.7551757787096555
normal,2026-05-08 10:10:00-04:00,2026-05-08 10:11:00-04:00,2026-05-08 10:13:00-04:00,-0.002867449819628165,215.62,215.66312615619998,216.09445240851238,216.05123567897522,4,take_profit,alpaca_personal_api,1.8978096340495085,0.1726857809633202,0.17268576198523533,0.0,0.02,0.01,0.0,0.03,0.03,0.0,1.522438091100953,0.7886654028143832
normal,2026-05-08 10:18:00-04:00,2026-05-08 10:19:00-04:00,2026-05-08 10:22:00-04:00,-0.00282198371576603,215.52,215.5631061552,215.9942323675104,215.9510356809792,4,take_profit,alpaca_personal_api,1.8969294700415276,0.17260569294694506,0.17260567397772775,0.0,0.02,0.01,0.0,0.03,0.03,0.0,1.5217181031168547,0.842146889803199
normal,2026-05-08 10:29:00-04:00,2026-05-08 10:30:00-04:00,2026-05-08 10:30:00-04:00,-0.0025511387355628967,215.06,215.1030141506,214.7803596293741,214.73740570525183,4,stop_loss,alpaca_personal_api,-1.118561482503651,0.1719361438516671,0.17193615503731507,0.0,0.02,0.01,0.0,0.03,0.03,0.0,-1.4924337813926332,0.8484318868049281
normal,2026-05-08 10:31:00-04:00,2026-05-08 10:32:00-04:00,2026-05-08 10:32:00-04:00,-0.002499884264617336,215.47,215.5130961547,215.18982651046798,215.14679069706418,4,stop_loss,alpaca_personal_api,-1.1206939581280722,0.17226393060411738,0.17226394181113847,0.0,0.02,0.01,0.0,0.03,0.03,0.0,-1.495221830543328,0.8426403082593399
normal,2026-05-08 10:36:00-04:00,2026-05-08 10:37:00-04:00,2026-05-08 10:41:00-04:00,-0.005662041119413375,214.38,214.42287814379998,214.55,214.50709214550002,4,max_holding,alpaca_personal_api,0.6800000000000637,0.1715719999999692,0.17157199319990468,0.0,0.02,0.01,0.0,0.03,0.03,0.0,0.30685600680018976,1.2200530187285623
normal,2026-05-08 11:16:00-04:00,2026-05-08 11:17:00-04:00,2026-05-08 11:17:00-04:00,-0.002312994402553503,215.68,215.72313815680002,215.39955344956482,215.35647569287045,4,stop_loss,alpaca_personal_api,-1.121786201740747,0.17243182137985968,0.17243183259768102,0.0,0.02,0.01,0.0,0.03,0.03,0.0,-1.4966498557182877,1.1651875566657763
normal,2026-05-08 11:19:00-04:00,2026-05-08 11:20:00-04:00,2026-05-08 11:23:00-04:00,-0.002776492364645944,215.47,215.5130961547,215.9441223470094,215.90093568198122,4,take_profit,alpaca_personal_api,1.896489388037594,0.17256564893875748,0.17256562997397396,0.0,0.02,0.01,0.0,0.03,0.03,0.0,1.5213581091248625,0.7683844595066732
normal,2026-05-08 11:41:00-04:00,2026-05-08 11:42:00-04:00,2026-05-08 11:45:00-04:00,-0.003043578510491085,216.19,216.23324016189997,215.90889030165712,215.8657106826857,4,stop_loss,alpaca_personal_api,-1.124438793371496,0.17283955612060709,0.17283956736503114,0.0,0.02,0.01,0.0,0.03,0.03,0.0,-1.5001179168571344,0.8989809123261081
normal,2026-05-08 11:59:00-04:00,2026-05-08 12:00:00-04:00,2026-05-08 12:04:00-04:00,-0.0025946346661724906,215.24,215.2830501524,215.32,215.27693815319998,4,max_holding,alpaca_personal_api,0.31999999999993634,0.17222400000002835,0.17222399679997125,0.0,0.02,0.01,0.0,0.03,0.03,0.0,-0.054447996800063264,0.8164559740145729
normal,2026-05-08 14:10:00-04:00,2026-05-08 14:11:00-04:00,2026-05-08 14:15:00-04:00,-0.0026453798672668727,214.91,214.9529841491,214.95,214.9070121495,4,max_holding,alpaca_personal_api,0.15999999999996817,0.17194399999993948,0.1719439984000246,0.0,0.02,0.01,0.0,0.03,0.03,0.0,-0.21388799839999592,1.0505986423103735
normal,2026-05-11 09:53:00-04:00,2026-05-11 09:54:00-04:00,2026-05-11 09:54:00-04:00,-0.01069761116903134,218.27,218.31365618270002,217.98618569842597,217.94259064114814,4,stop_loss,alpaca_personal_api,-1.13525720629616,0.17450247427939303,0.17450248563193327,0.0,0.02,0.01,0.0,0.03,0.03,0.0,-1.5142621662074862,0.9049017972398212
normal,2026-05-11 09:55:00-04:00,2026-05-11 09:56:00-04:00,2026-05-11 09:56:00-04:00,-0.011818181818181839,217.4,217.443482174,217.117316950739,217.07389565852202,4,stop_loss,alpaca_personal_api,-1.1307321970440398,0.17380692678023024,0.1738069380876368,0.0,0.02,0.01,0.0,0.03,0.03,0.0,-1.508346061911907,0.9149385871139375
normal,2026-05-11 09:59:00-04:00,2026-05-11 10:00:00-04:00,2026-05-11 10:00:00-04:00,-0.0038143382352940902,216.7,216.74334216699998,217.176828851334,217.13339565733202,4,take_profit,alpaca_personal_api,1.9073154053360213,0.17355073154055844,0.17355071246731768,0.0,0.02,0.01,0.0,0.03,0.03,0.0,1.5302139613281451,1.0314828851950222
normal,2026-05-11 10:26:00-04:00,2026-05-11 10:27:00-04:00,2026-05-11 10:28:00-04:00,-0.002189880925224652,218.71,218.7537441871,218.42561357081937,218.38193063236133,4,stop_loss,alpaca_personal_api,-1.1375457167225704,0.1748542454283779,0.1748542568037692,0.0,0.02,0.01,0.0,0.03,0.03,0.0,-1.5172542189547176,0.7545829782785678
normal,2026-05-11 10:29:00-04:00,2026-05-11 10:30:00-04:00,2026-05-11 10:31:00-04:00,-0.0055268807381355645,217.73,217.77354817729997,217.44688785503402,217.4034006519319,4,stop_loss,alpaca_personal_api,-1.1324485798638761,0.17407075514199732,0.17407076646645692,0.0,0.02,0.01,0.0,0.03,0.03,0.0,-1.5105901014723304,1.1110090121133704
normal,2026-05-11 10:32:00-04:00,2026-05-11 10:33:00-04:00,2026-05-11 10:35:00-04:00,-0.0038899821518465494,217.66,217.7035341766,218.1389412449532,218.0953156380936,4,take_profit,alpaca_personal_api,1.9157649798128205,0.1743195764979646,0.1743195573403682,0.0,0.02,0.01,0.0,0.03,0.03,0.0,1.5371258459744876,0.8754528015601435
normal,2026-05-11 11:00:00-04:00,2026-05-11 11:01:00-04:00,2026-05-11 11:05:00-04:00,-0.002528787536690058,220.88,220.9241782088,220.9,220.85582220900002,4,max_holding,alpaca_personal_api,0.08000000000004093,0.17671199999995224,0.17671199919993796,0.0,0.02,0.01,0.0,0.03,0.03,0.0,-0.3034239991998493,0.8682076627614026
normal,2026-05-11 11:15:00-04:00,2026-05-11 11:16:00-04:00,2026-05-11 11:19:00-04:00,-0.0033432727929881834,220.61,220.65412420610002,221.09543245451223,221.05121557897567,4,take_profit,alpaca_personal_api,1.9417298180488842,0.17668217298182753,0.1766821535644567,0.0,0.02,0.01,0.0,0.03,0.03,0.0,1.5583654915026,0.9655602025364183
normal,2026-05-11 11:35:00-04:00,2026-05-11 11:36:00-04:00,2026-05-11 11:40:00-04:00,-0.002932815954518775,220.99,221.0342002099,220.87,220.82582820870002,4,max_holding,alpaca_personal_api,-0.4800000000000182,0.17674399999998514,0.1767440047999571,0.0,0.02,0.01,0.0,0.03,0.03,0.0,-0.8634880047999605,0.7701169718291775
normal,2026-05-11 12:22:00-04:00,2026-05-11 12:23:00-04:00,2026-05-11 12:27:00-04:00,-0.0030188339190772018,221.26,221.30425421259997,221.57,221.5256882157,4,max_holding,alpaca_personal_api,1.240000000000009,0.17713199999991502,0.17713198759997795,0.0,0.02,0.01,0.0,0.03,0.03,0.0,0.8557360124001161,0.835079896835521
normal,2026-05-11 12:39:00-04:00,2026-05-11 12:40:00-04:00,2026-05-11 12:42:00-04:00,-0.002526277800333765,221.09,221.1342202109,220.80251888058365,220.75836058483273,4,stop_loss,alpaca_personal_api,-1.1499244776654223,0.17675700755216894,0.1767570190514789,0.0,0.02,0.01,0.0,0.03,0.03,0.0,-1.5334385042690701,1.1462906524584477
normal,2026-05-11 12:44:00-04:00,2026-05-11 12:45:00-04:00,2026-05-11 12:49:00-04:00,-0.00262312875944104,220.54,220.58411020539998,220.54,220.4958942054,4,max_holding,alpaca_personal_api,0.0,0.17643199999997705,0.17643199999997705,0.0,0.02,0.01,0.0,0.03,0.03,0.0,-0.38286399999995413,0.9435211081295589
normal,2026-05-11 13:06:00-04:00,2026-05-11 13:07:00-04:00,2026-05-11 13:10:00-04:00,-0.002401558747564425,220.15,220.19403220150002,219.8637411531978,219.81977060360455,4,stop_loss,alpaca_personal_api,-1.14503538720885,0.17600549646135732,0.17600550791166825,0.0,0.02,0.01,0.0,0.03,0.03,0.0,-1.5270463915818755,1.2055535642621031
normal,2026-05-12 09:48:00-04:00,2026-05-12 09:49:00-04:00,2026-05-12 09:50:00-04:00,-0.0038584054914979626,222.05,222.0944122205,221.76127060216928,221.71692056566155,4,stop_loss,alpaca_personal_api,-1.154917591322942,0.1775245082408219,0.17752451979004036,0.0,0.02,0.01,0.0,0.03,0.03,0.0,-1.5399666193538042,0.8679903663160685
normal,2026-05-12 09:57:00-04:00,2026-05-12 09:58:00-04:00,2026-05-12 09:58:00-04:00,-0.009462307726803898,220.9,220.944182209,220.6127659356865,220.56864558862702,4,stop_loss,alpaca_personal_api,-1.1489362572540358,0.17660510637426796,0.17660511786357347,0.0,0.02,0.01,0.0,0.03,0.03,0.0,-1.5321464814918773,0.7685906826157819
normal,2026-05-12 09:59:00-04:00,2026-05-12 10:00:00-04:00,2026-05-12 10:00:00-04:00,-0.013360233131584964,220.1,220.14402220099998,219.8138061676985,219.769845604603,4,stop_loss,alpaca_personal_api,-1.144775329206027,0.17596552246709507,0.1759655339147912,0.0,0.02,0.01,0.0,0.03,0.03,0.0,-1.5267063855879133,0.9666008975457063
normal,2026-05-12 10:18:00-04:00,2026-05-12 10:19:00-04:00,2026-05-12 10:20:00-04:00,-0.0020425763696608756,219.86,219.9039741986,220.3437821469972,220.29971559400562,4,take_profit,alpaca_personal_api,1.9351285879887428,0.17608151285878648,0.1760814935074677,0.0,0.02,0.01,0.0,0.03,0.03,0.0,1.5529655816224885,1.0914469971933978
normal,2026-05-12 10:25:00-04:00,2026-05-12 10:26:00-04:00,2026-05-12 10:26:00-04:00,-0.004040495755209594,219.38,219.4238781938,219.09474237650932,219.05092561898144,4,stop_loss,alpaca_personal_api,-1.1410304939627167,0.17538989695060536,0.17538990836089852,0.0,0.02,0.01,0.0,0.03,0.03,0.0,-1.5218102992742206,0.9852986102298738
normal,2026-05-12 10:27:00-04:00,2026-05-12 10:28:00-04:00,2026-05-12 10:28:00-04:00,-0.004772076535017988,218.99,219.0338001899,218.70524948961517,218.66151062676974,4,stop_loss,alpaca_personal_api,-1.1390020415393565,0.17507809979576905,0.17507811118593963,0.0,0.02,0.01,0.0,0.03,0.03,0.0,-1.5191582525210652,0.7612931624185825
normal,2026-05-12 10:29:00-04:00,2026-05-12 10:30:00-04:00,2026-05-12 10:30:00-04:00,-0.0050957732380909615,218.64,218.68373018639997,218.35570459112037,218.3120356337592,4,stop_loss,alpaca_personal_api,-1.1371816355184592,0.17479828183638801,0.17479829320825502,0.0,0.02,0.01,0.0,0.03,0.03,0.0,-1.5167782105631022,1.060665531368715
normal,2026-05-12 10:31:00-04:00,2026-05-12 10:32:00-04:00,2026-05-12 10:32:00-04:00,-0.005657192390163823,217.97,218.0135961797,218.4496233720594,218.40593563188122,4,take_profit,alpaca_personal_api,1.9184934882375728,0.17456784934881853,0.1745678301638236,0.0,0.02,0.01,0.0,0.03,0.03,0.0,1.5393578087249307,1.1690003569338303
normal,2026-05-12 10:34:00-04:00,2026-05-12 10:35:00-04:00,2026-05-12 10:35:00-04:00,-0.0026981296016828082,218.07,218.11361618069998,217.78644575642895,217.74289064514213,4,stop_loss,alpaca_personal_api,-1.134216974284186,0.17434257830257138,0.17434258964465243,0.0,0.02,0.01,0.0,0.03,0.03,0.0,-1.51290214223141,1.1735167115938598
normal,2026-05-12 10:45:00-04:00,2026-05-12 10:46:00-04:00,2026-05-12 10:48:00-04:00,-0.0023800805565725724,217.98,218.0235981798,217.6965627825303,217.65302564693943,4,stop_loss,alpaca_personal_api,-1.1337488698787865,0.17427062511296754,0.17427063645050112,0.0,0.02,0.01,0.0,0.03,0.03,0.0,-1.5122901314422552,0.9312037283621838
normal,2026-05-12 10:49:00-04:00,2026-05-12 10:50:00-04:00,2026-05-12 10:52:00-04:00,-0.0028897756983624623,217.38,217.4234781738,217.8583251301476,217.8147556437048,4,take_profit,alpaca_personal_api,1.9133005205903828,0.17409533005206868,0.17409531091902863,0.0,0.02,0.01,0.0,0.03,0.03,0.0,1.5351098796192855,0.912779578595033
normal,2026-05-12 10:58:00-04:00,2026-05-12 10:59:00-04:00,2026-05-12 10:59:00-04:00,-0.005123278898495065,217.49,217.5335001749,217.20719992463768,217.16376065672475,4,stop_loss,alpaca_personal_api,-1.1312003014493257,0.1738788799698341,0.17387889128190182,0.0,0.02,0.01,0.0,0.03,0.03,0.0,-1.5089580727010616,1.2390406576028279
normal,2026-05-12 11:02:00-04:00,2026-05-12 11:03:00-04:00,2026-05-12 11:05:00-04:00,-0.0031206975676916215,217.21,217.2534441721,216.92756400584184,216.88418066231634,4,stop_loss,alpaca_personal_api,-1.1297439766326534,0.17365502560221557,0.17365503689973139,0.0,0.02,0.01,0.0,0.03,0.03,0.0,-1.5070540391346003,1.0217227683139625
normal,2026-05-12 11:27:00-04:00,2026-05-12 11:28:00-04:00,2026-05-12 11:28:00-04:00,-0.006143470830061504,215.2,215.243042152,214.920177588772,214.87719570245602,4,stop_loss,alpaca_personal_api,-1.1192896449119871,0.1720480710355332,0.17204808222834345,0.0,0.02,0.01,0.0,0.03,0.03,0.0,-1.4933857981758638,0.9754855564462387
normal,2026-05-12 11:57:00-04:00,2026-05-12 11:58:00-04:00,2026-05-12 12:00:00-04:00,-0.002256504720239527,216.61,216.6533241661,216.32834417985086,216.28508067429834,4,stop_loss,alpaca_personal_api,-1.1266232805966183,0.17317533767186433,0.17317534893811626,0.0,0.02,0.01,0.0,0.03,0.03,0.0,-1.502973967206599,1.061323578105499
normal,2026-05-12 12:18:00-04:00,2026-05-12 12:19:00-04:00,2026-05-12 12:21:00-04:00,-0.002754062241806743,217.26,217.3034541726,216.97749899134112,216.93410566131786,4,stop_loss,alpaca_personal_api,-1.1300040346354763,0.17369499959647783,0.17369501089660844,0.0,0.02,0.01,0.0,0.03,0.03,0.0,-1.5073940451285626,0.9854138467443787
normal,2026-05-12 12:33:00-04:00,2026-05-12 12:34:00-04:00,2026-05-12 12:38:00-04:00,-0.002069060646466614,217.02,217.0634061702,217.14,217.0965741714,4,max_holding,alpaca_personal_api,0.4799999999999045,0.17366400000003068,0.17366399519994502,0.0,0.02,0.01,0.0,0.03,0.03,0.0,0.1026720047999288,0.8939070507243357
normal,2026-05-12 12:55:00-04:00,2026-05-12 12:56:00-04:00,2026-05-12 12:56:00-04:00,-0.002491349480968852,216.2,216.24324216199997,215.918877298757,215.87569568248603,4,stop_loss,alpaca_personal_api,-1.1244908049719697,0.17284755091941406,0.17284756216440655,0.0,0.02,0.01,0.0,0.03,0.03,0.0,-1.5001859180557904,1.0821212910953018
normal,2026-05-12 12:59:00-04:00,2026-05-12 13:00:00-04:00,2026-05-12 13:02:00-04:00,-0.002728449870514238,215.67,215.7131361567,215.38956645246495,215.34649069307014,4,stop_loss,alpaca_personal_api,-1.1217341901401596,0.17242382658093902,0.1724238377983056,0.0,0.02,0.01,0.0,0.03,0.03,0.0,-1.4965818545194043,1.1587356847421695
normal,2026-05-12 13:27:00-04:00,2026-05-12 13:28:00-04:00,2026-05-12 13:30:00-04:00,-0.002206389335784986,217.05,217.09341217050002,217.52759899484101,217.48409565031804,4,take_profit,alpaca_personal_api,1.9103959793640115,0.1738310395978715,0.17383102049404897,0.0,0.02,0.01,0.0,0.03,0.03,0.0,1.532733919272091,0.8628978172766361
normal,2026-05-12 14:46:00-04:00,2026-05-12 14:47:00-04:00,2026-05-12 14:51:00-04:00,-0.0023694522919894823,218.91,218.9537841891,219.23,219.18615619230002,4,max_holding,alpaca_personal_api,1.2799999999999727,0.1752559999999903,0.17525598719987556,0.0,0.02,0.01,0.0,0.03,0.03,0.0,0.8994880128001068,0.9578558388139806
normal,2026-05-12 15:22:00-04:00,2026-05-12 15:23:00-04:00,2026-05-12 15:27:00-04:00,-0.0023121911411343454,220.1,220.14402220099998,220.58431024540198,220.540195589196,4,take_profit,alpaca_personal_api,1.9372409816079426,0.1762737240981096,0.17627370472575876,0.0,0.02,0.01,0.0,0.03,0.03,0.0,1.5546935527840742,1.139850603055595
normal,2026-05-12 15:48:00-04:00,2026-05-12 15:49:00-04:00,2026-05-12 15:53:00-04:00,-0.0028937016774426283,220.53,220.5741082053,221.0152564217106,220.97105558057882,4,take_profit,alpaca_personal_api,1.9410256868424085,0.17661810256868193,0.17661808315847338,0.0,0.02,0.01,0.0,0.03,0.03,0.0,1.5577895011152532,0.8562731721486406
normal,2026-05-13 09:40:00-04:00,2026-05-13 09:41:00-04:00,2026-05-13 09:41:00-04:00,-0.0021286975032153155,225.0,225.04500225,224.707434746625,224.66249550675005,4,stop_loss,alpaca_personal_api,-1.1702610134999532,0.17988297389865693,0.17988298560123894,0.0,0.02,0.01,0.0,0.03,0.03,0.0,-1.560026972999849,0.7728849311900081
normal,2026-05-13 09:45:00-04:00,2026-05-13 09:46:00-04:00,2026-05-13 09:46:00-04:00,-0.006533042975867764,223.56,223.6047142356,223.2693071642466,223.22465553550686,4,stop_loss,alpaca_personal_api,-1.16277134301356,0.1787317228656775,0.1787317344933399,0.0,0.02,0.01,0.0,0.03,0.03,0.0,-1.5502348003725774,0.9634000712695474
normal,2026-05-13 09:47:00-04:00,2026-05-13 09:48:00-04:00,2026-05-13 09:48:00-04:00,-0.011953961693996318,222.35,222.39447222349997,222.06088051516474,222.01647055967052,4,stop_loss,alpaca_personal_api,-1.1564779393410163,0.17776435220605435,0.17776436377073424,0.0,0.02,0.01,0.0,0.03,0.03,0.0,-1.542006655317805,1.0248658150410064
normal,2026-05-13 09:50:00-04:00,2026-05-13 09:51:00-04:00,2026-05-13 09:51:00-04:00,-0.009215352956965184,221.47,221.51429621469998,221.9573248071294,221.91293556174125,4,take_profit,alpaca_personal_api,1.9492992285175887,0.17737092992274484,0.17737091042977227,0.0,0.02,0.01,0.0,0.03,0.03,0.0,1.5645573881650716,0.9220919851824111
normal,2026-05-13 10:31:00-04:00,2026-05-13 10:32:00-04:00,2026-05-13 10:32:00-04:00,-0.0032061272654405615,223.86,223.90477423860003,223.56891707724213,223.52420552951585,4,stop_loss,alpaca_personal_api,-1.1643316910315207,0.17897156683090998,0.17897157847426115,0.0,0.02,0.01,0.0,0.03,0.03,0.0,-1.5522748363366918,1.1646898400122254
normal,2026-05-13 11:14:00-04:00,2026-05-13 11:15:00-04:00,2026-05-13 11:17:00-04:00,-0.0037400448805386954,226.43,226.4752882643,226.92823884082858,226.8828554623428,4,take_profit,alpaca_personal_api,1.9929553633143087,0.18134329553629414,0.1813432756067641,0.0,0.02,0.01,0.0,0.03,0.03,0.0,1.6002687921712504,0.9492090815178915
normal,2026-05-13 11:24:00-04:00,2026-05-13 11:25:00-04:00,2026-05-13 11:27:00-04:00,-0.003969479116129215,225.83,225.8751682583,225.53635550591255,225.49125049017493,4,stop_loss,alpaca_personal_api,-1.1745779763498376,0.18054654220236444,0.18054655394803376,0.0,0.02,0.01,0.0,0.03,0.03,0.0,-1.5656710725002358,0.9070359109133113
normal,2026-05-13 11:59:00-04:00,2026-05-13 12:00:00-04:00,2026-05-13 12:02:00-04:00,-0.0030838362923477636,226.3,226.345262263,226.797952787526,226.75259546494803,4,take_profit,alpaca_personal_api,1.9918111501038993,0.18123918111496096,0.18123916119679961,0.0,0.02,0.01,0.0,0.03,0.03,0.0,1.5993328077921387,0.8990755841043733
normal,2026-05-13 12:19:00-04:00,2026-05-13 12:20:00-04:00,2026-05-13 12:24:00-04:00,-0.0024626209322778925,226.83,226.8753682683,227.3291190048366,227.28365545432683,4,take_profit,alpaca_personal_api,1.9964760193463462,0.18166364760190845,0.1816636276371355,0.0,0.02,0.01,0.0,0.03,0.03,0.0,1.6031487441073022,1.085910880538309
normal,2026-05-13 13:34:00-04:00,2026-05-13 13:35:00-04:00,2026-05-13 13:36:00-04:00,-0.0021174290881820212,226.21,226.25524426209998,225.91586139570683,225.87068048258632,4,stop_loss,alpaca_personal_api,-1.1765544171727242,0.1808503445581664,0.18085035632373092,0.0,0.02,0.01,0.0,0.03,0.03,0.0,-1.5682551180546216,0.7709579831932774
normal,2026-05-13 15:24:00-04:00,2026-05-13 15:25:00-04:00,2026-05-13 15:29:00-04:00,-0.002866340344842788,226.1,226.145222261,226.52,226.47469826520003,4,max_holding,alpaca_personal_api,1.6800000000000637,0.18104799999991883,0.18104798319996007,0.0,0.02,0.01,0.0,0.03,0.03,0.0,1.2879040168001847,1.2410593082901866
normal,2026-05-14 09:48:00-04:00,2026-05-14 09:49:00-04:00,2026-05-14 09:50:00-04:00,-0.004771935858303711,231.56,231.6063143156,231.25890484412662,231.21265537574686,4,stop_loss,alpaca_personal_api,-1.2043806234935346,0.1851275619376338,0.18512757398139001,0.0,0.02,0.01,0.0,0.03,0.03,0.0,-1.6046357594125584,1.061784765917653
normal,2026-05-14 09:59:00-04:00,2026-05-14 10:00:00-04:00,2026-05-14 10:00:00-04:00,-0.002596615744146824,230.41,230.4560843041,230.91699647270818,230.8708153825836,4,take_profit,alpaca_personal_api,2.027985890832724,0.18453079858909405,0.1845307783091812,0.0,0.02,0.01,0.0,0.03,0.03,0.0,1.628924313934449,1.0315279790831842
normal,2026-05-14 10:10:00-04:00,2026-05-14 10:11:00-04:00,2026-05-14 10:11:00-04:00,-0.003198340320698434,230.64,230.6861303064,231.1475025670128,231.10127537797442,4,take_profit,alpaca_personal_api,2.030010268051228,0.18471500102680238,0.18471498072676695,0.0,0.02,0.01,0.0,0.03,0.03,0.0,1.6305802862976588,0.9010080300146229
normal,2026-05-14 10:27:00-04:00,2026-05-14 10:28:00-04:00,2026-05-14 10:29:00-04:00,-0.003126606133287635,232.75,232.7965523275,232.44735749900875,232.40087035198252,4,stop_loss,alpaca_personal_api,-1.2105700039650173,0.18607894299952932,0.18607895510535855,0.0,0.02,0.01,0.0,0.03,0.03,0.0,-1.6127279020699052,1.0255175968336396
normal,2026-05-14 10:52:00-04:00,2026-05-14 10:53:00-04:00,2026-05-14 10:54:00-04:00,-0.0020378704254053748,235.06,235.1070143506,234.75435382907412,234.70740530585186,4,stop_loss,alpaca_personal_api,-1.2225846837035306,0.18792574153155783,0.18792575375744036,0.0,0.02,0.01,0.0,0.03,0.03,0.0,-1.6284361789925288,0.842590291187886
normal,2026-05-14 10:55:00-04:00,2026-05-14 10:56:00-04:00,2026-05-14 10:56:00-04:00,-0.0033559898045879555,234.61,234.6569243461,234.30493895958085,234.25808031483834,4,stop_loss,alpaca_personal_api,-1.2202441616766464,0.18756597558376598,0.18756598778622902,0.0,0.02,0.01,0.0,0.03,0.03,0.0,-1.6253761250466414,0.8586699689448065
normal,2026-05-14 10:58:00-04:00,2026-05-14 10:59:00-04:00,2026-05-14 10:59:00-04:00,-0.002341820659116145,234.31,234.3568643431,234.00532904658536,233.95853032082934,4,stop_loss,alpaca_personal_api,-1.218683813658572,0.1873261316185335,0.18732614380553514,0.0,0.02,0.01,0.0,0.03,0.03,0.0,-1.6233360890826407,1.1047421763256904
normal,2026-05-14 11:05:00-04:00,2026-05-14 11:06:00-04:00,2026-05-14 11:07:00-04:00,-0.0028142589118198558,233.87,233.91677633869998,234.38460989137738,234.33773531324522,4,take_profit,alpaca_personal_api,2.0584395655095022,0.18730184395644756,0.18730182337208134,0.0,0.02,0.01,0.0,0.03,0.03,0.0,1.6538358981809733,0.7636407016002439
normal,2026-05-14 11:46:00-04:00,2026-05-14 11:47:00-04:00,2026-05-14 11:47:00-04:00,-0.002075567604202022,235.61,235.6571243561,235.30363866956588,235.25658029486834,4,stop_loss,alpaca_personal_api,-1.2254453217365153,0.1883654554678742,0.18836546772229212,0.0,0.02,0.01,0.0,0.03,0.03,0.0,-1.6321762449266817,0.8570748469721734
normal,2026-05-14 11:48:00-04:00,2026-05-14 11:49:00-04:00,2026-05-14 11:52:00-04:00,-0.0030102603239210435,235.13,235.1770283513,234.82426280877308,234.77730030445397,4,stop_loss,alpaca_personal_api,-1.2229487649076418,0.18798170512354773,0.18798171735295455,0.0,0.02,0.01,0.0,0.03,0.03,0.0,-1.6289121873841441,0.885980128436113
normal,2026-05-14 12:28:00-04:00,2026-05-14 12:29:00-04:00,2026-05-14 12:29:00-04:00,-0.0020838649315301216,234.67,234.7169363467,234.36486094217997,234.31799031364014,4,stop_loss,alpaca_personal_api,-1.2205562312800566,0.1876139443769489,0.18761395658248148,0.0,0.02,0.01,0.0,0.03,0.03,0.0,-1.625784132239487,1.1031950766792564
normal,2026-05-14 14:04:00-04:00,2026-05-14 14:05:00-04:00,2026-05-14 14:07:00-04:00,-0.0027718550106610174,233.87,233.91677633869998,233.56590117419194,233.5191903296161,4,stop_loss,alpaca_personal_api,-1.2163953032322752,0.18697436046966232,0.18697437263358552,0.0,0.02,0.01,0.0,0.03,0.03,0.0,-1.620344036335523,1.0070740450319255
normal,2026-05-14 15:14:00-04:00,2026-05-14 15:15:00-04:00,2026-05-14 15:19:00-04:00,-0.0020330368487928574,235.62,235.6671263562,235.44,235.3929143544,4,max_holding,alpaca_personal_api,-0.7200000000000273,0.18842399999994086,0.18842400719995567,0.0,0.02,0.01,0.0,0.03,0.03,0.0,-1.1268480071999238,1.0503217372778813
normal,2026-05-15 09:40:00-04:00,2026-05-15 09:41:00-04:00,2026-05-15 09:41:00-04:00,-0.0028652032090276114,226.24,226.2852502624,225.94582238700642,225.90063548198725,4,stop_loss,alpaca_personal_api,-1.1767104519743725,0.1808743289548147,0.18087434072185715,0.0,0.02,0.01,0.0,0.03,0.03,0.0,-1.5684591216510444,0.842677896338916
normal,2026-05-15 09:42:00-04:00,2026-05-15 09:43:00-04:00,2026-05-15 09:43:00-04:00,-0.004824076123035925,224.86,224.90497424859998,225.3547841970972,225.3097154938056,4,take_profit,alpaca_personal_api,1.9791367883887006,0.1800859136787949,0.18008589388739438,0.0,0.02,0.01,0.0,0.03,0.03,0.0,1.5889649808225113,0.9938402164636078
normal,2026-05-15 10:00:00-04:00,2026-05-15 10:01:00-04:00,2026-05-15 10:01:00-04:00,-0.00854889172872686,224.98,225.02499824979998,225.47504824629956,225.42995549140082,4,take_profit,alpaca_personal_api,1.9801929851983004,0.1801820192983996,0.1801819994965399,0.0,0.02,0.01,0.0,0.03,0.03,0.0,1.589828966403361,0.9396477423506819
normal,2026-05-15 10:27:00-04:00,2026-05-15 10:28:00-04:00,2026-05-15 10:29:00-04:00,-0.004518138351537471,226.92,226.9653862692,226.6249381897962,226.57961546840764,4,stop_loss,alpaca_personal_api,-1.1802472408151061,0.18141797527596282,0.18141798707836188,0.0,0.02,0.01,0.0,0.03,0.03,0.0,-1.5730832031694308,0.8979813513228545
normal,2026-05-15 10:30:00-04:00,2026-05-15 10:31:00-04:00,2026-05-15 10:34:00-04:00,-0.00439290107186785,226.65,226.6953322665,227.148722931033,227.10329545793402,4,take_profit,alpaca_personal_api,1.9948917241320032,0.1815194891723877,0.1815194692235309,0.0,0.02,0.01,0.0,0.03,0.03,0.0,1.6018527657360846,1.15305890707002
normal,2026-05-15 10:48:00-04:00,2026-05-15 10:49:00-04:00,2026-05-15 10:50:00-04:00,-0.0024647887323944184,226.66,226.70533426659998,226.3652762652001,226.32000547359982,4,stop_loss,alpaca_personal_api,-1.1788949391996084,0.18121011050607194,0.18121012229494227,0.0,0.02,0.01,0.0,0.03,0.03,0.0,-1.5713151720006227,0.8788413691076592
normal,2026-05-15 10:51:00-04:00,2026-05-15 10:52:00-04:00,2026-05-15 10:55:00-04:00,-0.003969654199012074,225.84,225.8851702584,226.33694059891678,226.2916754741664,4,take_profit,alpaca_personal_api,1.9877623956671187,0.18087077623954428,0.18087075636196914,0.0,0.02,0.01,0.0,0.03,0.03,0.0,1.5960208630656052,1.0907886277267829
normal,2026-05-15 11:00:00-04:00,2026-05-15 11:01:00-04:00,2026-05-15 11:01:00-04:00,-0.0021212656885274406,225.8,225.84516225800002,226.296852582516,226.25159547496804,4,take_profit,alpaca_personal_api,1.9874103300639945,0.18083874103297148,0.18083872115892063,0.0,0.02,0.01,0.0,0.03,0.03,0.0,1.5957328678721023,0.900890838110569
normal,2026-05-15 11:47:00-04:00,2026-05-15 11:48:00-04:00,2026-05-15 11:50:00-04:00,-0.003239788100345864,227.7,227.745542277,227.4039239635845,227.35844545283103,4,stop_loss,alpaca_personal_api,-1.1843041456619403,0.18204156958540807,0.18204158142850702,0.0,0.02,0.01,0.0,0.03,0.03,0.0,-1.5783872966758554,1.237836739039949
normal,2026-05-15 12:06:00-04:00,2026-05-15 12:07:00-04:00,2026-05-15 12:11:00-04:00,-0.0029374369766320685,227.42,227.46548627419998,227.1242880447887,227.07886545842263,4,stop_loss,alpaca_personal_api,-1.1828478208451543,0.18181771521790324,0.18181772704633659,0.0,0.02,0.01,0.0,0.03,0.03,0.0,-1.5764832631093941,1.0991735166172094
normal,2026-05-15 12:12:00-04:00,2026-05-15 12:13:00-04:00,2026-05-15 12:17:00-04:00,-0.0025047238212417833,227.01,227.05540427009998,227.14,227.09457427139998,4,max_holding,alpaca_personal_api,0.5199999999999818,0.1816599999999653,0.18165999480004302,0.0,0.02,0.01,0.0,0.03,0.03,0.0,0.1266800051999735,0.7883453771980976
normal,2026-05-15 12:35:00-04:00,2026-05-15 12:36:00-04:00,2026-05-15 12:40:00-04:00,-0.002148086449520026,227.64,227.6855302764,227.94,227.8944142794,4,max_holding,alpaca_personal_api,1.2000000000000455,0.18223199999999906,0.18223198800001228,0.0,0.02,0.01,0.0,0.03,0.03,0.0,0.8055360120000341,1.0688923933620083
normal,2026-05-15 12:53:00-04:00,2026-05-15 12:54:00-04:00,2026-05-15 12:58:00-04:00,-0.0021925016443762324,227.55,227.5955122755,227.54,227.4944942754,4,max_holding,alpaca_personal_api,-0.04000000000007731,0.18203599999992548,0.18203600039998946,0.0,0.02,0.01,0.0,0.03,0.03,0.0,-0.4340720003999923,1.0185983021183977
normal,2026-05-15 14:15:00-04:00,2026-05-15 14:16:00-04:00,2026-05-15 14:18:00-04:00,-0.002035160647787304,230.47,230.5160963047,230.17032216024296,230.12429039751413,4,stop_loss,alpaca_personal_api,-1.1987113590281524,0.18425612886403542,0.18425614085128927,0.0,0.02,0.01,0.0,0.03,0.03,0.0,-1.5972236287434771,0.9200532069100769
normal,2026-05-15 14:27:00-04:00,2026-05-15 14:28:00-04:00,2026-05-15 14:30:00-04:00,-0.002692842251563632,229.61,229.6559242961,229.3114404096559,229.26558041468837,4,stop_loss,alpaca_personal_api,-1.194238361376506,0.18356857616390698,0.18356858810614085,0.0,0.02,0.01,0.0,0.03,0.03,0.0,-1.5913755256465538,0.7758573645526015
normal,2026-05-15 14:32:00-04:00,2026-05-15 14:33:00-04:00,2026-05-15 14:35:00-04:00,-0.002613012803762693,229.03,229.0758082903,228.73219457786456,228.68645042627094,4,stop_loss,alpaca_personal_api,-1.1912216885417592,0.183104877831056,0.18310488974339023,0.0,0.02,0.01,0.0,0.03,0.03,0.0,-1.5874314561162055,1.121251307777785
normal,2026-05-15 14:44:00-04:00,2026-05-15 14:45:00-04:00,2026-05-15 14:45:00-04:00,-0.003229325769146918,228.42,228.4656862842,228.1229877547737,228.07736543845263,4,stop_loss,alpaca_personal_api,-1.1880489809051369,0.18261719510189778,0.1826172069823997,0.0,0.02,0.01,0.0,0.03,0.03,0.0,-1.5832833829894344,0.9817682066971007
normal,2026-05-15 14:46:00-04:00,2026-05-15 14:47:00-04:00,2026-05-15 14:51:00-04:00,-0.0020125125782035624,228.11,228.1556242811,228.25,228.2043522825,4,max_holding,alpaca_personal_api,0.5599999999999454,0.18254400000000714,0.1825439943999072,0.0,0.02,0.01,0.0,0.03,0.03,0.0,0.16491200560003108,1.036125552984862
normal,2026-05-15 15:04:00-04:00,2026-05-15 15:05:00-04:00,2026-05-15 15:07:00-04:00,-0.002317243791535528,228.17,228.2156362817,227.87331282727746,227.82774044344512,4,stop_loss,alpaca_personal_api,-1.1867486908901128,0.18241732513092757,0.18241733699846918,0.0,0.02,0.01,0.0,0.03,0.03,0.0,-1.5815833530195096,0.9629962458536202
normal,2026-05-15 15:08:00-04:00,2026-05-15 15:09:00-04:00,2026-05-15 15:11:00-04:00,-0.0035029337069795163,227.58,227.62551827580003,227.28407999838635,227.23862545522746,4,stop_loss,alpaca_personal_api,-1.183680006454665,0.1819456319993833,0.18194564383622946,0.0,0.02,0.01,0.0,0.03,0.03,0.0,-1.5775712822902779,1.2285317419744188
normal,2026-05-15 15:47:00-04:00,2026-05-15 15:48:00-04:00,2026-05-15 15:50:00-04:00,-0.0024670690338781665,226.41,226.4552842641,226.11560133770385,226.07038047859234,4,stop_loss,alpaca_personal_api,-1.1775946491845843,0.18101024053498804,0.18101025231101175,0.0,0.02,0.01,0.0,0.03,0.03,0.0,-1.5696151420305842,1.1219017745517732
normal,2026-05-18 09:40:00-04:00,2026-05-18 09:41:00-04:00,2026-05-18 09:42:00-04:00,-0.006956368599480456,225.56,225.6051142556,225.26670658421662,225.22165549556686,4,stop_loss,alpaca_personal_api,-1.1731736631335252,0.18033068263366658,0.18033069436535243,0.0,0.02,0.01,0.0,0.03,0.03,0.0,-1.5638350401325443,1.1709155193254266
normal,2026-05-18 09:43:00-04:00,2026-05-18 09:44:00-04:00,2026-05-18 09:44:00-04:00,-0.0043727915194347045,225.41,225.45508425409997,225.11690162771885,225.07188049856234,4,stop_loss,alpaca_personal_api,-1.1723934891246017,0.1802107606509935,0.18021077237494865,0.0,0.02,0.01,0.0,0.03,0.03,0.0,-1.562815022150544,0.7981221514049647
normal,2026-05-18 09:47:00-04:00,2026-05-18 09:48:00-04:00,2026-05-18 09:48:00-04:00,-0.003909547292194171,224.15,224.1948322415,224.64322190598298,224.59829550803403,4,take_profit,alpaca_personal_api,1.9728876239319106,0.17951728876232664,0.17951726903345389,0.0,0.02,0.01,0.0,0.03,0.03,0.0,1.58385306613613,1.1106509510144307
normal,2026-05-18 10:13:00-04:00,2026-05-18 10:14:00-04:00,2026-05-18 10:14:00-04:00,-0.008188014517128361,224.07,224.11481624069998,224.56304587318138,224.5181355096372,4,take_profit,alpaca_personal_api,1.9721834927255486,0.17945321834918104,0.17945319862747056,0.0,0.02,0.01,0.0,0.03,0.03,0.0,1.583277075748897,1.0345181850367045
normal,2026-05-18 10:28:00-04:00,2026-05-18 10:29:00-04:00,2026-05-18 10:29:00-04:00,-0.007133303611235098,222.68,222.7245382268,222.39045141945982,222.34597555308045,4,stop_loss,alpaca_personal_api,-1.158194322160739,0.17802818056770775,0.17802819214978172,0.0,0.02,0.01,0.0,0.03,0.03,0.0,-1.5442506948782284,0.8927317820529477
normal,2026-05-18 10:30:00-04:00,2026-05-18 10:31:00-04:00,2026-05-18 10:32:00-04:00,-0.0047013521984419215,222.3,222.34446222300002,222.01094552966552,221.96654556066903,4,stop_loss,alpaca_personal_api,-1.156217881337966,0.1777243782119058,0.17772438977408456,0.0,0.02,0.01,0.0,0.03,0.03,0.0,-1.5416666493239564,1.235158299183375
normal,2026-05-18 10:47:00-04:00,2026-05-18 10:48:00-04:00,2026-05-18 10:48:00-04:00,-0.0039226295144055845,220.92,220.96418620919997,220.63273992988618,220.5886155882276,4,stop_loss,alpaca_personal_api,-1.1490402804552104,0.17662109597188191,0.1766211074623243,0.0,0.02,0.01,0.0,0.03,0.03,0.0,-1.5322824838894167,0.8133223755728909
normal,2026-05-18 10:49:00-04:00,2026-05-18 10:50:00-04:00,2026-05-18 10:51:00-04:00,-0.006175343700698721,220.46,220.5040942046,220.9451023930092,220.90091558198162,4,take_profit,alpaca_personal_api,1.9404095720367422,0.1765620409571511,0.17656202155308165,0.0,0.02,0.01,0.0,0.03,0.03,0.0,1.5572855095265095,1.0297692534518013
normal,2026-05-18 11:19:00-04:00,2026-05-18 11:20:00-04:00,2026-05-18 11:21:00-04:00,-0.004126855963755505,222.01,222.0544042201,221.72132261376987,221.67698056646034,4,stop_loss,alpaca_personal_api,-1.154709544920479,0.1774925290454803,0.1774925405926524,0.0,0.02,0.01,0.0,0.03,0.03,0.0,-1.5396946145586117,1.0467174909349437
normal,2026-05-18 11:29:00-04:00,2026-05-18 11:30:00-04:00,2026-05-18 11:32:00-04:00,-0.002342975578985329,221.43,221.4742882143,221.9172367907286,221.8728555625428,4,take_profit,alpaca_personal_api,1.9489471629143509,0.17733889471628572,0.17733887522683744,0.0,0.02,0.01,0.0,0.03,0.03,0.0,1.5642693929712277,1.0999727980384777
normal,2026-05-18 11:43:00-04:00,2026-05-18 11:44:00-04:00,2026-05-18 11:45:00-04:00,-0.0033191298497420307,222.22,222.2644462222,221.9310495528667,221.88666556226664,4,stop_loss,alpaca_personal_api,-1.1558017885331537,0.17766041982110892,0.17766043137919496,0.0,0.02,0.01,0.0,0.03,0.03,0.0,-1.5411226397334576,1.0250834818109948
normal,2026-05-18 11:46:00-04:00,2026-05-18 11:47:00-04:00,2026-05-18 11:51:00-04:00,-0.0022906934962270142,222.14,222.18443022139996,221.85115357606787,221.8067855638642,4,stop_loss,alpaca_personal_api,-1.1553856957284552,0.17759646143042573,0.17759647298419168,0.0,0.02,0.01,0.0,0.03,0.03,0.0,-1.5405786301430726,0.8095576348983469
normal,2026-05-18 12:00:00-04:00,2026-05-18 12:01:00-04:00,2026-05-18 12:01:00-04:00,-0.0034131225580454894,221.91,221.95438421909998,221.62145264277135,221.57713056845733,4,stop_loss,alpaca_personal_api,-1.1541894289146057,0.17741258105706947,0.1774125925988983,0.0,0.02,0.01,0.0,0.03,0.03,0.0,-1.5390146025705735,0.9937324851974996
normal,2026-05-18 12:02:00-04:00,2026-05-18 12:03:00-04:00,2026-05-18 12:03:00-04:00,-0.004310925501818663,221.71,221.7543442171,221.42171270077435,221.37743057245132,4,stop_loss,alpaca_personal_api,-1.153149196902632,0.17725268508024783,0.17725269661184484,0.0,0.02,0.01,0.0,0.03,0.03,0.0,-1.5376545785947247,0.7903179382721516
normal,2026-05-18 12:04:00-04:00,2026-05-18 12:05:00-04:00,2026-05-18 12:09:00-04:00,-0.0037796976241900593,221.43,221.4742882143,221.77,221.7256482177,4,max_holding,alpaca_personal_api,1.3600000000000136,0.1772799999999961,0.17727998639998077,0.0,0.02,0.01,0.0,0.03,0.03,0.0,0.9754400136000367,0.9649238365141921
normal,2026-05-18 12:48:00-04:00,2026-05-18 12:49:00-04:00,2026-05-18 12:50:00-04:00,-0.002220309030767198,220.21,220.2540442021,220.6945522905042,220.6504155869916,4,take_profit,alpaca_personal_api,1.938209162016733,0.17636182091621322,0.17636180153408532,0.0,0.02,0.01,0.0,0.03,0.03,0.0,1.5554855395664344,0.8393935486871001
normal,2026-05-18 13:11:00-04:00,2026-05-18 13:12:00-04:00,2026-05-18 13:12:00-04:00,-0.0020702070207019307,221.74,221.7843502174,221.4516736920739,221.40738557185222,4,stop_loss,alpaca_personal_api,-1.153305231704394,0.17727666947689613,0.17727668100985738,0.0,0.02,0.01,0.0,0.03,0.03,0.0,-1.5378585821911475,0.8745689883825791
normal,2026-05-18 13:15:00-04:00,2026-05-18 13:16:00-04:00,2026-05-18 13:20:00-04:00,-0.004013709750157912,220.86,220.9041742086,220.89,220.84582420889998,4,max_holding,alpaca_personal_api,0.11999999999989086,0.17669999999998254,0.17669999880001797,0.0,0.02,0.01,0.0,0.03,0.03,0.0,-0.26339999880010967,0.7782115320576859
normal,2026-05-18 13:23:00-04:00,2026-05-18 13:24:00-04:00,2026-05-18 13:28:00-04:00,-0.002803020028030234,220.55,220.5941122055,221.03530042991102,220.99109558017804,4,take_profit,alpaca_personal_api,1.9412017196440274,0.1766341201719115,0.17663410075999764,0.0,0.02,0.01,0.0,0.03,0.03,0.0,1.5579334987121183,0.8234340535976028
normal,2026-05-18 13:49:00-04:00,2026-05-18 13:50:00-04:00,2026-05-18 13:54:00-04:00,-0.0033872278926926347,220.67,220.71413620669998,221.04,220.99579421040002,4,max_holding,alpaca_personal_api,1.4800000000000182,0.17668399999990925,0.17668398519992934,0.0,0.02,0.01,0.0,0.03,0.03,0.0,1.0966320148001796,0.9319002111093455
normal,2026-05-18 14:05:00-04:00,2026-05-18 14:06:00-04:00,2026-05-18 14:06:00-04:00,-0.0021272743731329813,220.47,220.5140962047,220.18332506039295,220.1392905972141,4,stop_loss,alpaca_personal_api,-1.1466997584282126,0.17626133002409006,0.17626134149122663,0.0,0.02,0.01,0.0,0.03,0.03,0.0,-1.5292224299435293,1.2483210483210483
normal,2026-05-18 14:09:00-04:00,2026-05-18 14:10:00-04:00,2026-05-18 14:14:00-04:00,-0.002041834928989461,219.95,219.99399219949998,219.81,219.7660401981,4,max_holding,alpaca_personal_api,-0.5599999999999454,0.17590400000005957,0.17590400559993213,0.0,0.02,0.01,0.0,0.03,0.03,0.0,-0.9418080055999372,1.1129418484588853
normal,2026-05-18 14:18:00-04:00,2026-05-18 14:19:00-04:00,2026-05-18 14:23:00-04:00,-0.0027734836773665172,219.33,219.3738681933,219.43,219.38611619430003,4,max_holding,alpaca_personal_api,0.39999999999997726,0.1755039999999326,0.1755039959999749,0.0,0.02,0.01,0.0,0.03,0.03,0.0,0.018992004000069757,1.1721610800686357
normal,2026-05-18 14:37:00-04:00,2026-05-18 14:38:00-04:00,2026-05-18 14:39:00-04:00,-0.0026802344069413175,219.55,219.5939121955,219.26452132720675,219.22067061558653,4,stop_loss,alpaca_personal_api,-1.1419146911730422,0.1755258085308924,0.17552581994993943,0.0,0.02,0.01,0.0,0.03,0.03,0.0,-1.522966319653874,0.9384254081371349
normal,2026-05-18 14:41:00-04:00,2026-05-18 14:42:00-04:00,2026-05-18 14:46:00-04:00,-0.0036413290851159408,218.9,218.943782189,219.16,219.1161701916,4,max_holding,alpaca_personal_api,1.0399999999999636,0.1752239999999574,0.17522398959999919,0.0,0.02,0.01,0.0,0.03,0.03,0.0,0.659552010400007,0.9273115671604579
normal,2026-05-18 14:51:00-04:00,2026-05-18 14:52:00-04:00,2026-05-18 14:55:00-04:00,-0.00219018068990684,218.69,218.7337401869,219.17120766727382,219.12737561745246,4,take_profit,alpaca_personal_api,1.9248306690952859,0.17514448306690156,0.17514446381858306,0.0,0.02,0.01,0.0,0.03,0.03,0.0,1.5445417222098012,1.2135336156327103
normal,2026-05-18 15:06:00-04:00,2026-05-18 15:07:00-04:00,2026-05-18 15:09:00-04:00,-0.006330831147689175,219.77,219.8139561977,220.2535841100954,220.20953559580923,4,take_profit,alpaca_personal_api,1.9343364403815713,0.1760094336440261,0.1760094143006654,0.0,0.02,0.01,0.0,0.03,0.03,0.0,1.5523175924368797,1.2087819161024698
normal,2026-05-18 15:25:00-04:00,2026-05-18 15:26:00-04:00,2026-05-18 15:30:00-04:00,-0.0025886734184112914,219.62,219.6639261962,220.10325404859242,220.05923559881523,4,take_profit,alpaca_personal_api,1.9330161943696567,0.17588930161946337,0.17588928228929035,0.0,0.02,0.01,0.0,0.03,0.03,0.0,1.551237610460903,1.1809838266223927
normal,2026-05-19 09:41:00-04:00,2026-05-19 09:42:00-04:00,2026-05-19 09:42:00-04:00,-0.006919793304875355,221.01,221.05420421009998,221.4963126185202,221.45201557095962,4,take_profit,alpaca_personal_api,1.945250474080808,0.17700252504732816,0.1770025055949418,0.0,0.02,0.01,0.0,0.03,0.03,0.0,1.561245443438538,0.8113137139001833
normal,2026-05-19 09:43:00-04:00,2026-05-19 09:44:00-04:00,2026-05-19 09:44:00-04:00,-0.00233865527321786,221.83,221.8743682183,221.54155666597256,221.49725057005494,4,stop_loss,alpaca_personal_api,-1.1537733361097935,0.1773486226662726,0.1773486342041224,0.0,0.02,0.01,0.0,0.03,0.03,0.0,-1.5384705929801885,0.7729848988628765
normal,2026-05-19 09:46:00-04:00,2026-05-19 09:47:00-04:00,2026-05-19 09:47:00-04:00,-0.004750916248133508,219.98,220.0239981998,220.4640461961996,220.41995559160083,4,take_profit,alpaca_personal_api,1.9361847847984563,0.17617761847850488,0.17617759911661324,0.0,0.02,0.01,0.0,0.03,0.03,0.0,1.5538295672033382,0.8678289600439447
normal,2026-05-19 09:48:00-04:00,2026-05-19 09:49:00-04:00,2026-05-19 09:49:00-04:00,-0.002253978271649415,221.38,221.42427821379997,221.09214179647927,221.04792557904142,4,stop_loss,alpaca_personal_api,-1.1514328140829093,0.17698885671848075,0.17698886823279736,0.0,0.02,0.01,0.0,0.03,0.03,0.0,-1.5354105390341874,0.7602420529343997
normal,2026-05-19 09:58:00-04:00,2026-05-19 09:59:00-04:00,2026-05-19 09:59:00-04:00,-0.002977936199972886,220.97,221.0141962097,220.68267491538546,220.63854058722913,4,stop_loss,alpaca_personal_api,-1.149300338458147,0.17666106996614417,0.17666108145920134,0.0,0.02,0.01,0.0,0.03,0.03,0.0,-1.5326224898834926,0.7581805407010447
normal,2026-05-19 10:00:00-04:00,2026-05-19 10:01:00-04:00,2026-05-19 10:03:00-04:00,-0.008747407340607749,219.84,219.8839701984,219.5541442431024,219.51023560979525,4,stop_loss,alpaca_personal_api,-1.1434230275904156,0.1757576576972042,0.17575766913137159,0.0,0.02,0.01,0.0,0.03,0.03,0.0,-1.5249383544189914,0.9484216707849518
normal,2026-05-19 10:05:00-04:00,2026-05-19 10:06:00-04:00,2026-05-19 10:06:00-04:00,-0.0040938864628821126,218.93,218.97378818930002,219.41173576567863,219.36785561264284,4,take_profit,alpaca_personal_api,1.9269430627144857,0.17533669430633836,0.1753366750368741,0.0,0.02,0.01,0.0,0.03,0.03,0.0,1.5462696933712732,1.1529443970306437
normal,2026-05-19 10:07:00-04:00,2026-05-19 10:08:00-04:00,2026-05-19 10:10:00-04:00,-0.005732223283745008,218.55,218.5937121855,219.030899609871,218.98709562025803,4,take_profit,alpaca_personal_api,1.9235984394839534,0.1750323598438399,0.17503234060802697,0.0,0.02,0.01,0.0,0.03,0.03,0.0,1.5435337390320865,1.0101749569250094
normal,2026-05-19 10:15:00-04:00,2026-05-19 10:16:00-04:00,2026-05-19 10:16:00-04:00,-0.0048811641804663575,218.17,218.2136361817,217.88631572742744,217.8427406431451,4,stop_loss,alpaca_personal_api,-1.134737090290173,0.1744225262909822,0.17442253763840654,0.0,0.02,0.01,0.0,0.03,0.03,0.0,-1.5135821542195618,1.2432130538804653
normal,2026-05-19 10:35:00-04:00,2026-05-19 10:36:00-04:00,2026-05-19 10:36:00-04:00,-0.003518391592414849,218.07,218.11361618069998,218.54984341306138,218.5061356298772,4,take_profit,alpaca_personal_api,1.9193736522455538,0.17464793736519368,0.17464791817144487,0.0,0.02,0.01,0.0,0.03,0.03,0.0,1.5400777967089152,0.8494650570242153
normal,2026-05-19 10:45:00-04:00,2026-05-19 10:46:00-04:00,2026-05-19 10:47:00-04:00,-0.003368996130207136,218.89,218.93378018889996,218.60537951861662,218.5616606287667,4,stop_loss,alpaca_personal_api,-1.1384819255334833,0.17499815180735823,0.17499816319218553,0.0,0.02,0.01,0.0,0.03,0.03,0.0,-1.518478240533027,1.0761816705299614
normal,2026-05-19 11:05:00-04:00,2026-05-19 11:06:00-04:00,2026-05-19 11:08:00-04:00,-0.0026272875520927386,220.19,220.2340402019,219.90368914159717,219.85971060280576,4,stop_loss,alpaca_personal_api,-1.1452434336113129,0.17603747565658523,0.1760374871090562,0.0,0.02,0.01,0.0,0.03,0.03,0.0,-1.5273183963769543,0.9398313127576632
normal,2026-05-19 11:09:00-04:00,2026-05-19 11:10:00-04:00,2026-05-19 11:10:00-04:00,-0.002174700978615385,220.24,220.28405020239998,220.72461830280477,220.6804755863904,4,take_profit,alpaca_personal_api,1.9384732112190477,0.17638584732105755,0.17638582793631485,0.0,0.02,0.01,0.0,0.03,0.03,0.0,1.5557015359616753,0.7732631578947369
normal,2026-05-19 11:22:00-04:00,2026-05-19 11:23:00-04:00,2026-05-19 11:23:00-04:00,-0.0025779024015196716,220.55,220.5941122055,220.26322103719178,220.21917059561656,4,stop_loss,alpaca_personal_api,-1.1471158512329112,0.17632528841488693,0.17632529988600254,0.0,0.02,0.01,0.0,0.03,0.03,0.0,-1.5297664395338006,0.7590990142113393
normal,2026-05-19 11:24:00-04:00,2026-05-19 11:25:00-04:00,2026-05-19 11:27:00-04:00,-0.002086735619669766,219.98,220.0239981998,220.4640461961996,220.41995559160083,4,take_profit,alpaca_personal_api,1.9361847847984563,0.17617761847850488,0.17617759911661324,0.0,0.02,0.01,0.0,0.03,0.03,0.0,1.5538295672033382,0.7833757752244953
normal,2026-05-19 11:46:00-04:00,2026-05-19 11:47:00-04:00,2026-05-19 11:47:00-04:00,-0.002574409466600369,220.86,220.9041742086,220.57281794728712,220.52870558942584,4,stop_loss,alpaca_personal_api,-1.1487282108515728,0.17657312717892637,0.17657313866618551,0.0,0.02,0.01,0.0,0.03,0.03,0.0,-1.5318744766966848,0.9706918916568634
normal,2026-05-19 11:48:00-04:00,2026-05-19 11:49:00-04:00,2026-05-19 11:53:00-04:00,-0.002440677966101701,220.7,220.74414220699998,220.4130259936895,220.36894559262103,4,stop_loss,alpaca_personal_api,-1.1478960252419483,0.17644521039744632,0.17644522187640632,0.0,0.02,0.01,0.0,0.03,0.03,0.0,-1.530786457515801,1.0116481154062524
normal,2026-05-19 11:55:00-04:00,2026-05-19 11:56:00-04:00,2026-05-19 12:00:00-04:00,-0.0031252830872361415,220.11,220.15402420110001,220.5943322495022,220.55021558899563,4,take_profit,alpaca_personal_api,1.937328998008752,0.17628173289972437,0.17628171352657773,0.0,0.02,0.01,0.0,0.03,0.03,0.0,1.55476555158245,0.8542256149687549
normal,2026-05-19 12:09:00-04:00,2026-05-19 12:10:00-04:00,2026-05-19 12:14:00-04:00,-0.002534968991897202,220.32,220.3640662032,220.0335201038952,219.98951560020961,4,stop_loss,alpaca_personal_api,-1.1459195844191754,0.17614140804153067,0.17614141950082285,0.0,0.02,0.01,0.0,0.03,0.03,0.0,-1.528202411961529,0.9430767961637843
normal,2026-05-19 12:50:00-04:00,2026-05-19 12:51:00-04:00,2026-05-19 12:52:00-04:00,-0.0032738362184948633,222.26,222.3044542226,222.74906313104518,222.7045155459096,4,take_profit,alpaca_personal_api,1.9562525241807407,0.1780036252523587,0.17800360568992346,0.0,0.02,0.01,0.0,0.03,0.03,0.0,1.5702452932384585,0.9088961027790953
normal,2026-05-19 13:26:00-04:00,2026-05-19 13:27:00-04:00,2026-05-19 13:28:00-04:00,-0.00361478043555874,223.26,223.30465423259997,222.9696972512511,222.92510554149783,4,stop_loss,alpaca_personal_api,-1.1612109949955993,0.17849187890044504,0.17849189051253234,0.0,0.02,0.01,0.0,0.03,0.03,0.0,-1.5481947644085767,1.144064658513585
normal,2026-05-19 13:29:00-04:00,2026-05-19 13:30:00-04:00,2026-05-19 13:30:00-04:00,-0.003617848050381789,223.07,223.11461623069997,223.56084546316137,223.5161355296772,4,take_profit,alpaca_personal_api,1.9633818526455116,0.1786523381852021,0.17865231855137154,0.0,0.02,0.01,0.0,0.03,0.03,0.0,1.576077195908938,0.9328569896770545
normal,2026-05-19 13:46:00-04:00,2026-05-19 13:47:00-04:00,2026-05-19 13:47:00-04:00,-0.003173751732153285,222.98,223.0245982298,222.69006133245531,222.64552554708942,4,stop_loss,alpaca_personal_api,-1.1597546701786996,0.1782680245330539,0.17826803613058928,0.0,0.02,0.01,0.0,0.03,0.03,0.0,-1.5462907308423428,0.8191569731764192
normal,2026-05-19 13:48:00-04:00,2026-05-19 13:49:00-04:00,2026-05-19 13:50:00-04:00,-0.00241610738255027,222.94,222.98459022939997,222.65011334405588,222.6055855478882,4,stop_loss,alpaca_personal_api,-1.159546623776464,0.17823604533759863,0.17823605693297395,0.0,0.02,0.01,0.0,0.03,0.03,0.0,-1.5460187260470366,1.206023497337974
normal,2026-05-19 13:51:00-04:00,2026-05-19 13:52:00-04:00,2026-05-19 13:53:00-04:00,-0.002062780269058373,222.56,222.60451422559998,222.2706074542616,222.22615555547685,4,stop_loss,alpaca_personal_api,-1.1575701829535774,0.17793224298168298,0.1779322545572768,0.0,0.02,0.01,0.0,0.03,0.03,0.0,-1.5434346804925372,0.9606974409746573
normal,2026-05-19 14:18:00-04:00,2026-05-19 14:19:00-04:00,2026-05-19 14:22:00-04:00,-0.00219563561410574,222.65,222.6945322265,222.36049042816026,222.31602055367952,4,stop_loss,alpaca_personal_api,-1.158038287358977,0.17800419617128682,0.17800420775165549,0.0,0.02,0.01,0.0,0.03,0.03,0.0,-1.5440466912819193,0.945687106518641
normal,2026-05-19 15:06:00-04:00,2026-05-19 15:07:00-04:00,2026-05-19 15:10:00-04:00,-0.002383415029005742,221.85,221.8943722185,222.338160962937,222.293695554126,4,take_profit,alpaca_personal_api,1.9526438517480074,0.17767526438524328,0.1776752448587331,0.0,0.02,0.01,0.0,0.03,0.03,0.0,1.567293342504031,1.1731486204116552
normal,2026-05-19 15:19:00-04:00,2026-05-19 15:20:00-04:00,2026-05-19 15:23:00-04:00,-0.0033282360349015105,221.6,221.64432221599998,221.31185573267598,221.267595574648,4,stop_loss,alpaca_personal_api,-1.1525770692960577,0.17716474229303003,0.177164753818829,0.0,0.02,0.01,0.0,0.03,0.03,0.0,-1.5369065654079168,1.153672843211431
normal,2026-05-19 15:24:00-04:00,2026-05-19 15:25:00-04:00,2026-05-19 15:28:00-04:00,-0.0023465703971118357,221.1,221.144222211,221.586510655422,221.542195569156,4,take_profit,alpaca_personal_api,1.9460426216879796,0.17707460426220223,0.1770745848017441,0.0,0.02,0.01,0.0,0.03,0.03,0.0,1.5618934326240332,0.9949663384782451
normal,2026-05-19 15:37:00-04:00,2026-05-19 15:38:00-04:00,2026-05-19 15:42:00-04:00,-0.004005580809217313,221.32,221.36426621319998,221.28,221.2357462128,4,max_holding,alpaca_personal_api,-0.15999999999996817,0.17704000000003361,0.17704000159994848,0.0,0.02,0.01,0.0,0.03,0.03,0.0,-0.5440800015999503,0.9466580765305882
normal,2026-05-20 10:27:00-04:00,2026-05-20 10:28:00-04:00,2026-05-20 10:30:00-04:00,-0.0022307486392433296,223.65,223.69473223650002,224.142121700973,224.097295518054,4,take_profit,alpaca_personal_api,1.9684868038920058,0.17911684868045086,0.1791168289955749,0.0,0.02,0.01,0.0,0.03,0.03,0.0,1.58025312621598,0.807007070644421
normal,2026-05-20 10:46:00-04:00,2026-05-20 10:47:00-04:00,2026-05-20 10:47:00-04:00,-0.0021373230029388957,224.11,224.15482424110002,223.81859200473838,223.77383052452336,4,stop_loss,alpaca_personal_api,-1.1656319810465448,0.1791714368018802,0.17917144845819166,0.0,0.02,0.01,0.0,0.03,0.03,0.0,-1.5539748663066166,0.7877971183728913
normal,2026-05-20 11:02:00-04:00,2026-05-20 11:03:00-04:00,2026-05-20 11:07:00-04:00,-0.0027129197242605763,224.23,224.27484824229998,224.7233979387846,224.67845550643082,4,take_profit,alpaca_personal_api,1.9735917551383864,0.17958135917547224,0.1795813394395509,0.0,0.02,0.01,0.0,0.03,0.03,0.0,1.5844290565233632,0.901667941566074
normal,2026-05-20 11:39:00-04:00,2026-05-20 11:40:00-04:00,2026-05-20 11:44:00-04:00,-0.002221235006663713,224.62,224.6649262462,224.91,224.86502024909998,4,max_holding,alpaca_personal_api,1.1599999999999682,0.17981199999996988,0.17981198840004708,0.0,0.02,0.01,0.0,0.03,0.03,0.0,0.7703760115999512,1.0450033168602484
normal,2026-05-20 12:17:00-04:00,2026-05-20 12:18:00-04:00,2026-05-20 12:19:00-04:00,-0.002136942391594787,224.14,224.1848302414,223.8485529960379,223.80378552392423,4,stop_loss,alpaca_personal_api,-1.1657880158483067,0.1791954211984148,0.1791954328563179,0.0,0.02,0.01,0.0,0.03,0.03,0.0,-1.5541788699030394,0.8192037470725996
normal,2026-05-20 12:49:00-04:00,2026-05-20 12:50:00-04:00,2026-05-20 12:54:00-04:00,-0.002136847259938568,224.14,224.1848302414,224.46,224.41511024460002,4,max_holding,alpaca_personal_api,1.2800000000000864,0.1794399999999996,0.17943998719999854,0.0,0.02,0.01,0.0,0.03,0.03,0.0,0.8911200128000882,0.7600437536984428
normal,2026-05-20 14:52:00-04:00,2026-05-20 14:53:00-04:00,2026-05-20 14:56:00-04:00,-0.0024720212144366815,221.94,221.98439021939998,222.4283589998388,222.38387555232242,4,take_profit,alpaca_personal_api,1.9534359993551789,0.17774734359988997,0.1777473240655354,0.0,0.02,0.01,0.0,0.03,0.03,0.0,1.5679413316897535,1.1392147944147097
normal,2026-05-20 15:03:00-04:00,2026-05-20 15:04:00-04:00,2026-05-20 15:06:00-04:00,-0.0020669512469108087,222.09,222.1344202209,222.5786890613418,222.53417554931642,4,take_profit,alpaca_personal_api,1.9547562453672072,0.1778674756245664,0.17786745607702414,0.0,0.02,0.01,0.0,0.03,0.03,0.0,1.5690213136656166,0.9908172513942826
normal,2026-05-21 09:48:00-04:00,2026-05-21 09:49:00-04:00,2026-05-21 09:49:00-04:00,-0.008806043538509667,221.77,221.8143562177,222.25798493013542,222.21353555572924,4,take_profit,alpaca_personal_api,1.9519397205416453,0.17761119397209768,0.17761117445263608,0.0,0.02,0.01,0.0,0.03,0.03,0.0,1.5667173521169115,0.843527740954571
normal,2026-05-21 10:13:00-04:00,2026-05-21 10:14:00-04:00,2026-05-21 10:14:00-04:00,-0.005943337206184673,222.45,222.4944922245,222.939481208949,222.894895542102,4,take_profit,alpaca_personal_api,1.9579248357960068,0.1781557924836079,0.17815577290434703,0.0,0.02,0.01,0.0,0.03,0.03,0.0,1.5716132704080519,1.1229861963760837
normal,2026-05-21 10:23:00-04:00,2026-05-21 10:24:00-04:00,2026-05-21 10:24:00-04:00,-0.004095749522162628,218.83,218.8737681883,218.54545753601758,218.50175062996496,4,stop_loss,alpaca_personal_api,-1.138169855929732,0.17495018301440268,0.17495019439604675,0.0,0.02,0.01,0.0,0.03,0.03,0.0,-1.5180702333401814,1.0678718108107375
normal,2026-05-21 10:26:00-04:00,2026-05-21 10:27:00-04:00,2026-05-21 10:27:00-04:00,-0.0023316417501028086,218.25,218.2936521825,218.730239486865,218.68649562627004,4,take_profit,alpaca_personal_api,1.9209579474600105,0.17479209579471444,0.17479207658516316,0.0,0.02,0.01,0.0,0.03,0.03,0.0,1.5413737750801328,0.9828635932564525
normal,2026-05-21 10:35:00-04:00,2026-05-21 10:36:00-04:00,2026-05-21 10:37:00-04:00,-0.00237421240069402,218.49,218.5337001849,218.9707675852698,218.92697562146043,4,take_profit,alpaca_personal_api,1.9230703410792103,0.17498430703415124,0.17498428780334052,0.0,0.02,0.01,0.0,0.03,0.03,0.0,1.5431017462417185,0.9071793221155701
normal,2026-05-21 10:49:00-04:00,2026-05-21 10:50:00-04:00,2026-05-21 10:50:00-04:00,-0.0022810218978102093,218.67,218.71373618669998,218.38566558241993,218.3419906331601,4,stop_loss,alpaca_personal_api,-1.1373376703202212,0.17482226623292263,0.17482227760638125,0.0,0.02,0.01,0.0,0.03,0.03,0.0,-1.516982214159525,0.756822662654353
normal,2026-05-21 10:51:00-04:00,2026-05-21 10:52:00-04:00,2026-05-21 10:53:00-04:00,-0.0022817505590289056,218.61,218.65372418610002,219.09103163447222,219.04721561905566,4,take_profit,alpaca_personal_api,1.9241265378888102,0.17508041265375596,0.17508039341248605,0.0,0.02,0.01,0.0,0.03,0.03,0.0,1.5439657318225681,0.9310687352259829
normal,2026-05-21 11:06:00-04:00,2026-05-21 11:07:00-04:00,2026-05-21 11:07:00-04:00,-0.0021899808376677488,218.7,218.74374218699998,218.4156265737195,218.37194563256102,4,stop_loss,alpaca_personal_api,-1.1374937051219831,0.17484625062945724,0.1748462620043938,0.0,0.02,0.01,0.0,0.03,0.03,0.0,-1.5171862177558342,1.0460815786988953
normal,2026-05-21 11:08:00-04:00,2026-05-21 11:09:00-04:00,2026-05-21 11:10:00-04:00,-0.004332755632582286,218.29,218.3336601829,218.00615969262566,217.96256064074873,4,stop_loss,alpaca_personal_api,-1.1353612294973345,0.17451846387700698,0.1745184752306841,0.0,0.02,0.01,0.0,0.03,0.03,0.0,-1.5143981686050256,1.0859526956850156
normal,2026-05-21 11:25:00-04:00,2026-05-21 11:26:00-04:00,2026-05-21 11:30:00-04:00,-0.0027832276315188365,218.57,218.6137161857,218.53,218.4862961853,4,max_holding,alpaca_personal_api,-0.15999999999996817,0.17484000000001743,0.17484000160004598,0.0,0.02,0.01,0.0,0.03,0.03,0.0,-0.5396800016000316,0.9984353364718914
normal,2026-05-21 11:31:00-04:00,2026-05-21 11:32:00-04:00,2026-05-21 11:35:00-04:00,-0.0024685714285713756,218.23,218.27364818229998,218.7101954786646,218.66645562667082,4,take_profit,alpaca_personal_api,1.9207819146583915,0.1747760781913712,0.1747760589836389,0.0,0.02,0.01,0.0,0.03,0.03,0.0,1.5412297774833814,1.228181581632504
normal,2026-05-21 12:16:00-04:00,2026-05-21 12:17:00-04:00,2026-05-21 12:21:00-04:00,-0.002094145497587241,219.21,219.2538441921,219.22,219.1761581922,4,max_holding,alpaca_personal_api,0.03999999999996362,0.1753719999999248,0.17537199959997452,0.0,0.02,0.01,0.0,0.03,0.03,0.0,-0.34074399959993573,0.7604160832021856
normal,2026-05-21 12:38:00-04:00,2026-05-21 12:39:00-04:00,2026-05-21 12:43:00-04:00,-0.002140742427693021,219.07,219.1138161907,219.18,219.13616619180002,4,max_holding,alpaca_personal_api,0.44000000000005457,0.1752999999999929,0.17529999559997123,0.0,0.02,0.01,0.0,0.03,0.03,0.0,0.05940000440009044,0.9921273323078981
normal,2026-05-21 12:47:00-04:00,2026-05-21 12:48:00-04:00,2026-05-21 12:52:00-04:00,-0.0025068368277120223,218.84,218.8837701884,219.11,219.06618019110002,4,max_holding,alpaca_personal_api,1.080000000000041,0.17517999999995482,0.1751799892000463,0.0,0.02,0.01,0.0,0.03,0.03,0.0,0.6996400108000398,1.1830296437313026
normal,2026-05-21 13:27:00-04:00,2026-05-21 13:28:00-04:00,2026-05-21 13:29:00-04:00,-0.0022107922757623744,221.13,221.17422821129998,220.84246686898302,220.7983005840339,4,stop_loss,alpaca_personal_api,-1.1501325240678852,0.17678898674751053,0.17678899824886685,0.0,0.02,0.01,0.0,0.03,0.03,0.0,-1.5337105090642627,0.953125994619423
normal,2026-05-21 14:01:00-04:00,2026-05-21 14:02:00-04:00,2026-05-21 14:06:00-04:00,-0.0021226628127540836,220.95,220.9941922095,221.0,220.95580221,4,max_holding,alpaca_personal_api,0.20000000000004547,0.17678000000000793,0.17677999800002908,0.0,0.02,0.01,0.0,0.03,0.03,0.0,-0.18355999799999154,1.1477565829890197
normal,2026-05-21 14:12:00-04:00,2026-05-21 14:13:00-04:00,2026-05-21 14:13:00-04:00,-0.002805556812525478,220.39,220.43408020389998,220.10342908359414,220.05941059881172,4,stop_loss,alpaca_personal_api,-1.1462836656234003,0.17619737163340687,0.17619738309622335,0.0,0.02,0.01,0.0,0.03,0.03,0.0,-1.5286784203530306,1.105696056937096
normal,2026-05-21 14:16:00-04:00,2026-05-21 14:17:00-04:00,2026-05-21 14:21:00-04:00,-0.003357836464288999,219.64,219.68393019639998,219.68,219.63606619680002,4,max_holding,alpaca_personal_api,0.16000000000008185,0.1757279999999355,0.17572799840002062,0.0,0.02,0.01,0.0,0.03,0.03,0.0,-0.22145599839987426,1.1961413899681683
normal,2026-05-22 09:44:00-04:00,2026-05-22 09:45:00-04:00,2026-05-22 09:46:00-04:00,-0.006083719240897123,218.9,218.943782189,218.6153665157165,218.57164562856704,4,stop_loss,alpaca_personal_api,-1.1385339371340706,0.1750061466061652,0.17500615799156094,0.0,0.02,0.01,0.0,0.03,0.03,0.0,-1.5185462417317968,0.8982221045532394
normal,2026-05-22 09:47:00-04:00,2026-05-22 09:48:00-04:00,2026-05-22 09:48:00-04:00,-0.0050634066234831465,218.09,218.13362018089998,217.80641975062863,217.76286064474272,4,stop_loss,alpaca_personal_api,-1.1343209974854744,0.17435856790018534,0.17435857924340326,0.0,0.02,0.01,0.0,0.03,0.03,0.0,-1.513038144629063,1.2278118129555853
normal,2026-05-22 09:49:00-04:00,2026-05-22 09:50:00-04:00,2026-05-22 09:50:00-04:00,-0.0043851635300565794,217.94,217.98359017939998,217.6566147941309,217.61308564773822,4,stop_loss,alpaca_personal_api,-1.1335408234764373,0.17423864591762595,0.17423865725299947,0.0,0.02,0.01,0.0,0.03,0.03,0.0,-1.5120181266470627,1.01175505706135
normal,2026-05-22 09:57:00-04:00,2026-05-22 09:58:00-04:00,2026-05-22 09:59:00-04:00,-0.003989361702127714,217.21,217.2534441721,217.6879510604442,217.6444156471116,4,take_profit,alpaca_personal_api,1.9118042417767356,0.1739591804241627,0.17395916130612932,0.0,0.02,0.01,0.0,0.03,0.03,0.0,1.5338859000464435,0.8214334902748943
normal,2026-05-22 10:00:00-04:00,2026-05-22 10:01:00-04:00,2026-05-22 10:01:00-04:00,-0.002894289520834259,217.05,217.09341217050002,216.76777205224428,216.72442066551156,4,stop_loss,alpaca_personal_api,-1.1289117910229152,0.1735271088208492,0.17352712011006588,0.0,0.02,0.01,0.0,0.03,0.03,0.0,-1.5059660199538303,0.9407887665063372
normal,2026-05-22 10:02:00-04:00,2026-05-22 10:03:00-04:00,2026-05-22 10:04:00-04:00,-0.0034989180976935375,216.43,216.47328816430002,216.14857823205358,216.10535067789294,4,stop_loss,alpaca_personal_api,-1.1256870717857055,0.173031431292884,0.17303144254969993,0.0,0.02,0.01,0.0,0.03,0.03,0.0,-1.5017499456282895,1.2095345025762008
normal,2026-05-22 10:07:00-04:00,2026-05-22 10:08:00-04:00,2026-05-22 10:08:00-04:00,-0.002402402402402304,215.94,215.98319015939998,216.4151565397188,216.3718756725624,4,take_profit,alpaca_personal_api,1.900626158875184,0.17294206261590261,0.1729420436096234,0.0,0.02,0.01,0.0,0.03,0.03,0.0,1.524742052649658,0.9219071256328176
normal,2026-05-22 10:16:00-04:00,2026-05-22 10:17:00-04:00,2026-05-22 10:18:00-04:00,-0.0041956752270736475,215.98,216.0231981598,215.6991633625603,215.65602568687945,4,stop_loss,alpaca_personal_api,-1.1233465497587076,0.17267166534509215,0.1726716765783749,0.0,0.02,0.01,0.0,0.03,0.03,0.0,-1.4986898916821747,0.7676426487545016
normal,2026-05-22 10:22:00-04:00,2026-05-22 10:23:00-04:00,2026-05-22 10:23:00-04:00,-0.0027779063845549956,215.39,215.43308015389997,215.10993053366911,215.0669106986617,4,stop_loss,alpaca_personal_api,-1.1202778653234873,0.1721999722134342,0.17219998341613518,0.0,0.02,0.01,0.0,0.03,0.03,0.0,-1.4946778209530567,1.1775720232719065
normal,2026-05-22 10:45:00-04:00,2026-05-22 10:46:00-04:00,2026-05-22 10:48:00-04:00,-0.00281365313653148,216.2,216.24324216199997,216.67572864632396,216.632395667352,4,take_profit,alpaca_personal_api,1.902914585295889,0.17315029145845529,0.17315027242932501,0.0,0.02,0.01,0.0,0.03,0.03,0.0,1.5266140214081088,1.0415937829974027
normal,2026-05-22 11:41:00-04:00,2026-05-22 11:42:00-04:00,2026-05-22 11:45:00-04:00,-0.003073253520480601,217.34,217.3834701734,217.05739496813993,217.01398565972025,4,stop_loss,alpaca_personal_api,-1.1304201274402885,0.1737589579872747,0.17375896929149803,0.0,0.02,0.01,0.0,0.03,0.03,0.0,-1.5079380547190613,1.192435794113242
normal,2026-05-22 11:47:00-04:00,2026-05-22 11:48:00-04:00,2026-05-22 11:52:00-04:00,-0.0023467697404748744,216.82,216.8633661682,217.11,217.06658017110001,4,max_holding,alpaca_personal_api,1.1600000000000819,0.1735720000000356,0.1735719883999991,0.0,0.02,0.01,0.0,0.03,0.03,0.0,0.7828560116000471,1.0139276745707393
normal,2026-05-22 12:06:00-04:00,2026-05-22 12:07:00-04:00,2026-05-22 12:11:00-04:00,-0.002577912811306038,216.68,216.7233381668,217.01,216.96660017009998,4,max_holding,alpaca_personal_api,1.3199999999999363,0.1734760000000506,0.17347598679998555,0.0,0.02,0.01,0.0,0.03,0.03,0.0,0.9430480131999002,1.045217189657535
normal,2026-05-22 12:16:00-04:00,2026-05-22 12:17:00-04:00,2026-05-22 12:21:00-04:00,-0.002027556333809466,216.58,216.62331816580001,216.82,216.7766381682,4,max_holding,alpaca_personal_api,0.9599999999999227,0.1733600000000024,0.17335999039994476,0.0,0.02,0.01,0.0,0.03,0.03,0.0,0.5832800095999755,0.9692507017922695
normal,2026-05-22 13:33:00-04:00,2026-05-22 13:34:00-04:00,2026-05-22 13:36:00-04:00,-0.003991191852463438,217.13,217.1734281713,216.84766802904306,216.80430066391395,4,stop_loss,alpaca_personal_api,-1.1293278838277274,0.17359106721164608,0.1735910785048418,0.0,0.02,0.01,0.0,0.03,0.03,0.0,-1.5065100295442153,1.2234584856547
normal,2026-05-22 13:37:00-04:00,2026-05-22 13:38:00-04:00,2026-05-22 13:40:00-04:00,-0.0027135169939750403,216.83,216.8733681683,216.54805811604757,216.50475066990495,4,stop_loss,alpaca_personal_api,-1.1277675358097667,0.1733512232464136,0.17335123452403423,0.0,0.02,0.01,0.0,0.03,0.03,0.0,-1.5044699935802146,0.9153570749973847
normal,2026-05-22 13:56:00-04:00,2026-05-22 13:57:00-04:00,2026-05-22 14:01:00-04:00,-0.0022670491348198984,215.66,215.70313415660002,215.73,215.6868561573,4,max_holding,alpaca_personal_api,0.2799999999999727,0.17255599999998594,0.17255599719999282,0.0,0.02,0.01,0.0,0.03,0.03,0.0,-0.09511199720000604,1.114943504896757
normal,2026-05-22 15:10:00-04:00,2026-05-22 15:11:00-04:00,2026-05-22 15:14:00-04:00,-0.002178548252526169,215.29,215.33306015289998,215.01006056267065,214.96706070065872,4,stop_loss,alpaca_personal_api,-1.1197577493173867,0.17212002422502337,0.17212003542260845,0.0,0.02,0.01,0.0,0.03,0.03,0.0,-1.4939978089650185,1.2446526826233262
normal,2026-05-26 09:40:00-04:00,2026-05-26 09:41:00-04:00,2026-05-26 09:42:00-04:00,-0.003469491603830366,215.44,215.4830901544,215.9140563347088,215.8708756825824,4,take_profit,alpaca_personal_api,1.8962253388351655,0.17254162253391314,0.17254160357163073,0.0,0.02,0.01,0.0,0.03,0.03,0.0,1.5211421127296216,1.0571884892946715
normal,2026-05-26 09:51:00-04:00,2026-05-26 09:52:00-04:00,2026-05-26 09:53:00-04:00,-0.003239241092086953,215.39,215.43308015389997,215.10993053366911,215.0669106986617,4,stop_loss,alpaca_personal_api,-1.1202778653234873,0.1721999722134342,0.17219998341613518,0.0,0.02,0.01,0.0,0.03,0.03,0.0,-1.4946778209530567,0.9347491989678737
normal,2026-05-26 09:54:00-04:00,2026-05-26 09:55:00-04:00,2026-05-26 09:55:00-04:00,-0.005721140537049085,215.49,215.5331001549,215.20980050466767,215.16676069666474,4,stop_loss,alpaca_personal_api,-1.1207979813293605,0.17227992020184502,0.1722799314098893,0.0,0.02,0.01,0.0,0.03,0.03,0.0,-1.4953578329410948,0.7529737702048822
normal,2026-05-26 10:03:00-04:00,2026-05-26 10:04:00-04:00,2026-05-26 10:05:00-04:00,-0.002739726027397249,214.76,214.8029541476,215.2325600558952,215.1895156962096,4,take_profit,alpaca_personal_api,1.890240223580804,0.1719970240224029,0.17199700511991978,0.0,0.02,0.01,0.0,0.03,0.03,0.0,1.5162461944384813,1.1361658415596918
normal,2026-05-26 10:09:00-04:00,2026-05-26 10:10:00-04:00,2026-05-26 10:10:00-04:00,-0.002184725514804975,214.65,214.6929321465,215.122318010793,215.07929569841406,4,take_profit,alpaca_personal_api,1.8892720431720136,0.1719089272042993,0.17190890831147954,0.0,0.02,0.01,0.0,0.03,0.03,0.0,1.5154542076562347,0.8897935446350683
normal,2026-05-26 10:34:00-04:00,2026-05-26 10:35:00-04:00,2026-05-26 10:37:00-04:00,-0.003036996134732184,216.66,216.7033341666,216.3782791653501,216.33500567329983,4,stop_loss,alpaca_personal_api,-1.126883338599555,0.17321531166612658,0.1732153229349933,0.0,0.02,0.01,0.0,0.03,0.03,0.0,-1.5033139732006748,0.9322704366485741
normal,2026-05-26 10:52:00-04:00,2026-05-26 10:53:00-04:00,2026-05-26 10:54:00-04:00,-0.0022587931590836163,216.45,216.4932921645,216.16855222625324,216.12532067749353,4,stop_loss,alpaca_personal_api,-1.1257910949869938,0.17304742089049796,0.17304743214833707,0.0,0.02,0.01,0.0,0.03,0.03,0.0,-1.5018859480258289,1.1135206587949482
normal,2026-05-26 10:55:00-04:00,2026-05-26 10:56:00-04:00,2026-05-26 10:56:00-04:00,-0.006897820288788714,215.97,216.0131961597,215.68917636546044,215.6460406870791,4,stop_loss,alpaca_personal_api,-1.123294538158234,0.1726636705461715,0.17266368177911318,0.0,0.02,0.01,0.0,0.03,0.03,0.0,-1.4986218904835187,0.9532029894140928
normal,2026-05-26 10:57:00-04:00,2026-05-26 10:58:00-04:00,2026-05-26 10:58:00-04:00,-0.0035575679172057395,215.66,215.70313415660002,215.37957945536513,215.33650569326986,4,stop_loss,alpaca_personal_api,-1.1216821785394586,0.17241583178213205,0.1724158429990439,0.0,0.02,0.01,0.0,0.03,0.03,0.0,-1.4965138533206346,0.8124192831830064
normal,2026-05-26 10:59:00-04:00,2026-05-26 11:00:00-04:00,2026-05-26 11:01:00-04:00,-0.0038867295946696245,215.31,215.3530641531,215.03003455687036,214.98703070025934,4,stop_loss,alpaca_personal_api,-1.1198617725185613,0.172136013822751,0.17213602502135927,0.0,0.02,0.01,0.0,0.03,0.03,0.0,-1.4941338113626716,0.9964407112378473
normal,2026-05-26 11:05:00-04:00,2026-05-26 11:06:00-04:00,2026-05-26 11:07:00-04:00,-0.004131080579279578,214.53,214.5729081453,214.25104878308207,214.20820071583594,4,stop_loss,alpaca_personal_api,-1.1158048676717272,0.17151241951330576,0.17151243067121413,0.0,0.02,0.01,0.0,0.03,0.03,0.0,-1.488829717856247,1.1901610720226472
normal,2026-05-26 11:11:00-04:00,2026-05-26 11:12:00-04:00,2026-05-26 11:16:00-04:00,-0.002239537162319838,213.85,213.8927721385,213.93,213.88721613930002,4,max_holding,alpaca_personal_api,0.32000000000005,0.1711119999999937,0.1711119967999366,0.0,0.02,0.01,0.0,0.03,0.03,0.0,-0.052223996799880296,1.1870271510296937
normal,2026-05-26 11:46:00-04:00,2026-05-26 11:47:00-04:00,2026-05-26 11:51:00-04:00,-0.002104967723828177,213.33,213.3726681333,213.05260913110007,213.01000073979995,4,stop_loss,alpaca_personal_api,-1.1095634755997708,0.1705530436523759,0.17055305474809757,0.0,0.02,0.01,0.0,0.03,0.03,0.0,-1.4806695740002442,1.0093698716524655
normal,2026-05-26 12:08:00-04:00,2026-05-26 12:09:00-04:00,2026-05-26 12:13:00-04:00,-0.003235032115898484,212.59,212.6325201259,212.39,212.34752412389997,4,max_holding,alpaca_personal_api,-0.8000000000000682,0.16999199999997927,0.16999200800000835,0.0,0.02,0.01,0.0,0.03,0.03,0.0,-1.1699840080000559,1.125031705900161
normal,2026-05-26 13:39:00-04:00,2026-05-26 13:40:00-04:00,2026-05-26 13:44:00-04:00,-0.003326305926446338,212.74,212.78255012740001,213.20811522765482,213.16547573669044,4,take_profit,alpaca_personal_api,1.8724609106192247,0.17037924609110178,0.17037922736642486,0.0,0.02,0.01,0.0,0.03,0.03,0.0,1.501702437161698,1.0523872374235828
normal,2026-05-26 13:58:00-04:00,2026-05-26 13:59:00-04:00,2026-05-26 14:03:00-04:00,-0.0026231965523703105,212.92,212.96258612919996,212.83,212.78743612830002,4,max_holding,alpaca_personal_api,-0.35999999999989996,0.17029999999999745,0.17030000359989117,0.0,0.02,0.01,0.0,0.03,0.03,0.0,-0.7306000035997886,1.171092773489565
normal,2026-05-26 14:28:00-04:00,2026-05-26 14:29:00-04:00,2026-05-26 14:32:00-04:00,-0.002661188664270009,213.61,213.6527241361,213.33224504989587,213.28958073420836,4,stop_loss,alpaca_personal_api,-1.1110198004165568,0.17077689801988072,0.1707769091301543,0.0,0.02,0.01,0.0,0.03,0.03,0.0,-1.4825736075665918,1.2068436733263233
normal,2026-05-26 15:09:00-04:00,2026-05-26 15:10:00-04:00,2026-05-26 15:14:00-04:00,-0.0021559805024372602,212.9,212.942582129,212.6231682558065,212.580645748387,4,stop_loss,alpaca_personal_api,-1.1073269767740612,0.17020926730231167,0.17020927837552335,0.0,0.02,0.01,0.0,0.03,0.03,0.0,-1.4777455224518963,1.1732418729495975
normal,2026-05-27 09:40:00-04:00,2026-05-27 09:41:00-04:00,2026-05-27 09:42:00-04:00,-0.0034380445532897763,211.62,211.6623261162,211.3448326270257,211.30256577394863,4,stop_loss,alpaca_personal_api,-1.1006694918971789,0.1691859330508123,0.1691859440575172,0.0,0.02,0.01,0.0,0.03,0.03,0.0,-1.4690413690055084,0.7657729691911747
normal,2026-05-27 09:43:00-04:00,2026-05-27 09:44:00-04:00,2026-05-27 09:44:00-04:00,-0.005143207662907545,210.84,210.8821701084,210.56584685323742,210.52373578952526,4,stop_loss,alpaca_personal_api,-1.0966125870503447,0.16856233874125337,0.16856234970737205,0.0,0.02,0.01,0.0,0.03,0.03,0.0,-1.4637372754989701,0.8878384284694787
normal,2026-05-27 09:55:00-04:00,2026-05-27 09:56:00-04:00,2026-05-27 09:56:00-04:00,-0.005254935378497305,210.11,210.1520241011,210.57232814930222,210.53021578939564,4,take_profit,alpaca_personal_api,1.8493125972088365,0.16827293125970755,0.16827291276661072,0.0,0.02,0.01,0.0,0.03,0.03,0.0,1.4827667531825182,0.9467767372554138
normal,2026-05-27 10:07:00-04:00,2026-05-27 10:08:00-04:00,2026-05-27 10:10:00-04:00,-0.004496828552494447,210.29,210.3320601029,210.7527242231058,210.71057578578842,4,take_profit,alpaca_personal_api,1.8508968924231795,0.1684170896892283,0.16841707118021532,0.0,0.02,0.01,0.0,0.03,0.03,0.0,1.4840627315537358,0.8100682476298617
normal,2026-05-27 10:11:00-04:00,2026-05-27 10:12:00-04:00,2026-05-27 10:16:00-04:00,-0.003273400066416854,210.08,210.1220181008,210.52,210.4778981052,4,max_holding,alpaca_personal_api,1.759999999999991,0.16823999999996886,0.16823998239999582,0.0,0.02,0.01,0.0,0.03,0.03,0.0,1.3935200176000262,0.8264201214140439
normal,2026-05-27 10:19:00-04:00,2026-05-27 10:20:00-04:00,2026-05-27 10:20:00-04:00,-0.0021378687823649933,210.03,210.0720081003,209.75690008814956,209.71495080570094,4,stop_loss,alpaca_personal_api,-1.0923996474017486,0.1679147600352735,0.16791477095921437,0.0,0.02,0.01,0.0,0.03,0.03,0.0,-1.4582291783962364,0.8666742985020062
normal,2026-05-27 10:21:00-04:00,2026-05-27 10:22:00-04:00,2026-05-27 10:23:00-04:00,-0.00313509405282153,209.87,209.9119760987,210.33180005089739,210.28973579420523,4,take_profit,alpaca_personal_api,1.847200203589523,0.16808072002027075,0.16808070154831967,0.0,0.02,0.01,0.0,0.03,0.03,0.0,1.4810387820209325,1.1616967715509077
normal,2026-05-27 10:27:00-04:00,2026-05-27 10:28:00-04:00,2026-05-27 10:30:00-04:00,-0.002572531084750529,209.33,209.3718680933,209.7906118294866,209.74865580502683,4,take_profit,alpaca_personal_api,1.8424473179463803,0.16764824473170847,0.16764822630739218,0.0,0.02,0.01,0.0,0.03,0.03,0.0,1.4771508469072796,1.0904725063306986
normal,2026-05-27 10:57:00-04:00,2026-05-27 10:58:00-04:00,2026-05-27 11:00:00-04:00,-0.003908856897702373,208.97,209.0117960897,208.69827839556547,208.65654082686913,4,stop_loss,alpaca_personal_api,-1.0868864177381283,0.16706731135820974,0.16706732222712617,0.0,0.02,0.01,0.0,0.03,0.03,0.0,-1.4510210513234643,1.104676260761398
normal,2026-05-27 11:15:00-04:00,2026-05-27 11:16:00-04:00,2026-05-27 11:20:00-04:00,-0.002530074470116439,208.93,208.9717880893,209.02,208.9781980902,4,max_holding,alpaca_personal_api,0.36000000000001364,0.1671800000000303,0.16717999639990921,0.0,0.02,0.01,0.0,0.03,0.03,0.0,-0.004359996399925875,0.9971761896309683
normal,2026-05-27 11:41:00-04:00,2026-05-27 11:42:00-04:00,2026-05-27 11:45:00-04:00,-0.0021459227467810482,209.26,209.3018540926,209.7204578007852,209.67851580642963,4,take_profit,alpaca_personal_api,1.8418312031408277,0.16759218312029134,0.16759216470200045,0.0,0.02,0.01,0.0,0.03,0.03,0.0,1.476646855318536,1.0522865784840414
normal,2026-05-27 12:52:00-04:00,2026-05-27 12:53:00-04:00,2026-05-27 12:57:00-04:00,-0.002315142924639746,211.15,211.1922321115,211.16,211.11777011159998,4,max_holding,alpaca_personal_api,0.03999999999996362,0.16892400000006091,0.16892399959999693,0.0,0.02,0.01,0.0,0.03,0.03,0.0,-0.32784799960009425,1.2320809248554914
normal,2026-05-27 13:06:00-04:00,2026-05-27 13:07:00-04:00,2026-05-27 13:11:00-04:00,-0.0020368528255412244,210.68,210.7221381068,210.73,210.68785610729998,4,max_holding,alpaca_personal_api,0.1999999999999318,0.16856399999994665,0.16856399800008148,0.0,0.02,0.01,0.0,0.03,0.03,0.0,-0.16712799800009634,1.223809729002128
normal,2026-05-27 13:45:00-04:00,2026-05-27 13:46:00-04:00,2026-05-27 13:47:00-04:00,-0.0021690951101051015,211.61,211.6523241161,212.0756287643322,212.03321575933563,4,take_profit,alpaca_personal_api,1.8625150573287783,0.16947425150578965,0.16947423288047503,0.0,0.02,0.01,0.0,0.03,0.03,0.0,1.4935665729425136,0.7544275059195935
normal,2026-05-27 15:22:00-04:00,2026-05-27 15:23:00-04:00,2026-05-27 15:27:00-04:00,-0.002634922128640693,211.97,212.01239611969999,211.99,211.9476041199,4,max_holding,alpaca_personal_api,0.08000000000004093,0.1695839999999862,0.1695839991999719,0.0,0.02,0.01,0.0,0.03,0.03,0.0,-0.2891679991999172,1.1150219755935866
normal,2026-05-27 15:52:00-04:00,2026-05-27 15:53:00-04:00,2026-05-27 15:55:00-04:00,-0.0029601090071889047,212.19,212.2324401219,212.23,212.1875561223,4,max_holding,alpaca_personal_api,0.15999999999996817,0.16976799999997638,0.16976799839994783,0.0,0.02,0.01,0.0,0.03,0.03,0.0,-0.20953599839995604,1.2300296651059723
normal,2026-05-28 09:46:00-04:00,2026-05-28 09:47:00-04:00,2026-05-28 09:47:00-04:00,-0.004502603067398359,212.25,212.29245212249998,211.97401344431626,211.93162076136753,4,stop_loss,alpaca_personal_api,-1.103946222734976,0.16968960537769817,0.16968961641714486,0.0,0.02,0.01,0.0,0.03,0.03,0.0,-1.473325444529819,0.8662201575045454
normal,2026-05-28 09:49:00-04:00,2026-05-28 09:50:00-04:00,2026-05-28 09:51:00-04:00,-0.0064782649516478275,211.63,211.6723281163,212.0956727725326,212.05325575893482,4,take_profit,alpaca_personal_api,1.8626910901303972,0.1694902691090192,0.16949025048211297,0.0,0.02,0.01,0.0,0.03,0.03,0.0,1.493710570539265,1.050153972237513
normal,2026-05-28 10:10:00-04:00,2026-05-28 10:11:00-04:00,2026-05-28 10:12:00-04:00,-0.004414803682134094,211.99,212.0324001199,212.45646492013978,212.4139757517204,4,take_profit,alpaca_personal_api,1.8658596805590832,0.16977858596806072,0.16977856730943586,0.0,0.02,0.01,0.0,0.03,0.03,0.0,1.4963025272815866,1.029208849885015
normal,2026-05-28 10:22:00-04:00,2026-05-28 10:23:00-04:00,2026-05-28 10:23:00-04:00,-0.005714553374865372,212.29,212.3324601229,212.01396143271566,211.97156076056874,4,stop_loss,alpaca_personal_api,-1.1041542691373252,0.16972158457315345,0.16972159561453282,0.0,0.02,0.01,0.0,0.03,0.03,0.0,-1.4735974493250115,0.896056023886897
normal,2026-05-28 10:24:00-04:00,2026-05-28 10:25:00-04:00,2026-05-28 10:29:00-04:00,-0.005809595202398876,212.21,212.2524441221,212.2,212.157562122,4,max_holding,alpaca_personal_api,-0.04000000000007731,0.16976399999998648,0.16976400039993678,0.0,0.02,0.01,0.0,0.03,0.03,0.0,-0.4095280004000006,0.8540624784464244
normal,2026-05-28 10:34:00-04:00,2026-05-28 10:35:00-04:00,2026-05-28 10:39:00-04:00,-0.003393025447690823,211.5,211.542302115,211.72,211.6776581172,4,max_holding,alpaca_personal_api,0.8799999999999955,0.1692880000000514,0.16928799120000804,0.0,0.02,0.01,0.0,0.03,0.03,0.0,0.511424008799936,1.237142699220925
normal,2026-05-28 11:06:00-04:00,2026-05-28 11:07:00-04:00,2026-05-28 11:11:00-04:00,-0.0023069679849341274,211.91,211.95238411909997,212.17,212.1275681217,4,max_holding,alpaca_personal_api,1.0399999999999636,0.1696319999999787,0.16963198959990677,0.0,0.02,0.01,0.0,0.03,0.03,0.0,0.6707360104000781,1.1551961631541696
normal,2026-05-28 11:56:00-04:00,2026-05-28 11:57:00-04:00,2026-05-28 11:59:00-04:00,-0.0023960535588442022,212.34,212.3824701234,212.0638964182149,212.02148575957023,4,stop_loss,alpaca_personal_api,-1.1044143271403755,0.16976155856730202,0.16976156961140987,0.0,0.02,0.01,0.0,0.03,0.03,0.0,-1.4739374553190874,0.8062588162776638
normal,2026-05-28 12:33:00-04:00,2026-05-28 12:34:00-04:00,2026-05-28 12:38:00-04:00,-0.0022548973551933527,212.39,212.43248012389998,212.78,212.7374461278,4,max_holding,alpaca_personal_api,1.5600000000000591,0.17006800000001476,0.1700679843999069,0.0,0.02,0.01,0.0,0.03,0.03,0.0,1.1898640156001374,1.151801808161671
normal,2026-05-28 13:11:00-04:00,2026-05-28 13:12:00-04:00,2026-05-28 13:16:00-04:00,-0.0025752680619935964,213.03,213.07260813029998,213.04,212.9973941304,4,max_holding,alpaca_personal_api,0.03999999999996362,0.17042799999990166,0.17042799959995136,0.0,0.02,0.01,0.0,0.03,0.03,0.0,-0.3308559995998894,1.0350936783284888
normal,2026-05-28 14:12:00-04:00,2026-05-28 14:13:00-04:00,2026-05-28 14:13:00-04:00,-0.003117439047087278,214.24,214.2828501424,213.96142586718642,213.91863572162723,4,stop_loss,alpaca_personal_api,-1.1142965312543538,0.17128057034688027,0.17128058148989567,0.0,0.02,0.01,0.0,0.03,0.03,0.0,-1.4868576830911298,1.0780486437494745
normal,2026-05-28 14:30:00-04:00,2026-05-28 14:31:00-04:00,2026-05-28 14:35:00-04:00,-0.002145122178698,213.97,214.01279613970001,214.2,214.15716214199998,4,max_holding,alpaca_personal_api,0.9199999999999591,0.1712680000000546,0.17126799080006094,0.0,0.02,0.01,0.0,0.03,0.03,0.0,0.5474640091998435,1.0233858273627945
normal,2026-05-28 15:16:00-04:00,2026-05-28 15:17:00-04:00,2026-05-28 15:21:00-04:00,-0.0021466237341918326,213.83,213.8727681383,213.81,213.76724013810002,4,max_holding,alpaca_personal_api,-0.08000000000004093,0.17105599999990773,0.171056000799922,0.0,0.02,0.01,0.0,0.03,0.03,0.0,-0.4521120007998707,0.8996035392063478
normal,2026-05-29 10:04:00-04:00,2026-05-29 10:05:00-04:00,2026-05-29 10:05:00-04:00,-0.004427023287987164,215.87,215.91317615870003,216.3450025110174,216.30173567396523,4,take_profit,alpaca_personal_api,1.9000100440696315,0.17288600100448548,0.17288598200434535,0.0,0.02,0.01,0.0,0.03,0.03,0.0,1.5242380610608006,1.242381859986431
normal,2026-05-29 10:10:00-04:00,2026-05-29 10:11:00-04:00,2026-05-29 10:11:00-04:00,-0.0029589902445790184,215.65,215.6931321565,216.12451842081302,216.08129567837403,4,take_profit,alpaca_personal_api,1.8980736832520506,0.17270980736839192,0.17270978838757856,0.0,0.02,0.01,0.0,0.03,0.03,0.0,1.52265408749608,0.9951075170750492
normal,2026-05-29 10:17:00-04:00,2026-05-29 10:18:00-04:00,2026-05-29 10:20:00-04:00,-0.00263376767396728,215.84,215.8831701584,216.3149364987168,216.27167567456644,4,take_profit,alpaca_personal_api,1.899745994867203,0.17286197459941377,0.17286195560200213,0.0,0.02,0.01,0.0,0.03,0.03,0.0,1.5240220646657872,1.2150073632299687
normal,2026-05-29 10:28:00-04:00,2026-05-29 10:29:00-04:00,2026-05-29 10:29:00-04:00,-0.005224467150584888,215.17,215.21303615169998,214.89021659747243,214.84724070305512,4,stop_loss,alpaca_personal_api,-1.1191336101102252,0.1720240866388849,0.1720240978303309,0.0,0.02,0.01,0.0,0.03,0.03,0.0,-1.493181794579441,0.8480325755300646
normal,2026-05-29 10:37:00-04:00,2026-05-29 10:38:00-04:00,2026-05-29 10:39:00-04:00,-0.0033376599295382725,215.0,215.04300215,214.72043764677503,214.67749570645006,4,stop_loss,alpaca_personal_api,-1.1182494128998997,0.17188817505871157,0.1718881862411763,0.0,0.02,0.01,0.0,0.03,0.03,0.0,-1.4920257741997875,0.8922955460615929
normal,2026-05-29 10:40:00-04:00,2026-05-29 10:41:00-04:00,2026-05-29 10:42:00-04:00,-0.005697609783212876,214.66,214.7029341466,214.3808797453801,214.33800571323982,4,stop_loss,alpaca_personal_api,-1.1164810184795897,0.1716163518981375,0.17161636306298078,0.0,0.02,0.01,0.0,0.03,0.03,0.0,-1.489713733440708,0.7745168579038386
normal,2026-05-29 11:17:00-04:00,2026-05-29 11:18:00-04:00,2026-05-29 11:19:00-04:00,-0.0030982658959537446,215.57,215.6131161557,215.28969648146645,215.24664069506713,4,stop_loss,alpaca_personal_api,-1.1212140741341727,0.1723438785925282,0.17234388980477888,0.0,0.02,0.01,0.0,0.03,0.03,0.0,-1.4959018425314798,0.9895436200541031
normal,2026-05-29 11:21:00-04:00,2026-05-29 11:22:00-04:00,2026-05-29 11:26:00-04:00,-0.004447326971185106,214.91,214.9529841491,214.97,214.9270081497,4,max_holding,alpaca_personal_api,0.2400000000000091,0.17195200000003297,0.17195199759999014,0.0,0.02,0.01,0.0,0.03,0.03,0.0,-0.133903997600014,1.1175362015366526
normal,2026-05-29 11:45:00-04:00,2026-05-29 11:46:00-04:00,2026-05-29 11:50:00-04:00,-0.0023696682464454666,214.71,214.7529441471,214.91,214.8670201491,4,max_holding,alpaca_personal_api,0.7999999999999545,0.17184799999995448,0.17184799200003908,0.0,0.02,0.01,0.0,0.03,0.03,0.0,0.42630400799996093,0.8401905626761749
normal,2026-05-29 12:17:00-04:00,2026-05-29 12:18:00-04:00,2026-05-29 12:22:00-04:00,-0.002124711316397243,216.06,216.1032141606,215.95,215.9068121595,4,max_holding,alpaca_personal_api,-0.44000000000005457,0.17280399999992824,0.1728040044000636,0.0,0.02,0.01,0.0,0.03,0.03,0.0,-0.8156080044000464,0.9527396984519999
normal,2026-05-29 14:35:00-04:00,2026-05-29 14:36:00-04:00,2026-05-29 14:40:00-04:00,-0.0023046784973496104,216.46,216.50329416460002,216.67,216.62666816669997,4,max_holding,alpaca_personal_api,0.8399999999999181,0.1732520000000477,0.17325199160006832,0.0,0.02,0.01,0.0,0.03,0.03,0.0,0.4634960083998021,1.0364563530227462
normal,2026-05-29 15:18:00-04:00,2026-05-29 15:19:00-04:00,2026-05-29 15:23:00-04:00,-0.0030353200883002085,216.78,216.8233581678,216.87,216.8266281687,4,max_holding,alpaca_personal_api,0.36000000000001364,0.1734599999999773,0.1734599963999699,0.0,0.02,0.01,0.0,0.03,0.03,0.0,-0.01691999639993355,1.0944738579688182
high,2026-05-01 09:46:00-04:00,2026-05-01 09:47:00-04:00,2026-05-01 09:47:00-04:00,-0.007183552142680183,200.39,200.43008000389997,200.12943488389413,200.08941099821172,4,stop_loss,alpaca_personal_api,-1.042260464423407,0.16020777395351615,0.16020778437609806,0.0,0.02,0.01,0.0,0.03,0.03,0.0,-1.3926760227530213,1.2974628134900759
high,2026-05-01 10:04:00-04:00,2026-05-01 10:05:00-04:00,2026-05-01 10:05:00-04:00,-0.0038455775857763053,199.47,199.5098959947,199.21063115070797,199.17079101658413,5,stop_loss,alpaca_personal_api,-1.2968442464601537,0.1993403155753981,0.1993403285437978,0.0,0.03,0.01,0.0,0.04,0.04,0.0,-1.7355248905793497,1.7983986476712888
high,2026-05-01 10:25:00-04:00,2026-05-01 10:26:00-04:00,2026-05-01 10:28:00-04:00,-0.002655975945878186,199.03,199.0698079903,199.4679476062806,199.42805601143883,5,take_profit,alpaca_personal_api,2.18973803140301,0.1992489738030656,0.1992489519058438,0.0,0.03,0.01,0.0,0.04,0.04,0.0,1.7512401056941007,1.6378900450016165
high,2026-05-01 10:35:00-04:00,2026-05-01 10:36:00-04:00,2026-05-01 10:36:00-04:00,-0.005140869915830959,197.39,197.42947997389996,197.13333575393912,197.0939110581217,5,stop_loss,alpaca_personal_api,-1.283321230304324,0.19726166787691568,0.19726168071002803,0.0,0.03,0.01,0.0,0.04,0.04,0.0,-1.7178445788912677,1.9718434086437344
high,2026-05-01 11:24:00-04:00,2026-05-01 11:25:00-04:00,2026-05-01 11:27:00-04:00,-0.0020068231988762397,198.91,198.94978398909998,198.65135931311636,198.61163102776734,5,stop_loss,alpaca_personal_api,-1.2932034344181886,0.19878067965649393,0.19878069258851383,0.0,0.03,0.01,0.0,0.04,0.04,0.0,-1.7307648066631964,1.4307993302375195
high,2026-05-01 12:09:00-04:00,2026-05-01 12:10:00-04:00,2026-05-01 12:13:00-04:00,-0.0022132796780683917,198.36,198.3996739836,198.7964733315672,198.75671602486563,5,take_profit,alpaca_personal_api,2.182366657835928,0.1985782366656963,0.1985782148420867,0.0,0.03,0.01,0.0,0.04,0.04,0.0,1.745210206328145,1.6026675006555027
high,2026-05-01 13:27:00-04:00,2026-05-01 13:28:00-04:00,2026-05-01 13:32:00-04:00,-0.0021009454254413695,199.48,199.51989799479998,199.64,199.6000739964,5,max_holding,alpaca_personal_api,0.799999999999983,0.19955999999993423,0.19955999199993357,0.0,0.03,0.01,0.0,0.04,0.04,0.0,0.36088000800011516,1.536681675664207
high,2026-05-01 14:05:00-04:00,2026-05-01 14:06:00-04:00,2026-05-01 14:10:00-04:00,-0.002657041159071505,198.94,198.9797899894,199.37774956937878,199.3378760132424,5,take_profit,alpaca_personal_api,2.1887478468939037,0.19915887478461514,0.1991588528971988,0.0,0.03,0.01,0.0,0.04,0.04,0.0,1.7504301192120897,1.2922698034082787
high,2026-05-01 14:37:00-04:00,2026-05-01 14:38:00-04:00,2026-05-01 14:42:00-04:00,-0.002161673034385525,198.49,198.5296999849,198.44,198.4003139844,5,max_holding,alpaca_personal_api,-0.25000000000005684,0.19846499999999878,0.19846500249997234,0.0,0.03,0.01,0.0,0.04,0.04,0.0,-0.686930002500028,1.9512179307065511
high,2026-05-01 15:47:00-04:00,2026-05-01 15:48:00-04:00,2026-05-01 15:50:00-04:00,-0.002306573735145201,198.97,199.0097959897,198.71128129571545,198.67154102656912,5,stop_loss,alpaca_personal_api,-1.2935935214227356,0.19884064064783047,0.1988406535838294,0.0,0.03,0.01,0.0,0.04,0.04,0.0,-1.7312748156543956,1.2642064568848939
high,2026-05-01 15:51:00-04:00,2026-05-01 15:52:00-04:00,2026-05-01 15:55:00-04:00,-0.002910039636746853,198.74,198.77974998739998,198.4815803624189,198.44188603116223,5,stop_loss,alpaca_personal_api,-1.292098187905566,0.19861079018113514,0.19861080310207058,0.0,0.03,0.01,0.0,0.04,0.04,0.0,-1.7293197811887717,1.6446903979770031
high,2026-05-04 09:55:00-04:00,2026-05-04 09:56:00-04:00,2026-05-04 09:56:00-04:00,-0.007678795483061496,197.72,197.7595459772,198.1550650691544,198.1154360376912,5,take_profit,alpaca_personal_api,2.1753253457720234,0.1979375325345245,0.19793751078140076,0.0,0.03,0.01,0.0,0.04,0.04,0.0,1.739450302456098,1.8127498359286438
high,2026-05-04 10:29:00-04:00,2026-05-04 10:30:00-04:00,2026-05-04 10:31:00-04:00,-0.003336535058894863,197.15,197.1894319715,197.583810835443,197.54429604911402,5,take_profit,alpaca_personal_api,2.1690541772149174,0.19736690541762414,0.19736688372717026,0.0,0.03,0.01,0.0,0.04,0.04,0.0,1.734320388070123,1.9103379451122704
high,2026-05-04 10:57:00-04:00,2026-05-04 10:58:00-04:00,2026-05-04 10:59:00-04:00,-0.0032349373230894374,197.22,197.2594459722,196.96355680324172,196.92416606151664,5,stop_loss,alpaca_personal_api,-1.282215983791417,0.1970917784015569,0.197091791223869,0.0,0.03,0.01,0.0,0.04,0.04,0.0,-1.716399553416843,1.6951445779693433
high,2026-05-04 11:15:00-04:00,2026-05-04 11:16:00-04:00,2026-05-04 11:17:00-04:00,-0.0051110773746269045,196.61,196.64932396609998,196.35434998015086,196.31508107369834,5,stop_loss,alpaca_personal_api,-1.2782500992457813,0.196482174989967,0.19648218777248871,0.0,0.03,0.01,0.0,0.04,0.04,0.0,-1.711214462008237,1.8238498853431975
high,2026-05-04 11:23:00-04:00,2026-05-04 11:24:00-04:00,2026-05-04 11:26:00-04:00,-0.006219729798623508,194.93,194.96898794930001,195.3589259251986,195.31985609360282,5,take_profit,alpaca_personal_api,2.144629625992991,0.19514446296270194,0.19514444151624843,0.0,0.03,0.01,0.0,0.04,0.04,0.0,1.7143407215140405,1.6997143775215109
high,2026-05-04 12:09:00-04:00,2026-05-04 12:10:00-04:00,2026-05-04 12:10:00-04:00,-0.002197577554044927,195.22,195.25904595219998,194.9661573832717,194.92716610145663,5,stop_loss,alpaca_personal_api,-1.2692130836414606,0.19509307869157055,0.19509309138371123,0.0,0.03,0.01,0.0,0.04,0.04,0.0,-1.6993992537167424,1.4117061732171077
high,2026-05-04 14:26:00-04:00,2026-05-04 14:27:00-04:00,2026-05-04 14:31:00-04:00,-0.0024214296524238677,197.74,197.7795499774,197.74,197.70045397740003,5,max_holding,alpaca_personal_api,0.0,0.1977399999998397,0.19773999999998182,0.0,0.03,0.01,0.0,0.04,0.04,0.0,-0.4354799999998215,1.3416163577565754
high,2026-05-04 15:54:00-04:00,2026-05-04 15:55:00-04:00,2026-05-04 15:55:00-04:00,-0.002114803625377526,198.18,198.2196379818,197.92230852482732,197.88272604234544,5,stop_loss,alpaca_personal_api,-1.2884573758634588,0.19805115426237307,0.19805116714692872,0.0,0.03,0.01,0.0,0.04,0.04,0.0,-1.7245596972727606,1.6870301709210178
high,2026-05-05 09:57:00-04:00,2026-05-05 09:58:00-04:00,2026-05-05 09:59:00-04:00,-0.0045591182364729255,198.67,198.7097359867,198.41167138271996,198.37199103256012,5,stop_loss,alpaca_personal_api,-1.2916430864001427,0.198540835691432,0.19854084860781995,0.0,0.03,0.01,0.0,0.04,0.04,0.0,-1.7287247706993947,1.26233468765753
high,2026-05-05 10:00:00-04:00,2026-05-05 10:01:00-04:00,2026-05-05 10:01:00-04:00,-0.006171600602107419,198.09,198.1296199809,198.5258792208618,198.48617603027643,5,take_profit,alpaca_personal_api,2.179396104309035,0.19830793961048698,0.19830791781643597,0.0,0.03,0.01,0.0,0.04,0.04,0.0,1.7427802468821119,1.7987752363857235
high,2026-05-05 10:13:00-04:00,2026-05-05 10:14:00-04:00,2026-05-05 10:14:00-04:00,-0.003479050068068479,197.66,197.6995339766,197.4029846756351,197.36350605272983,5,stop_loss,alpaca_personal_api,-1.2850766218244303,0.197531492337788,0.19753150518866391,0.0,0.03,0.01,0.0,0.04,0.04,0.0,-1.7201396193508822,1.33668010054344
high,2026-05-05 10:38:00-04:00,2026-05-05 10:39:00-04:00,2026-05-05 10:39:00-04:00,-0.0026257321753180296,197.46,197.4994939746,197.20324473363812,197.16380605672384,5,stop_loss,alpaca_personal_api,-1.283776331809463,0.19733162236676094,0.19733163520456287,0.0,0.03,0.01,0.0,0.04,0.04,0.0,-1.718439589380787,1.3086142194164236
high,2026-05-05 10:40:00-04:00,2026-05-05 10:41:00-04:00,2026-05-05 10:43:00-04:00,-0.004894046417759812,197.23,197.2694479723,196.97354380034156,196.93415106131692,5,stop_loss,alpaca_personal_api,-1.2822809982921513,0.19710177190020772,0.19710178472294615,0.0,0.03,0.01,0.0,0.04,0.04,0.0,-1.7164845549153052,1.2609839078808127
high,2026-05-05 11:20:00-04:00,2026-05-05 11:21:00-04:00,2026-05-05 11:23:00-04:00,-0.002634111747125356,196.87,196.9093759687,197.3031947206374,197.26373605472523,5,take_profit,alpaca_personal_api,2.1659736031870125,0.19708659736039635,0.19708657570049581,0.0,0.03,0.01,0.0,0.04,0.04,0.0,1.7318004301261203,1.6854514833527658
high,2026-05-05 12:41:00-04:00,2026-05-05 12:42:00-04:00,2026-05-05 12:46:00-04:00,-0.0025791443309397533,197.21,197.2494439721,197.34,197.3005339734,5,max_holding,alpaca_personal_api,0.6499999999999773,0.19727500000001896,0.19727499349997402,0.0,0.03,0.01,0.0,0.04,0.04,0.0,0.21545000649998428,1.4084961353539043
high,2026-05-05 14:55:00-04:00,2026-05-05 14:56:00-04:00,2026-05-05 15:00:00-04:00,-0.003148007108403017,196.31,196.34926396310001,196.53,196.4906959653,5,max_holding,alpaca_personal_api,1.0999999999999943,0.196420000000046,0.1964199889999918,0.0,0.03,0.01,0.0,0.04,0.04,0.0,0.6671600109999565,1.6292919795770207
high,2026-05-06 11:12:00-04:00,2026-05-06 11:13:00-04:00,2026-05-06 11:13:00-04:00,-0.004689789936492383,203.71,203.75074403710002,203.44511792104439,203.40443093191135,4,stop_loss,alpaca_personal_api,-1.0595283158224902,0.16286204716845987,0.16286205776373208,0.0,0.02,0.01,0.0,0.03,0.03,0.0,-1.4152524207546822,1.7839198216737602
high,2026-05-06 11:14:00-04:00,2026-05-06 11:15:00-04:00,2026-05-06 11:16:00-04:00,-0.002691855912294372,203.75,203.7907520375,203.48506590944376,203.44437093111253,4,stop_loss,alpaca_personal_api,-1.0597363622249532,0.16289402636380146,0.16289403696112004,0.0,0.02,0.01,0.0,0.03,0.03,0.0,-1.4155244255498747,1.5683258631257084
high,2026-05-06 12:37:00-04:00,2026-05-06 12:38:00-04:00,2026-05-06 12:42:00-04:00,-0.002584987562795682,204.5,204.540902045,204.82,204.77903804820002,4,max_holding,alpaca_personal_api,1.2799999999999727,0.16372799999999188,0.16372798719987713,0.0,0.02,0.01,0.0,0.03,0.03,0.0,0.9225440128001037,1.2860516032624967
high,2026-05-06 12:46:00-04:00,2026-05-06 12:47:00-04:00,2026-05-06 12:51:00-04:00,-0.002492181391712256,204.15,204.1908320415,204.29,204.24914404289999,4,max_holding,alpaca_personal_api,0.5599999999999454,0.1633759999999711,0.16337599439998485,0.0,0.02,0.01,0.0,0.03,0.03,0.0,0.20324800559998948,1.6351138957068423
high,2026-05-06 12:54:00-04:00,2026-05-06 12:55:00-04:00,2026-05-06 12:59:00-04:00,-0.0021531685833129366,203.93,203.97078803929998,204.37872961537857,204.3378559132428,4,take_profit,alpaca_personal_api,1.7949184615142713,0.16332349184608574,0.16332347389686674,0.0,0.02,0.01,0.0,0.03,0.03,0.0,1.4382714957713187,1.3597027558207928
high,2026-05-06 14:47:00-04:00,2026-05-06 14:48:00-04:00,2026-05-06 14:50:00-04:00,-0.0030818124909711697,207.04,207.08141007039998,206.7707879552944,206.7294358654112,4,stop_loss,alpaca_personal_api,-1.076848178822388,0.16552431518209687,0.16552432595062783,0.0,0.02,0.01,0.0,0.03,0.03,0.0,-1.4378968199551128,1.8940511087084648
high,2026-05-06 14:59:00-04:00,2026-05-06 15:00:00-04:00,2026-05-06 15:03:00-04:00,-0.003042155584528472,206.45,206.4912920645,206.90427464862898,206.862895862742,4,take_profit,alpaca_personal_api,1.8170985945159828,0.16534170985949004,0.16534169168846802,0.0,0.02,0.01,0.0,0.03,0.03,0.0,1.4564151929680247,1.5838310327097258
high,2026-05-07 10:31:00-04:00,2026-05-07 10:32:00-04:00,2026-05-07 10:35:00-04:00,-0.005945136223200143,212.35,212.39247212349997,212.81725706774697,212.77469574450598,4,take_profit,alpaca_personal_api,1.869028270987883,0.17006690282710224,0.17006688413675874,0.0,0.02,0.01,0.0,0.03,0.03,0.0,1.498894484024022,1.4624521956573162
high,2026-05-07 11:05:00-04:00,2026-05-07 11:06:00-04:00,2026-05-07 11:09:00-04:00,-0.0035793340554797215,211.57,211.61231611569997,212.03554074793138,211.99313576013722,4,take_profit,alpaca_personal_api,1.8621629917255405,0.16944221629910317,0.16944219767742652,0.0,0.02,0.01,0.0,0.03,0.03,0.0,1.4932785777490107,1.7239645118951137
high,2026-05-07 11:11:00-04:00,2026-05-07 11:12:00-04:00,2026-05-07 11:13:00-04:00,-0.002457002457002422,211.13,211.17222811129997,210.85546976913304,210.81330078373392,4,stop_loss,alpaca_personal_api,-1.0981209234678317,0.16879418790756517,0.1687941988888042,0.0,0.02,0.01,0.0,0.03,0.03,0.0,-1.4657093102642011,1.4549910840521985
high,2026-05-07 11:14:00-04:00,2026-05-07 11:15:00-04:00,2026-05-07 11:15:00-04:00,-0.007028301886792487,210.49,210.53210010490002,210.95316430510982,210.91097578178045,4,take_profit,alpaca_personal_api,1.852657220439255,0.1685772657220923,0.16857724719545786,0.0,0.02,0.01,0.0,0.03,0.03,0.0,1.4855027075217049,1.619503618835526
high,2026-05-07 11:59:00-04:00,2026-05-07 12:00:00-04:00,2026-05-07 12:00:00-04:00,-0.002956636005256308,212.45,212.4924921245,212.17375338631325,212.13132075737352,4,stop_loss,alpaca_personal_api,-1.1049864547469497,0.16984950135451982,0.1698495124044257,0.0,0.02,0.01,0.0,0.03,0.03,0.0,-1.4746854685058952,1.2608775536381
high,2026-05-07 12:05:00-04:00,2026-05-07 12:06:00-04:00,2026-05-07 12:07:00-04:00,-0.0028248587570620654,211.82,211.86236611820001,211.54457256902273,211.50226576995465,4,stop_loss,alpaca_personal_api,-1.101709723909039,0.16934582902763395,0.16934584004479802,0.0,0.02,0.01,0.0,0.03,0.03,0.0,-1.470401392981471,1.999060531579659
high,2026-05-07 12:08:00-04:00,2026-05-07 12:09:00-04:00,2026-05-07 12:12:00-04:00,-0.0030637254901960675,211.48,211.5222981148,211.2050146676278,211.16277577674444,4,stop_loss,alpaca_personal_api,-1.099941329488729,0.1690740058670599,0.16907401686648882,0.0,0.02,0.01,0.0,0.03,0.03,0.0,-1.4680893522222778,1.319263262624757
high,2026-05-07 12:57:00-04:00,2026-05-07 12:58:00-04:00,2026-05-07 13:01:00-04:00,-0.002683868537527001,211.81,211.85236411809998,212.2760688463362,212.23361575532763,4,take_profit,alpaca_personal_api,1.8642753853447402,0.16963442753842628,0.16963440889571757,0.0,0.02,0.01,0.0,0.03,0.03,0.0,1.4950065489105964,1.8025396894961159
high,2026-05-07 13:07:00-04:00,2026-05-07 13:08:00-04:00,2026-05-07 13:11:00-04:00,-0.0020723436322531708,211.86,211.90237411860002,211.58452055742214,211.54220576915586,4,stop_loss,alpaca_personal_api,-1.101917770311502,0.16937780822297555,0.16937781924218598,0.0,0.02,0.01,0.0,0.03,0.03,0.0,-1.4706733977766635,1.408930072968809
high,2026-05-07 13:18:00-04:00,2026-05-07 13:19:00-04:00,2026-05-07 13:22:00-04:00,-0.004154863078375981,210.89,210.93218010889998,211.35404446911778,211.3117757737644,4,take_profit,alpaca_personal_api,1.856177876471179,0.16889761778759294,0.16889759922594294,0.0,0.02,0.01,0.0,0.03,0.03,0.0,1.488382659457643,1.5257227276939767
high,2026-05-07 13:27:00-04:00,2026-05-07 13:28:00-04:00,2026-05-07 13:28:00-04:00,-0.0030251465305350944,210.91,210.9521841091,211.3740884773182,211.33181577336364,4,take_profit,alpaca_personal_api,1.8563539092727979,0.1689136353908225,0.1689136168273535,0.0,0.02,0.01,0.0,0.03,0.03,0.0,1.4885266570546218,1.7572344798137136
high,2026-05-07 13:53:00-04:00,2026-05-07 13:54:00-04:00,2026-05-07 13:56:00-04:00,-0.002028780372729355,211.53,211.5723081153,211.25494965312706,211.21270077574593,4,stop_loss,alpaca_personal_api,-1.1002013874917793,0.16911397986120846,0.16911399086325218,0.0,0.02,0.01,0.0,0.03,0.03,0.0,-1.46842935821624,1.2888489217447128
high,2026-05-07 15:18:00-04:00,2026-05-07 15:19:00-04:00,2026-05-07 15:23:00-04:00,-0.002541415662650537,211.92,211.96238611919998,211.64444254002117,211.6021157679576,4,stop_loss,alpaca_personal_api,-1.1022298399152533,0.1694257770159311,0.16942578803832475,0.0,0.02,0.01,0.0,0.03,0.03,0.0,-1.4710814049695091,1.502981051816271
high,2026-05-07 15:24:00-04:00,2026-05-07 15:25:00-04:00,2026-05-07 15:27:00-04:00,-0.0029239766081871066,211.42,211.46228611419997,211.88521068642837,211.8428357631432,4,take_profit,alpaca_personal_api,1.8608427457135122,0.16932208427454043,0.16932206566605146,0.0,0.02,0.01,0.0,0.03,0.03,0.0,1.4921985957729202,1.5642819888734354
high,2026-05-08 10:17:00-04:00,2026-05-08 10:18:00-04:00,2026-05-08 10:19:00-04:00,-0.003658084830524211,215.17,215.21303615169998,215.64346222400337,215.6003356879932,4,take_profit,alpaca_personal_api,1.8938488960135373,0.17232538488951832,0.17232536595111014,0.0,0.02,0.01,0.0,0.03,0.03,0.0,1.5191981451729089,1.3040398856084041
high,2026-05-08 10:35:00-04:00,2026-05-08 10:36:00-04:00,2026-05-08 10:38:00-04:00,-0.0025131474845254687,214.31,214.3528641431,214.78156987138618,214.7386157052276,4,take_profit,alpaca_personal_api,1.8862794855447191,0.17163662794860102,0.1716366090856809,0.0,0.02,0.01,0.0,0.03,0.03,0.0,1.5130062485104372,1.3777407343700991
high,2026-05-08 11:17:00-04:00,2026-05-08 11:18:00-04:00,2026-05-08 11:18:00-04:00,-0.004112564114412409,215.5,215.54310215499999,215.21978750176748,215.17674569646502,4,stop_loss,alpaca_personal_api,-1.1208499929300615,0.172287915000652,0.172287926209151,0.0,0.02,0.01,0.0,0.03,0.03,0.0,-1.4954258341398645,1.3631255461905691
high,2026-05-08 11:55:00-04:00,2026-05-08 11:56:00-04:00,2026-05-08 11:59:00-04:00,-0.002267888549477015,215.55,215.59311215550002,215.2697224872668,215.22667069546657,4,stop_loss,alpaca_personal_api,-1.1211100509328844,0.17232788899491425,0.17232790020602806,0.0,0.02,0.01,0.0,0.03,0.03,0.0,-1.4957658401338267,1.4123112610444493
high,2026-05-08 12:07:00-04:00,2026-05-08 12:08:00-04:00,2026-05-08 12:12:00-04:00,-0.002365272238196825,215.11,215.15302415110003,215.11,215.0669801511,4,max_holding,alpaca_personal_api,0.0,0.17208800000003066,0.17208800000003066,0.0,0.02,0.01,0.0,0.03,0.03,0.0,-0.37417600000006135,1.5171041154119327
high,2026-05-08 13:26:00-04:00,2026-05-08 13:27:00-04:00,2026-05-08 13:31:00-04:00,-0.0024564330737857354,215.23,215.2730481523,215.41,215.3669201541,4,max_holding,alpaca_personal_api,0.7200000000000273,0.17225599999994756,0.17225599280004644,0.0,0.02,0.01,0.0,0.03,0.03,0.0,0.34548800720003325,1.4053021970039723
high,2026-05-11 12:43:00-04:00,2026-05-11 12:44:00-04:00,2026-05-11 12:48:00-04:00,-0.003524149460082282,220.58,220.6241182058,220.55,220.50589220550003,4,max_holding,alpaca_personal_api,-0.12000000000000455,0.17645199999992656,0.17645200119989113,0.0,0.02,0.01,0.0,0.03,0.03,0.0,-0.5029040011998223,1.2523810423674364
high,2026-05-11 15:01:00-04:00,2026-05-11 15:02:00-04:00,2026-05-11 15:04:00-04:00,-0.002673554468007988,220.09,220.1340202009,219.80381917059867,219.75986060480275,4,stop_loss,alpaca_personal_api,-1.144723317605326,0.1759575276681744,0.17595753911552947,0.0,0.02,0.01,0.0,0.03,0.03,0.0,-1.5266383843890299,1.5427969566891426
high,2026-05-11 15:16:00-04:00,2026-05-11 15:17:00-04:00,2026-05-11 15:21:00-04:00,-0.003272281052583703,219.31,219.3538641931,219.35,219.30613219350002,4,max_holding,alpaca_personal_api,0.15999999999996817,0.1754639999999199,0.17546399840000504,0.0,0.02,0.01,0.0,0.03,0.03,0.0,-0.22092799839995678,1.3854517597942753
high,2026-05-11 15:24:00-04:00,2026-05-11 15:25:00-04:00,2026-05-11 15:29:00-04:00,-0.0028229294722943443,219.01,219.05380419009998,218.72522348381483,218.6814806263703,4,stop_loss,alpaca_personal_api,-1.1391060647406448,0.1750940893934967,0.17509410078457677,0.0,0.02,0.01,0.0,0.03,0.03,0.0,-1.5192942549187183,1.2985594322885867
high,2026-05-12 10:28:00-04:00,2026-05-12 10:29:00-04:00,2026-05-12 10:30:00-04:00,-0.006590909090909092,218.57,218.6137161857,218.28579561142146,218.24214063515714,4,stop_loss,alpaca_personal_api,-1.1368175543141206,0.1747423182446255,0.17474232961274083,0.0,0.02,0.01,0.0,0.03,0.03,0.0,-1.516302202171487,1.407523492134837
high,2026-05-12 10:32:00-04:00,2026-05-12 10:33:00-04:00,2026-05-12 10:33:00-04:00,-0.005114622339939645,217.84,217.8835701784,217.5567448231324,217.5132356497352,4,stop_loss,alpaca_personal_api,-1.1330207074704504,0.17415869792921512,0.17415870925947274,0.0,0.02,0.01,0.0,0.03,0.03,0.0,-1.5113381146591383,1.3416361510274768
high,2026-05-12 10:51:00-04:00,2026-05-12 10:52:00-04:00,2026-05-12 10:52:00-04:00,-0.0027049330643682534,217.52,217.5635061752,217.99863318755038,217.9550356408992,4,take_profit,alpaca_personal_api,1.914532750201488,0.17420745327501663,0.17420743412958473,0.0,0.02,0.01,0.0,0.03,0.03,0.0,1.5361178627968866,1.6481086307552228
high,2026-05-12 11:00:00-04:00,2026-05-12 11:01:00-04:00,2026-05-12 11:04:00-04:00,-0.006590389016018272,217.07,217.1134161707,217.5476430030414,217.50413564991723,4,take_profit,alpaca_personal_api,1.9105720121656304,0.17384705720121474,0.17384703809545954,0.0,0.02,0.01,0.0,0.03,0.03,0.0,1.5328779168689561,1.9148284814640457
high,2026-05-12 11:12:00-04:00,2026-05-12 11:13:00-04:00,2026-05-12 11:15:00-04:00,-0.0021592318647494224,217.2,217.243442172,216.917577008742,216.87419566251603,4,stop_loss,alpaca_personal_api,-1.1296919650319523,0.1736470308034086,0.17364704210046966,0.0,0.02,0.01,0.0,0.03,0.03,0.0,-1.5069860379358306,1.2671986137263611
high,2026-05-12 11:18:00-04:00,2026-05-12 11:19:00-04:00,2026-05-12 11:19:00-04:00,-0.005378568473313972,216.37,216.4132761637,216.84610271602742,216.80273566394524,4,take_profit,alpaca_personal_api,1.90441086410965,0.17328644108636126,0.17328642204233802,0.0,0.02,0.01,0.0,0.03,0.03,0.0,1.5278380009809507,1.5668928453478248
high,2026-05-12 11:25:00-04:00,2026-05-12 11:26:00-04:00,2026-05-12 11:26:00-04:00,-0.008299903167796385,215.07,215.11301615069996,214.79034662647393,214.7473907050521,4,stop_loss,alpaca_personal_api,-1.1186134941042383,0.1719441386504741,0.17194414983669049,0.0,0.02,0.01,0.0,0.03,0.03,0.0,-1.4925017825914029,1.5175017587743298
high,2026-05-12 11:28:00-04:00,2026-05-12 11:29:00-04:00,2026-05-12 11:30:00-04:00,-0.0047687392934858686,214.97,215.0129961497,215.4430221419994,215.3999356920012,4,take_profit,alpaca_personal_api,1.8920885679975754,0.1721652088568817,0.1721651899358676,0.0,0.02,0.01,0.0,0.03,0.03,0.0,1.517758169204826,1.996764566693387
high,2026-05-12 12:41:00-04:00,2026-05-12 12:42:00-04:00,2026-05-12 12:42:00-04:00,-0.0022086228316385847,216.86,216.9033741686,216.57801910734713,216.53470566930588,4,stop_loss,alpaca_personal_api,-1.1279235706115287,0.17337520764283454,0.17337521892216046,0.0,0.02,0.01,0.0,0.03,0.03,0.0,-1.5046739971765237,1.3598698036519299
high,2026-05-12 12:53:00-04:00,2026-05-12 12:54:00-04:00,2026-05-12 12:56:00-04:00,-0.0035040804094240707,216.11,216.1532241611,215.82899432485837,215.78583068428335,4,stop_loss,alpaca_personal_api,-1.1240227005665702,0.1727755977299239,0.17277560897014155,0.0,0.02,0.01,0.0,0.03,0.03,0.0,-1.4995739072666356,1.313012498836432
high,2026-05-12 12:57:00-04:00,2026-05-12 12:58:00-04:00,2026-05-12 12:58:00-04:00,-0.0027716186252770836,215.85,215.8931721585,215.56933240026225,215.52622068947554,4,stop_loss,alpaca_personal_api,-1.1226703989509588,0.17256773296003303,0.17256774418683563,0.0,0.02,0.01,0.0,0.03,0.03,0.0,-1.4978058760978274,1.38154294848123
high,2026-05-12 13:00:00-04:00,2026-05-12 13:01:00-04:00,2026-05-12 13:01:00-04:00,-0.002451320475463703,215.69,215.7331401569,215.40954044666466,215.36646069267073,4,stop_loss,alpaca_personal_api,-1.1218382133413343,0.17243981617866666,0.17243982739705643,0.0,0.02,0.01,0.0,0.03,0.03,0.0,-1.4967178569170574,1.5465048424414913
high,2026-05-12 15:45:00-04:00,2026-05-12 15:46:00-04:00,2026-05-12 15:47:00-04:00,-0.003298838628044587,220.56,220.60411420559998,220.2732080342916,220.2291555954168,4,stop_loss,alpaca_personal_api,-1.1471678628336122,0.1763332832136939,0.17633329468537795,0.0,0.02,0.01,0.0,0.03,0.03,0.0,-1.529834440732684,1.7079818006817562
high,2026-05-13 09:49:00-04:00,2026-05-13 09:50:00-04:00,2026-05-13 09:50:00-04:00,-0.009094556640363738,222.3,222.34446222300002,222.01094552966552,221.96654556066903,4,stop_loss,alpaca_personal_api,-1.156217881337966,0.1777243782119058,0.17772438977408456,0.0,0.02,0.01,0.0,0.03,0.03,0.0,-1.5416666493239564,1.3364508846525338
high,2026-05-13 10:32:00-04:00,2026-05-13 10:33:00-04:00,2026-05-13 10:34:00-04:00,-0.00387804225728805,223.47,223.51469623469998,223.9617256271694,223.91693552166123,4,take_profit,alpaca_personal_api,1.9669025086775491,0.1789726902508164,0.17897267058174293,0.0,0.02,0.01,0.0,0.03,0.03,0.0,1.5789571478449898,1.5749215342839342
high,2026-05-13 11:12:00-04:00,2026-05-13 11:13:00-04:00,2026-05-13 11:16:00-04:00,-0.0022489747321075004,226.24,226.2852502624,226.73782076292483,226.69247546615046,4,take_profit,alpaca_personal_api,1.99128305169927,0.1811911283051586,0.18119110839234054,0.0,0.02,0.01,0.0,0.03,0.03,0.0,1.5989008150017707,1.548955679000263
high,2026-05-13 14:46:00-04:00,2026-05-13 14:47:00-04:00,2026-05-13 14:51:00-04:00,-0.0020270568016569346,226.45,226.4952922645,226.53,226.48469626530002,4,max_holding,alpaca_personal_api,0.32000000000005,0.18119200000001,0.1811919967999529,0.0,0.02,0.01,0.0,0.03,0.03,0.0,-0.07238399679991289,1.5134061866638695
high,2026-05-13 14:59:00-04:00,2026-05-13 15:00:00-04:00,2026-05-13 15:04:00-04:00,-0.0027334450224848483,226.19,226.23524026189997,226.1,226.054782261,4,max_holding,alpaca_personal_api,-0.36000000000001364,0.18091599999991104,0.18091600359991844,0.0,0.02,0.01,0.0,0.03,0.03,0.0,-0.7518320035998431,1.7970385815520107
high,2026-05-13 15:23:00-04:00,2026-05-13 15:24:00-04:00,2026-05-13 15:28:00-04:00,-0.002337272887634523,226.23,226.2752482623,226.36,226.3147302636,4,max_holding,alpaca_personal_api,0.5200000000000955,0.1810360000000628,0.18103599480002686,0.0,0.02,0.01,0.0,0.03,0.03,0.0,0.12792800520000583,1.6885641759757104
high,2026-05-14 10:29:00-04:00,2026-05-14 10:30:00-04:00,2026-05-14 10:31:00-04:00,-0.0024428920413149813,232.76,232.8065543276,233.2721674362552,233.22551533548963,4,take_profit,alpaca_personal_api,2.0486697450207885,0.18641286697447867,0.18641284648776946,0.0,0.02,0.01,0.0,0.03,0.03,0.0,1.6458440315585403,1.4697182756172749
high,2026-05-14 11:49:00-04:00,2026-05-14 11:50:00-04:00,2026-05-14 11:51:00-04:00,-0.002501908235094552,235.23,235.2770483523,234.92413277977155,234.87715030245693,4,stop_loss,alpaca_personal_api,-1.2234688809137424,0.18806165311195855,0.18806166534659496,0.0,0.02,0.01,0.0,0.03,0.03,0.0,-1.629592199372296,1.3851463272243778
high,2026-05-14 11:52:00-04:00,2026-05-14 11:53:00-04:00,2026-05-14 11:54:00-04:00,-0.0024648336237304003,234.72,234.7669463472,235.2364802398944,235.18943529621123,4,take_profit,alpaca_personal_api,2.0659209595776247,0.18798259209597745,0.18798257143669161,0.0,0.02,0.01,0.0,0.03,0.03,0.0,1.6599557960449556,1.3057727668188646
high,2026-05-14 12:26:00-04:00,2026-05-14 12:27:00-04:00,2026-05-14 12:29:00-04:00,-0.003016399014359794,234.68,234.7269383468,234.37484793927982,234.32797531344045,4,stop_loss,alpaca_personal_api,-1.2206082428807576,0.18762193917575587,0.1876219513817432,0.0,0.02,0.01,0.0,0.03,0.03,0.0,-1.6258521334382567,1.476713906912754
high,2026-05-14 13:06:00-04:00,2026-05-14 13:07:00-04:00,2026-05-14 13:07:00-04:00,-0.0025471217524197787,234.94,234.9869903494,234.6345098638759,234.58758530824824,4,stop_loss,alpaca_personal_api,-1.221960544496369,0.18782980394553306,0.1878298161651628,0.0,0.02,0.01,0.0,0.03,0.03,0.0,-1.627620164607065,1.4813009903465815
high,2026-05-14 13:08:00-04:00,2026-05-14 13:09:00-04:00,2026-05-14 13:10:00-04:00,-0.00403499830105325,234.49,234.5369003449,234.18509499438267,234.13826031723474,4,stop_loss,alpaca_personal_api,-1.2196200224693712,0.1874700379977412,0.18747005019395147,0.0,0.02,0.01,0.0,0.03,0.03,0.0,-1.6245601106610639,1.7544699343925905
high,2026-05-14 13:11:00-04:00,2026-05-14 13:12:00-04:00,2026-05-14 13:12:00-04:00,-0.004000680966973147,234.01,234.0568043401,233.70571913358987,233.65898032682034,4,stop_loss,alpaca_personal_api,-1.2171234656404977,0.18708628765341473,0.18708629982472758,0.0,0.02,0.01,0.0,0.03,0.03,0.0,-1.62129605311864,1.6727646114625625
high,2026-05-14 13:13:00-04:00,2026-05-14 13:14:00-04:00,2026-05-14 13:14:00-04:00,-0.0023028700584247774,233.91,233.9567843391,233.60584916259137,233.55913032881736,4,stop_loss,alpaca_personal_api,-1.2166033496345108,0.1870063396650039,0.18700635183108716,0.0,0.02,0.01,0.0,0.03,0.03,0.0,-1.6206160411306019,1.5652629591162308
high,2026-05-14 13:15:00-04:00,2026-05-14 13:16:00-04:00,2026-05-14 13:16:00-04:00,-0.005158594815825368,233.39,233.43668033389997,233.08652531339914,233.0399103392017,4,stop_loss,alpaca_personal_api,-1.2138987464034017,0.18659061012533584,0.18659062226436163,0.0,0.02,0.01,0.0,0.03,0.03,0.0,-1.6170799787930992,1.6058739264217485
high,2026-05-14 13:17:00-04:00,2026-05-14 13:18:00-04:00,2026-05-14 13:19:00-04:00,-0.0031679438332120613,232.85,232.89657232849999,232.54722747000724,232.50072034998553,4,stop_loss,alpaca_personal_api,-1.2110901199710042,0.18615889098794014,0.18615890309888528,0.0,0.02,0.01,0.0,0.03,0.03,0.0,-1.6134079140578297,1.9311111990965155
high,2026-05-14 14:01:00-04:00,2026-05-14 14:02:00-04:00,2026-05-14 14:03:00-04:00,-0.002260127931769773,234.01,234.0568043401,233.70571913358987,233.65898032682034,4,stop_loss,alpaca_personal_api,-1.2171234656404977,0.18708628765341473,0.18708629982472758,0.0,0.02,0.01,0.0,0.03,0.03,0.0,-1.62129605311864,1.6480936365173091
high,2026-05-15 09:46:00-04:00,2026-05-15 09:47:00-04:00,2026-05-15 09:47:00-04:00,-0.006633352496351663,224.6,224.644922246,224.307954862631,224.263095514738,4,stop_loss,alpaca_personal_api,-1.1681805494760056,0.17956318194501364,0.17956319362690465,0.0,0.02,0.01,0.0,0.03,0.03,0.0,-1.557306925047924,1.8943105658918102
high,2026-05-15 10:52:00-04:00,2026-05-15 10:53:00-04:00,2026-05-15 10:55:00-04:00,-0.004320225709751324,225.89,225.9351802589,226.3870506194178,226.34177547316443,4,take_profit,alpaca_personal_api,1.9882024776712797,0.18091082024784555,0.18091080036572293,0.0,0.02,0.01,0.0,0.03,0.03,0.0,1.5963808570577112,1.8174749544970223
high,2026-05-15 12:52:00-04:00,2026-05-15 12:53:00-04:00,2026-05-15 12:54:00-04:00,-0.0026720399491874103,227.68,227.7255382768,227.38394996938482,227.33847545323044,4,stop_loss,alpaca_personal_api,-1.1842001224607657,0.18202557998768043,0.1820255918297562,0.0,0.02,0.01,0.0,0.03,0.03,0.0,-1.5782512942782023,1.5730952127165763
high,2026-05-15 14:19:00-04:00,2026-05-15 14:20:00-04:00,2026-05-15 14:22:00-04:00,-0.004722908271588944,229.7,229.74594229699997,230.20543418159397,230.159395396812,4,take_profit,alpaca_personal_api,2.0217367263759343,0.1839621736726258,0.1839621534552407,0.0,0.02,0.01,0.0,0.03,0.03,0.0,1.6238123992480678,1.6025098329717622
high,2026-05-15 14:31:00-04:00,2026-05-15 14:32:00-04:00,2026-05-15 14:36:00-04:00,-0.003394994559303588,228.93,228.97578828930003,229.03,228.98419629030002,4,max_holding,alpaca_personal_api,0.39999999999997726,0.18318399999998292,0.18318399600002522,0.0,0.02,0.01,0.0,0.03,0.03,0.0,0.00363200399996913,1.7056151591752389
high,2026-05-15 14:41:00-04:00,2026-05-15 14:42:00-04:00,2026-05-15 14:45:00-04:00,-0.002008470506047244,228.59,228.63572028590002,228.2927667054712,228.24711043505778,4,stop_loss,alpaca_personal_api,-1.188933178115235,0.1827531066821848,0.1827531185715543,0.0,0.02,0.01,0.0,0.03,0.03,0.0,-1.5844394033689742,1.2707521690288965
high,2026-05-15 15:07:00-04:00,2026-05-15 15:08:00-04:00,2026-05-15 15:09:00-04:00,-0.0025401830683660087,227.76,227.80555427759998,227.4638459461836,227.4183554516328,4,stop_loss,alpaca_personal_api,-1.184616215265578,0.1820895383784773,0.1820895502246458,0.0,0.02,0.01,0.0,0.03,0.03,0.0,-1.578795303868701,1.9401556647468685
high,2026-05-15 15:20:00-04:00,2026-05-15 15:21:00-04:00,2026-05-15 15:21:00-04:00,-0.00421366808585355,226.89,226.93538026889996,226.59497719849662,226.5496604690067,4,stop_loss,alpaca_personal_api,-1.1800912060134578,0.18139399087931452,0.18139400268023564,0.0,0.02,0.01,0.0,0.03,0.03,0.0,-1.572879199573008,1.403585284614713
high,2026-05-15 15:23:00-04:00,2026-05-15 15:24:00-04:00,2026-05-15 15:28:00-04:00,-0.002859908482928608,226.63,226.6753282663,226.73,226.6846562673,4,max_holding,alpaca_personal_api,0.39999999999997726,0.1813439999999673,0.1813439960000096,0.0,0.02,0.01,0.0,0.03,0.03,0.0,0.007312004000000344,1.306475300400534
high,2026-05-15 15:46:00-04:00,2026-05-15 15:47:00-04:00,2026-05-15 15:48:00-04:00,-0.003257042253521081,226.44,226.4852902644,226.1455623290034,226.10033547799324,4,stop_loss,alpaca_personal_api,-1.1777506839863463,0.18103422493152266,0.18103423670913799,0.0,0.02,0.01,0.0,0.03,0.03,0.0,-1.569819145627007,1.778209438426099
high,2026-05-18 09:44:00-04:00,2026-05-18 09:45:00-04:00,2026-05-18 09:45:00-04:00,-0.008802972662125153,224.05,224.0948122405,223.75867002213926,223.71392052572153,4,stop_loss,alpaca_personal_api,-1.1653199114430208,0.17912346800881096,0.1791234796620529,0.0,0.02,0.01,0.0,0.03,0.03,0.0,-1.5535668591138847,1.4362980295355394
high,2026-05-18 10:24:00-04:00,2026-05-18 10:25:00-04:00,2026-05-18 10:25:00-04:00,-0.0047595747520128295,223.73,223.77474823729997,223.43908611494405,223.39440053211192,4,stop_loss,alpaca_personal_api,-1.1636555402237718,0.17886763444596454,0.1788676460824945,0.0,0.02,0.01,0.0,0.03,0.03,0.0,-1.551390820752231,1.4071402905695403
high,2026-05-18 10:26:00-04:00,2026-05-18 10:27:00-04:00,2026-05-18 10:27:00-04:00,-0.006636379832531625,223.03,223.0746082303,222.73999631795454,222.6954505460909,4,stop_loss,alpaca_personal_api,-1.1600147281818636,0.17830799852720247,0.17830801012723896,0.0,0.02,0.01,0.0,0.03,0.03,0.0,-1.546630736836305,1.449708622867048
high,2026-05-18 10:29:00-04:00,2026-05-18 10:30:00-04:00,2026-05-18 10:31:00-04:00,-0.005229283990346056,222.55,222.5945122255,222.26062045716176,222.21617055567654,4,stop_loss,alpaca_personal_api,-1.15751817135299,0.177924248182876,0.17792425975801507,0.0,0.02,0.01,0.0,0.03,0.03,0.0,-1.5433666792938812,1.4451921418417781
high,2026-05-18 10:32:00-04:00,2026-05-18 10:33:00-04:00,2026-05-18 10:33:00-04:00,-0.004576043068640678,221.88,221.9243782188,221.5914916514718,221.54717556905646,4,stop_loss,alpaca_personal_api,-1.15403339411273,0.17738859666053486,0.17738860820088576,0.0,0.02,0.01,0.0,0.03,0.03,0.0,-1.5388105989741507,1.5508861386138615
high,2026-05-18 10:34:00-04:00,2026-05-18 10:35:00-04:00,2026-05-18 10:35:00-04:00,-0.0070090308666936885,221.04,221.0842102104,220.7525838950844,220.70843558583124,4,stop_loss,alpaca_personal_api,-1.149664419662372,0.1767170335579067,0.17671704505471553,0.0,0.02,0.01,0.0,0.03,0.03,0.0,-1.5330984982749942,1.901631188118812
high,2026-05-18 10:36:00-04:00,2026-05-18 10:37:00-04:00,2026-05-18 10:37:00-04:00,-0.006342209427851686,220.88,220.9241782088,221.3660265652176,221.32175557356481,4,take_profit,alpaca_personal_api,1.9441062608703987,0.17689841062610867,0.1768983911849773,0.0,0.02,0.01,0.0,0.03,0.03,0.0,1.5603094590593127,1.7647405891834342
high,2026-05-18 12:01:00-04:00,2026-05-18 12:02:00-04:00,2026-05-18 12:03:00-04:00,-0.003236245954692518,221.79,221.83436021789998,221.50160867757316,221.45731057085374,4,stop_loss,alpaca_personal_api,-1.1535652897073305,0.1773166434710447,0.17731665500662075,0.0,0.02,0.01,0.0,0.03,0.03,0.0,-1.538198588184996,1.259204932914139
high,2026-05-18 12:25:00-04:00,2026-05-18 12:26:00-04:00,2026-05-18 12:26:00-04:00,-0.0060625112268726244,221.32,221.36426621319998,221.0322198138802,220.98801558023965,4,stop_loss,alpaca_personal_api,-1.151120744479158,0.1769408879255252,0.17694089943665858,0.0,0.02,0.01,0.0,0.03,0.03,0.0,-1.5350025318413418,1.62240578449992
high,2026-05-18 12:27:00-04:00,2026-05-18 12:28:00-04:00,2026-05-18 12:28:00-04:00,-0.007641136281912875,220.78,220.8241582078,220.4929219704883,220.44882559102345,4,stop_loss,alpaca_personal_api,-1.1483121180467606,0.1765091687881295,0.17650918027129592,0.0,0.02,0.01,0.0,0.03,0.03,0.0,-1.531330467106186,1.9664381996156788
high,2026-05-18 12:29:00-04:00,2026-05-18 12:30:00-04:00,2026-05-18 12:30:00-04:00,-0.007752636797980883,220.16,220.2040342016,219.8737281502976,219.82975560340483,4,stop_loss,alpaca_personal_api,-1.145087398809551,0.1760134912601643,0.17601350271092997,0.0,0.02,0.01,0.0,0.03,0.03,0.0,-1.5271143927806452,1.8287142031305585
high,2026-05-18 12:32:00-04:00,2026-05-18 12:33:00-04:00,2026-05-18 12:34:00-04:00,-0.003578222665096442,220.0,220.0440022,219.71393619670002,219.66999560660003,4,stop_loss,alpaca_personal_api,-1.1442552131999264,0.17588557447868425,0.17588558592126446,0.0,0.02,0.01,0.0,0.03,0.03,0.0,-1.5260263735998751,1.4172511989214351
high,2026-05-18 13:12:00-04:00,2026-05-18 13:13:00-04:00,2026-05-18 13:14:00-04:00,-0.003556636052584161,221.32,221.36426621319998,221.0322198138802,220.98801558023965,4,stop_loss,alpaca_personal_api,-1.151120744479158,0.1769408879255252,0.17694089943665858,0.0,0.02,0.01,0.0,0.03,0.03,0.0,-1.5350025318413418,1.5176648453662935
high,2026-05-18 14:02:00-04:00,2026-05-18 14:03:00-04:00,2026-05-18 14:06:00-04:00,-0.003437203202026229,220.35,220.39407220349997,220.06348109519473,220.0194705996105,4,stop_loss,alpaca_personal_api,-1.146075619221051,0.17616539243806528,0.1761654038988354,0.0,0.02,0.01,0.0,0.03,0.03,0.0,-1.5284064155579518,1.7932217932217933
high,2026-05-18 14:38:00-04:00,2026-05-18 14:39:00-04:00,2026-05-18 14:40:00-04:00,-0.002953874119518307,219.41,219.4538841941,219.12470336780885,219.0808806183823,4,stop_loss,alpaca_personal_api,-1.1411865287645924,0.17541388134713998,0.17541389275902475,0.0,0.02,0.01,0.0,0.03,0.03,0.0,-1.5220143028707571,1.4902876603493598
high,2026-05-18 14:49:00-04:00,2026-05-18 14:50:00-04:00,2026-05-18 14:50:00-04:00,-0.0029645170117666986,218.6,218.643722186,218.315756602721,218.27209563455804,4,stop_loss,alpaca_personal_api,-1.1369735891159962,0.17476630264104642,0.17476631401075338,0.0,0.02,0.01,0.0,0.03,0.03,0.0,-1.516506205767796,1.4449472910637697
high,2026-05-19 10:06:00-04:00,2026-05-19 10:07:00-04:00,2026-05-19 10:07:00-04:00,-0.005318423564707575,218.81,218.8537641881,218.52548354181786,218.48178063036434,4,stop_loss,alpaca_personal_api,-1.1380658327285573,0.17493419341678873,0.17493420479729593,0.0,0.02,0.01,0.0,0.03,0.03,0.0,-1.517934230942642,1.2628943173217824
high,2026-05-19 10:17:00-04:00,2026-05-19 10:18:00-04:00,2026-05-19 10:18:00-04:00,-0.004656046012689874,218.04,218.0836101804,218.5197774007608,218.47607563047842,4,take_profit,alpaca_personal_api,1.919109603043239,0.17462391096034935,0.17462389176921533,0.0,0.02,0.01,0.0,0.03,0.03,0.0,1.5398618003136744,1.9787591187396318
high,2026-05-19 10:47:00-04:00,2026-05-19 10:48:00-04:00,2026-05-19 10:49:00-04:00,-0.004280510018214945,218.62,218.6637261862,219.10105363857238,219.05723561885523,4,take_profit,alpaca_personal_api,1.924214554289506,0.17508842145537074,0.17508840221319133,0.0,0.02,0.01,0.0,0.03,0.03,0.0,1.5440377306209438,1.3465872948330897
high,2026-05-19 13:47:00-04:00,2026-05-19 13:48:00-04:00,2026-05-19 13:52:00-04:00,-0.0042465692190784,222.73,222.77454822729996,222.440386404959,222.3959005520819,4,stop_loss,alpaca_personal_api,-1.158454380163903,0.17806815456185632,0.1780681661464314,0.0,0.02,0.01,0.0,0.03,0.03,0.0,-1.5445907008721906,1.4367286968083621
high,2026-05-19 13:53:00-04:00,2026-05-19 13:54:00-04:00,2026-05-19 13:54:00-04:00,-0.0035880875493362607,222.16,222.20443422159997,221.8711275702676,221.82675556346481,4,stop_loss,alpaca_personal_api,-1.1554897189296298,0.1776124510280397,0.1776124625829425,0.0,0.02,0.01,0.0,0.03,0.03,0.0,-1.540714632540612,1.3586177952662755
high,2026-05-19 14:56:00-04:00,2026-05-19 14:57:00-04:00,2026-05-19 15:01:00-04:00,-0.003187000628422698,222.09,222.1344202209,222.37,222.32552822370002,4,max_holding,alpaca_personal_api,1.1200000000000045,0.17778399999997418,0.17778398880000168,0.0,0.02,0.01,0.0,0.03,0.03,0.0,0.7344320112000287,1.4005572518038802
high,2026-05-19 15:18:00-04:00,2026-05-19 15:19:00-04:00,2026-05-19 15:22:00-04:00,-0.002832988578109541,221.74,221.7843502174,221.4516736920739,221.40738557185222,4,stop_loss,alpaca_personal_api,-1.153305231704394,0.17727666947689613,0.17727668100985738,0.0,0.02,0.01,0.0,0.03,0.03,0.0,-1.5378585821911475,1.4023613627670772
high,2026-05-19 15:23:00-04:00,2026-05-19 15:24:00-04:00,2026-05-19 15:25:00-04:00,-0.002119503945885004,221.25,221.2942522125,220.96231083418127,220.91812058163754,4,stop_loss,alpaca_personal_api,-1.150756663274933,0.176884924333649,0.17688493584125808,0.0,0.02,0.01,0.0,0.03,0.03,0.0,-1.5345265234498402,1.2672474160387663
high,2026-05-19 15:36:00-04:00,2026-05-19 15:37:00-04:00,2026-05-19 15:41:00-04:00,-0.0038274495677234066,221.24,221.2842502124,221.27,221.22574821270004,4,max_holding,alpaca_personal_api,0.12000000000000455,0.17700399999989713,0.17700399879993256,0.0,0.02,0.01,0.0,0.03,0.03,0.0,-0.26400799879982517,1.3300064314809081
high,2026-05-19 15:51:00-04:00,2026-05-19 15:52:00-04:00,2026-05-19 15:53:00-04:00,-0.0024425547313190465,220.54,220.58411020539998,220.25323404009188,220.20918559581622,4,stop_loss,alpaca_personal_api,-1.1470638396324375,0.17631729361596626,0.17631730508662713,0.0,0.02,0.01,0.0,0.03,0.03,0.0,-1.529698438335031,1.5062028923176174
high,2026-05-20 09:55:00-04:00,2026-05-20 09:56:00-04:00,2026-05-20 09:56:00-04:00,-0.0036580409158650795,220.61,220.65412420610002,221.09543245451223,221.05121557897567,4,take_profit,alpaca_personal_api,1.9417298180488842,0.17668217298182753,0.1766821535644567,0.0,0.02,0.01,0.0,0.03,0.03,0.0,1.5583654915026,1.31668064185775
high,2026-05-20 10:24:00-04:00,2026-05-20 10:25:00-04:00,2026-05-20 10:27:00-04:00,-0.003928922225198694,223.12,223.1646262312,223.6109554836624,223.5662355286752,4,take_profit,alpaca_personal_api,1.963821934649559,0.17869238219350336,0.17869236255523901,0.0,0.02,0.01,0.0,0.03,0.03,0.0,1.5764371899008165,1.2814563434783943
high,2026-05-20 12:16:00-04:00,2026-05-20 12:17:00-04:00,2026-05-20 12:18:00-04:00,-0.002269187986651766,224.24,224.2848502424,223.94842296703644,223.90363552192727,4,stop_loss,alpaca_personal_api,-1.1663081318542936,0.17927536918682563,0.17927538084984462,0.0,0.02,0.01,0.0,0.03,0.03,0.0,-1.5548588818909639,1.515976203935503
high,2026-05-20 12:19:00-04:00,2026-05-20 12:20:00-04:00,2026-05-20 12:21:00-04:00,-0.002316567915534362,223.98,224.0247982398,223.6887610424403,223.6440255271194,4,stop_loss,alpaca_personal_api,-1.164955830238796,0.17906750441704844,0.1790675160665387,0.0,0.02,0.01,0.0,0.03,0.03,0.0,-1.553090850722383,1.4781159706681906
high,2026-05-20 12:48:00-04:00,2026-05-20 12:49:00-04:00,2026-05-20 12:52:00-04:00,-0.0036497974807495615,223.87,223.9147762387,224.3626057911774,224.3177355136452,4,take_profit,alpaca_personal_api,1.9704231647095867,0.17929304231654442,0.17929302261222801,0.0,0.02,0.01,0.0,0.03,0.03,0.0,1.5818370997808142,1.2853596743577198
high,2026-05-20 14:25:00-04:00,2026-05-20 14:26:00-04:00,2026-05-20 14:30:00-04:00,-0.002008390609658073,223.63,223.67472823629998,223.99,223.9452042399,4,max_holding,alpaca_personal_api,1.4400000000000546,0.17904799999996612,0.1790479856000502,0.0,0.02,0.01,0.0,0.03,0.03,0.0,1.0519040144000382,1.4518384856803837
high,2026-05-20 14:41:00-04:00,2026-05-20 14:42:00-04:00,2026-05-20 14:42:00-04:00,-0.002099807889916483,223.36,223.40467423360002,223.06956722224965,223.02495553950087,4,stop_loss,alpaca_personal_api,-1.1617311110014725,0.17857182688885587,0.17857183850628644,0.0,0.02,0.01,0.0,0.03,0.03,0.0,-1.5488747763966149,1.9736982682426985
high,2026-05-20 14:45:00-04:00,2026-05-20 14:46:00-04:00,2026-05-20 14:46:00-04:00,-0.003535308332587528,222.67,222.71453622669998,222.38046442235995,222.33599055328014,4,stop_loss,alpaca_personal_api,-1.1581423105601516,0.17802018576890077,0.17802019735029262,0.0,0.02,0.01,0.0,0.03,0.03,0.0,-1.544182693679345,1.7409100552473342
high,2026-05-20 14:51:00-04:00,2026-05-20 14:52:00-04:00,2026-05-20 14:55:00-04:00,-0.0029652259861624453,221.91,221.95438421909998,222.39829298753818,222.35381555292363,4,take_profit,alpaca_personal_api,1.9531719501527505,0.17772331719493195,0.17772329766319217,0.0,0.02,0.01,0.0,0.03,0.03,0.0,1.5677253352946263,1.6974370117712647
high,2026-05-21 10:15:00-04:00,2026-05-21 10:16:00-04:00,2026-05-21 10:16:00-04:00,-0.012693304728703003,220.89,220.9341802089,220.60277893858665,220.55866058882674,4,stop_loss,alpaca_personal_api,-1.1488842456533348,0.1765971115753473,0.17659712306431175,0.0,0.02,0.01,0.0,0.03,0.03,0.0,-1.5320784802929939,1.5111077029150934
high,2026-05-21 10:17:00-04:00,2026-05-21 10:18:00-04:00,2026-05-21 10:18:00-04:00,-0.015395631936985343,220.0,220.0440022,219.71393619670002,219.66999560660003,4,stop_loss,alpaca_personal_api,-1.1442552131999264,0.17588557447868425,0.17588558592126446,0.0,0.02,0.01,0.0,0.03,0.03,0.0,-1.5260263735998751,1.5536818017714777
high,2026-05-21 10:19:00-04:00,2026-05-21 10:20:00-04:00,2026-05-21 10:20:00-04:00,-0.015239379635873185,219.05,219.09381219050002,218.7651714722143,218.72142062557157,4,stop_loss,alpaca_personal_api,-1.1393141111428804,0.17512606858883828,0.1751260799820784,0.0,0.02,0.01,0.0,0.03,0.03,0.0,-1.519566259713797,1.4682078649702899
high,2026-05-21 10:21:00-04:00,2026-05-21 10:22:00-04:00,2026-05-21 10:24:00-04:00,-0.00874648780929943,218.75,218.7937521875,218.46556155921874,218.42187063156254,4,stop_loss,alpaca_personal_api,-1.1377537631250334,0.1748862246236058,0.17488623600115716,0.0,0.02,0.01,0.0,0.03,0.03,0.0,-1.5175262237497964,1.414334691484366
high,2026-05-21 10:34:00-04:00,2026-05-21 10:35:00-04:00,2026-05-21 10:35:00-04:00,-0.003200438917337234,218.06,218.1036141806,218.53982140896122,218.49611563007764,4,take_profit,alpaca_personal_api,1.919285635844858,0.1746399285635789,0.1746399093707396,0.0,0.02,0.01,0.0,0.03,0.03,0.0,1.5400057979105395,1.5955167732099123
high,2026-05-21 11:07:00-04:00,2026-05-21 11:08:00-04:00,2026-05-21 11:09:00-04:00,-0.005417463352453744,218.46,218.50369418460002,218.17593864332312,218.13230563735382,4,stop_loss,alpaca_personal_api,-1.1362454267075464,0.1746543754574077,0.1746543868198387,0.0,0.02,0.01,0.0,0.03,0.03,0.0,-1.5155541889847928,1.676383249929185
high,2026-05-21 11:10:00-04:00,2026-05-21 11:11:00-04:00,2026-05-21 11:13:00-04:00,-0.0024199808227934883,218.48,218.5236981848,218.9607455811696,218.9169556216608,4,take_profit,alpaca_personal_api,1.9229823246784008,0.17497629823253646,0.17497627900263524,0.0,0.02,0.01,0.0,0.03,0.03,0.0,1.543029747443229,1.6584080823340572
high,2026-05-21 11:59:00-04:00,2026-05-21 12:00:00-04:00,2026-05-21 12:04:00-04:00,-0.002185692819088425,219.16,219.2038341916,219.64224185998322,219.59831560803363,4,take_profit,alpaca_personal_api,1.928967439932876,0.1755208967440467,0.1755208774543462,0.0,0.02,0.01,0.0,0.03,0.03,0.0,1.547925665734483,1.3894282250910903
high,2026-05-21 13:59:00-04:00,2026-05-21 14:00:00-04:00,2026-05-21 14:01:00-04:00,-0.0037473475100456843,220.64,220.68413020639997,221.12549846681276,221.0812755783744,4,take_profit,alpaca_personal_api,1.9419938672510852,0.17670619938667187,0.17670617996668625,0.0,0.02,0.01,0.0,0.03,0.03,0.0,1.558581487897727,1.8101695065613654
high,2026-05-21 14:10:00-04:00,2026-05-21 14:11:00-04:00,2026-05-21 14:13:00-04:00,-0.002082013216257894,220.48,220.52409820479997,220.1933120574928,220.14927559701442,4,stop_loss,alpaca_personal_api,-1.1467517700288,0.17626932482289703,0.17626933629048835,0.0,0.02,0.01,0.0,0.03,0.03,0.0,-1.5292904311421853,1.4948428924871013
high,2026-05-21 14:14:00-04:00,2026-05-21 14:15:00-04:00,2026-05-21 14:17:00-04:00,-0.00421233807410093,219.84,219.8839701984,219.5541442431024,219.51023560979525,4,stop_loss,alpaca_personal_api,-1.1434230275904156,0.1757576576972042,0.17575766913137159,0.0,0.02,0.01,0.0,0.03,0.03,0.0,-1.5249383544189914,1.5293769688320102
high,2026-05-21 14:33:00-04:00,2026-05-21 14:34:00-04:00,2026-05-21 14:38:00-04:00,-0.0026351658337119277,219.54,219.5839101954,219.58,219.53608619580004,4,max_holding,alpaca_personal_api,0.16000000000008185,0.1756479999999101,0.17564799839999523,0.0,0.02,0.01,0.0,0.03,0.03,0.0,-0.22129599839982347,1.3891128503344847
high,2026-05-21 14:53:00-04:00,2026-05-21 14:54:00-04:00,2026-05-21 14:54:00-04:00,-0.0025083230720117644,218.72,218.76374618719998,218.4356005679192,218.39191563216164,4,stop_loss,alpaca_personal_api,-1.1375977283231578,0.17486224022718488,0.17486225160303093,0.0,0.02,0.01,0.0,0.03,0.03,0.0,-1.5173222201533736,1.683315311644018
high,2026-05-21 14:56:00-04:00,2026-05-21 14:57:00-04:00,2026-05-21 15:01:00-04:00,-0.0033728350045578726,218.64,218.68373018639997,219.12109764677277,219.0772756184544,4,take_profit,alpaca_personal_api,1.9243905870911249,0.17510443905871398,0.17510441981471558,0.0,0.02,0.01,0.0,0.03,0.03,0.0,1.5441817282176953,1.3715816512750587
high,2026-05-22 09:48:00-04:00,2026-05-22 09:49:00-04:00,2026-05-22 09:51:00-04:00,-0.008154525989704342,217.73,217.77354817729997,217.44688785503402,217.4034006519319,4,stop_loss,alpaca_personal_api,-1.1324485798638761,0.17407075514199732,0.17407076646645692,0.0,0.02,0.01,0.0,0.03,0.03,0.0,-1.5105901014723304,1.6566483248367971
high,2026-05-22 10:01:00-04:00,2026-05-22 10:02:00-04:00,2026-05-22 10:02:00-04:00,-0.003815741081279911,216.7,216.74334216699998,216.41822715374948,216.374945672501,4,stop_loss,alpaca_personal_api,-1.1270913850020179,0.17324729086146817,0.17324730213238126,0.0,0.02,0.01,0.0,0.03,0.03,0.0,-1.5035859779958674,1.3302649415787653
high,2026-05-22 10:05:00-04:00,2026-05-22 10:06:00-04:00,2026-05-22 10:06:00-04:00,-0.0057132325838554765,215.78,215.8231581578,215.49942342056332,215.45632569087343,4,stop_loss,alpaca_personal_api,-1.1223063177467338,0.1725117693682705,0.17251178059132144,0.0,0.02,0.01,0.0,0.03,0.03,0.0,-1.4973298677063258,1.844138592359652
high,2026-05-22 10:23:00-04:00,2026-05-22 10:24:00-04:00,2026-05-22 10:24:00-04:00,-0.003891951999258736,215.0,215.04300215,215.4730881543,215.42999569140002,4,take_profit,alpaca_personal_api,1.8923526172000038,0.17218923526172603,0.17218921633821083,0.0,0.02,0.01,0.0,0.03,0.03,0.0,1.517974165600067,1.7267931142646824
high,2026-05-22 11:48:00-04:00,2026-05-22 11:49:00-04:00,2026-05-22 11:51:00-04:00,-0.0029909810417817484,216.67,216.7133361667,217.1467628390334,217.10333565793326,4,take_profit,alpaca_personal_api,1.9070513561337066,0.17352670513560042,0.17352668606508814,0.0,0.02,0.01,0.0,0.03,0.03,0.0,1.529997964933018,1.89665029762164
high,2026-05-22 13:36:00-04:00,2026-05-22 13:37:00-04:00,2026-05-22 13:41:00-04:00,-0.004043002848479249,216.78,216.8233581678,216.65,216.60667216650003,4,max_holding,alpaca_personal_api,-0.5199999999999818,0.1733719999999721,0.17337200519989437,0.0,0.02,0.01,0.0,0.03,0.03,0.0,-0.8967440051998483,1.7661759209499104
high,2026-05-22 13:50:00-04:00,2026-05-22 13:51:00-04:00,2026-05-22 13:53:00-04:00,-0.0021245150563459214,216.06,216.1032141606,215.77905933935912,215.73590568528186,4,stop_loss,alpaca_personal_api,-1.1237626425635199,0.17273562373566165,0.17273563497337818,0.0,0.02,0.01,0.0,0.03,0.03,0.0,-1.4992339012725597,1.2589608846927682
high,2026-05-22 13:54:00-04:00,2026-05-22 13:55:00-04:00,2026-05-22 13:59:00-04:00,-0.003374318202828852,215.63,215.67312815629998,215.95,215.9068121595,4,max_holding,alpaca_personal_api,1.2799999999999727,0.17263199999990775,0.17263198720002038,0.0,0.02,0.01,0.0,0.03,0.03,0.0,0.9047360128000446,1.8047782465865532
high,2026-05-22 14:19:00-04:00,2026-05-22 14:20:00-04:00,2026-05-22 14:24:00-04:00,-0.002407630336142108,215.48,215.52309815479998,215.57,215.5268881557,4,max_holding,alpaca_personal_api,0.36000000000001364,0.17241999999998825,0.17241999639998085,0.0,0.02,0.01,0.0,0.03,0.03,0.0,-0.014839996399955452,1.3827888596483708
high,2026-05-26 09:53:00-04:00,2026-05-26 09:54:00-04:00,2026-05-26 09:58:00-04:00,-0.007014629193779154,215.18,215.22303815179998,215.35,215.3069321535,4,max_holding,alpaca_personal_api,0.67999999999995,0.17221199999994496,0.17221199319999414,0.0,0.02,0.01,0.0,0.03,0.03,0.0,0.30557600680001085,1.540636304821915
high,2026-05-26 10:01:00-04:00,2026-05-26 10:02:00-04:00,2026-05-26 10:02:00-04:00,-0.003623356714823278,214.47,214.5128961447,214.19112680048295,214.14829071703414,4,stop_loss,alpaca_personal_api,-1.1154927980682032,0.17146445072012284,0.17146446187507536,0.0,0.02,0.01,0.0,0.03,0.03,0.0,-1.4884217106634015,1.4075516487059216
high,2026-05-26 11:01:00-04:00,2026-05-26 11:02:00-04:00,2026-05-26 11:02:00-04:00,-0.004122087906998195,215.01,215.05300415009998,214.73042464387484,214.6874807062503,4,stop_loss,alpaca_personal_api,-1.1183014245006007,0.17189616985751854,0.1718961810405517,0.0,0.02,0.01,0.0,0.03,0.03,0.0,-1.492093775398671,1.4960470953504614
high,2026-05-26 11:03:00-04:00,2026-05-26 11:04:00-04:00,2026-05-26 11:06:00-04:00,-0.003989978658253568,214.67,214.71293614669997,214.39086674247994,214.34799071304013,4,stop_loss,alpaca_personal_api,-1.116533030080177,0.17162434669694449,0.1716243578622425,0.0,0.02,0.01,0.0,0.03,0.03,0.0,-1.489781734639364,1.359856215604028
high,2026-05-26 11:09:00-04:00,2026-05-26 11:10:00-04:00,2026-05-26 11:10:00-04:00,-0.002982848620432632,213.91,213.95278413909998,213.63185496289134,213.58913072821733,4,stop_loss,alpaca_personal_api,-1.1125801484346312,0.17101674198511319,0.17101675311084819,0.0,0.02,0.01,0.0,0.03,0.03,0.0,-1.4846136435305926,1.2777054305579603
high,2026-05-26 11:40:00-04:00,2026-05-26 11:41:00-04:00,2026-05-26 11:42:00-04:00,-0.00331033196568431,213.78,213.8227581378,213.5020240005933,213.45932573081345,4,stop_loss,alpaca_personal_api,-1.1119039976267686,0.17091280960016775,0.1709128207193089,0.0,0.02,0.01,0.0,0.03,0.03,0.0,-1.4837296279462453,1.4222007825481053
high,2026-05-26 11:43:00-04:00,2026-05-26 11:44:00-04:00,2026-05-26 11:48:00-04:00,-0.002665045820085976,213.31,213.3526641331,213.45,213.4073121345,4,max_holding,alpaca_personal_api,0.5599999999999454,0.17070400000000063,0.17070399440001438,0.0,0.02,0.01,0.0,0.03,0.03,0.0,0.18859200559993042,1.4964455400844183
high,2026-05-26 11:53:00-04:00,2026-05-26 11:54:00-04:00,2026-05-26 11:54:00-04:00,-0.0028109627547434624,212.84,212.8825701284,212.56324627320743,212.52073574958524,4,stop_loss,alpaca_personal_api,-1.10701490717031,0.17016129850935613,0.17016130957938458,0.0,0.02,0.01,0.0,0.03,0.03,0.0,-1.4773375152590507,1.5585492637754514
high,2026-05-26 11:55:00-04:00,2026-05-26 11:56:00-04:00,2026-05-26 11:57:00-04:00,-0.004687792987061679,212.33,212.3724681233,212.7972130595466,212.75465574490684,4,take_profit,alpaca_personal_api,1.8688522381863777,0.170050885223759,0.1700508665352345,0.0,0.02,0.01,0.0,0.03,0.03,0.0,1.4987504864273842,1.9887515662376125
high,2026-05-26 12:14:00-04:00,2026-05-26 12:15:00-04:00,2026-05-26 12:15:00-04:00,-0.0023039307880383664,212.19,212.2324401219,211.91409146171716,211.87171076256573,4,stop_loss,alpaca_personal_api,-1.1036341531313383,0.16964163658474263,0.1696416476210061,0.0,0.02,0.01,0.0,0.03,0.03,0.0,-1.472917437337087,1.9164438735315428
high,2026-05-26 13:40:00-04:00,2026-05-26 13:41:00-04:00,2026-05-26 13:45:00-04:00,-0.002016601791492656,212.8,212.842562128,213.268247252256,213.225595735488,4,take_profit,alpaca_personal_api,1.8729890090239678,0.17042729890090413,0.17042728017099762,0.0,0.02,0.01,0.0,0.03,0.03,0.0,1.502134429952066,1.4531425638226676
high,2026-05-26 13:56:00-04:00,2026-05-26 13:57:00-04:00,2026-05-26 14:01:00-04:00,-0.0026694141338453603,212.95,212.9925921295,212.67310324130577,212.63057074738853,4,stop_loss,alpaca_personal_api,-1.1075870347768841,0.17024924129657393,0.1702492523724004,0.0,0.02,0.01,0.0,0.03,0.03,0.0,-1.4780855284458585,1.395452851285874
high,2026-05-26 14:32:00-04:00,2026-05-26 14:33:00-04:00,2026-05-26 14:37:00-04:00,-0.0020122607515560276,213.26,213.30265413259997,213.41,213.3673201341,4,max_holding,alpaca_personal_api,0.6000000000000227,0.17066799999997784,0.1706679939999276,0.0,0.02,0.01,0.0,0.03,0.03,0.0,0.2286640060001173,1.2706416416682151
high,2026-05-27 10:59:00-04:00,2026-05-27 11:00:00-04:00,2026-05-27 11:01:00-04:00,-0.005526704464243193,208.74,208.78175008739998,209.19931358757478,209.15747581685042,4,take_profit,alpaca_personal_api,1.8372543502990766,0.16717572543495862,0.16717570706236984,0.0,0.02,0.01,0.0,0.03,0.03,0.0,1.472902917801748,1.3875123634330755
high,2026-05-27 11:39:00-04:00,2026-05-27 11:40:00-04:00,2026-05-27 11:44:00-04:00,-0.003096860260136114,209.24,209.28185009240002,209.38,209.33812609379999,4,max_holding,alpaca_personal_api,0.5599999999999454,0.1674480000000358,0.16744799440004954,0.0,0.02,0.01,0.0,0.03,0.03,0.0,0.1951040055998601,1.3214399284736593
high,2026-05-27 13:44:00-04:00,2026-05-27 13:45:00-04:00,2026-05-27 13:47:00-04:00,-0.0024046395398179543,211.57,211.61231611569997,212.03554074793138,211.99313576013722,4,take_profit,alpaca_personal_api,1.8621629917255405,0.16944221629910317,0.16944219767742652,0.0,0.02,0.01,0.0,0.03,0.03,0.0,1.4932785777490107,1.5836388113308282
high,2026-05-27 15:00:00-04:00,2026-05-27 15:01:00-04:00,2026-05-27 15:04:00-04:00,-0.002395603363239185,212.38,212.4224781238,212.8473230800476,212.80475574390482,4,take_profit,alpaca_personal_api,1.869292320190425,0.17009092923206026,0.17009091053910197,0.0,0.02,0.01,0.0,0.03,0.03,0.0,1.4991104804192628,1.474024854948969
high,2026-05-27 15:20:00-04:00,2026-05-27 15:21:00-04:00,2026-05-27 15:25:00-04:00,-0.00249294449670745,212.07,212.1124161207,211.95,211.9076121195,4,max_holding,alpaca_personal_api,-0.4800000000000182,0.16960800000003928,0.16960800480001126,0.0,0.02,0.01,0.0,0.03,0.03,0.0,-0.8492160048000688,1.8746055030949826
high,2026-05-27 15:51:00-04:00,2026-05-27 15:52:00-04:00,2026-05-27 15:54:00-04:00,-0.0030997557768175366,212.25,212.29245212249998,211.97401344431626,211.93162076136753,4,stop_loss,alpaca_personal_api,-1.103946222734976,0.16968960537769817,0.16968961641714486,0.0,0.02,0.01,0.0,0.03,0.03,0.0,-1.473325444529819,1.8304034148060024
high,2026-05-28 10:12:00-04:00,2026-05-28 10:13:00-04:00,2026-05-28 10:13:00-04:00,-0.002160537316236999,212.48,212.52249812479997,212.20371437761278,212.16127575677442,4,stop_loss,alpaca_personal_api,-1.1051424895488253,0.16987348575094074,0.16987349680243824,0.0,0.02,0.01,0.0,0.03,0.03,0.0,-1.4748894721022043,1.5814643484195254
high,2026-05-28 10:21:00-04:00,2026-05-28 10:22:00-04:00,2026-05-28 10:22:00-04:00,-0.004028480419711378,212.62,212.66252612620002,212.34353233701074,212.30106575397866,4,stop_loss,alpaca_personal_api,-1.1058706519570478,0.16998541293480685,0.1699854239935803,0.0,0.02,0.01,0.0,0.03,0.03,0.0,-1.475841488885435,1.2740465371112195
high,2026-05-28 12:32:00-04:00,2026-05-28 12:33:00-04:00,2026-05-28 12:37:00-04:00,-0.0029588577869622545,212.29,212.3324601229,212.61,212.5674801261,4,max_holding,alpaca_personal_api,1.2800000000000864,0.16996000000006006,0.16995998719994532,0.0,0.02,0.01,0.0,0.03,0.03,0.0,0.910080012800081,1.3006009949124864
high,2026-05-28 15:00:00-04:00,2026-05-28 15:01:00-04:00,2026-05-28 15:03:00-04:00,-0.0023318720268631354,213.92,213.96278613919998,213.64184195999118,213.5991157280176,4,stop_loss,alpaca_personal_api,-1.1126321600352185,0.17102473678392016,0.17102474791033728,0.0,0.02,0.01,0.0,0.03,0.03,0.0,-1.484681644729476,1.9329077652335385
high,2026-05-28 15:51:00-04:00,2026-05-28 15:52:00-04:00,2026-05-28 15:55:00-04:00,-0.002333831217326332,213.74,213.78275013740003,213.66,213.6172701366,4,max_holding,alpaca_personal_api,-0.32000000000005,0.17096000000003642,0.17096000319997984,0.0,0.02,0.01,0.0,0.03,0.03,0.0,-0.6919200032000663,1.5369330103521825
high,2026-05-29 10:26:00-04:00,2026-05-29 10:27:00-04:00,2026-05-29 10:28:00-04:00,-0.008081274532440563,214.79,214.8329601479,215.2626260681958,215.21957569560843,4,take_profit,alpaca_personal_api,1.8905042727832324,0.17202105042724725,0.172021031522263,0.0,0.02,0.01,0.0,0.03,0.03,0.0,1.5164621908337221,1.6020522710716776
high,2026-05-29 10:39:00-04:00,2026-05-29 10:40:00-04:00,2026-05-29 10:41:00-04:00,-0.006154842889536827,214.78,214.8229581478,214.5007237105783,214.45782571084342,4,stop_loss,alpaca_personal_api,-1.1171051576867512,0.17171228948427597,0.17171230065525833,0.0,0.02,0.01,0.0,0.03,0.03,0.0,-1.4905297478262856,1.4178340100541376
high,2026-05-29 11:20:00-04:00,2026-05-29 11:21:00-04:00,2026-05-29 11:25:00-04:00,-0.007943838906336542,214.79,214.8329601479,214.96,214.91701014960003,4,max_holding,alpaca_personal_api,0.6800000000000637,0.17189999999993688,0.17189999319998606,0.0,0.02,0.01,0.0,0.03,0.03,0.0,0.3062000068001407,1.7748354801010118
high,2026-05-29 11:44:00-04:00,2026-05-29 11:45:00-04:00,2026-05-29 11:49:00-04:00,-0.0025076623014766986,214.78,214.8229581478,214.95,214.9070121495,4,max_holding,alpaca_personal_api,0.67999999999995,0.17189199999995708,0.17189199320000625,0.0,0.02,0.01,0.0,0.03,0.03,0.0,0.3062160067999866,1.4987058424930797
high,2026-05-29 12:45:00-04:00,2026-05-29 12:46:00-04:00,2026-05-29 12:50:00-04:00,-0.0024857300681274674,216.7,216.74334216699998,216.45,216.4067121645,4,max_holding,alpaca_personal_api,-1.0,0.1732600000000275,0.17326000999992175,0.0,0.02,0.01,0.0,0.03,0.03,0.0,-1.3765200099999493,1.9682536842544716
high,2026-05-29 13:21:00-04:00,2026-05-29 13:22:00-04:00,2026-05-29 13:26:00-04:00,-0.0025857690354158525,216.02,216.0632061602,216.05,216.00679216050003,4,max_holding,alpaca_personal_api,0.12000000000000455,0.17282799999998133,0.17282799879990307,0.0,0.02,0.01,0.0,0.03,0.03,0.0,-0.2556559987998799,1.3953182104819408
high,2026-05-29 13:57:00-04:00,2026-05-29 13:58:00-04:00,2026-05-29 14:00:00-04:00,-0.002962277250636469,215.41,215.45308415409997,215.12990452786883,215.08688069826232,4,stop_loss,alpaca_personal_api,-1.120381888524662,0.17221596181104815,0.172215973014886,0.0,0.02,0.01,0.0,0.03,0.03,0.0,-1.494813823350596,1.4088701517706577
high,2026-05-29 14:01:00-04:00,2026-05-29 14:02:00-04:00,2026-05-29 14:06:00-04:00,-0.0020867145838164847,215.18,215.22303815179998,215.53,215.4868961553,4,max_holding,alpaca_personal_api,1.3999999999999773,0.17228399999999056,0.17228398599991124,0.0,0.02,0.01,0.0,0.03,0.03,0.0,1.0254320140000754,1.9906692394955992
high,2026-05-29 15:46:00-04:00,2026-05-29 15:47:00-04:00,2026-05-29 15:50:00-04:00,-0.0033155277214956813,216.44,216.48329016440002,216.15856522915342,216.11533567769325,4,stop_loss,alpaca_personal_api,-1.1257390833862928,0.17303942609169098,0.17303943734907534,0.0,0.02,0.01,0.0,0.03,0.03,0.0,-1.5018179468270592,1.5784711977140935
very_high,2026-05-01 09:50:00-04:00,2026-05-01 09:51:00-04:00,2026-05-01 09:51:00-04:00,-0.008589017972395974,199.7,199.739941997,199.4403320840045,199.40044601199102,5,stop_loss,alpaca_personal_api,-1.2983395799774655,0.19957016604195132,0.19957017902541452,0.0,0.03,0.01,0.0,0.04,0.04,0.0,-1.7374799250448314,2.528623519754166
very_high,2026-05-01 10:30:00-04:00,2026-05-01 10:31:00-04:00,2026-05-01 10:31:00-04:00,-0.0030650185910964245,198.42,198.4596859842,198.16199645522371,198.12236603755264,5,stop_loss,alpaca_personal_api,-1.2900177238813626,0.19829099822771923,0.1982910111277647,0.0,0.03,0.01,0.0,0.04,0.04,0.0,-1.7265997332368466,3.8055941498007355
very_high,2026-05-01 10:32:00-04:00,2026-05-01 10:33:00-04:00,2026-05-01 10:33:00-04:00,-0.009283420313127233,197.45,197.4894919745,197.884470958449,197.844896043102,5,take_profit,alpaca_personal_api,2.172354792244988,0.1976672354791731,0.19766721375575003,0.0,0.03,0.01,0.0,0.04,0.04,0.0,1.737020343010065,4.195647749095125
very_high,2026-05-01 10:34:00-04:00,2026-05-01 10:35:00-04:00,2026-05-01 10:36:00-04:00,-0.008690410408399019,197.35,197.38947197349998,197.09338776553975,197.05397105892052,5,stop_loss,alpaca_personal_api,-1.2830611723012453,0.1972216938827387,0.1972217067132931,0.0,0.03,0.01,0.0,0.04,0.04,0.0,-1.717504572897277,2.114186851211073
very_high,2026-05-01 11:26:00-04:00,2026-05-01 11:27:00-04:00,2026-05-01 11:31:00-04:00,-0.003409546730846369,198.76,198.7997539876,198.68,198.64026598680002,5,max_holding,alpaca_personal_api,-0.3999999999999204,0.1987200000000655,0.1987200039999948,0.0,0.03,0.01,0.0,0.04,0.04,0.0,-0.8374400039999808,5.483546442621167
very_high,2026-05-01 15:50:00-04:00,2026-05-01 15:51:00-04:00,2026-05-01 15:54:00-04:00,-0.0037620385232745024,198.62,198.6597259862,199.0570454381724,199.01723601965523,5,take_profit,alpaca_personal_api,2.1852271908619514,0.19883852271902924,0.19883850086671373,0.0,0.03,0.01,0.0,0.04,0.04,0.0,1.7475501672762084,2.3100361725892156
very_high,2026-05-04 11:00:00-04:00,2026-05-04 11:01:00-04:00,2026-05-04 11:04:00-04:00,-0.0025778406793367514,197.34,197.3794699734,197.7742289133468,197.73467604530643,5,take_profit,alpaca_personal_api,2.171144566734,0.19755711445668567,0.19755709274519972,0.0,0.03,0.01,0.0,0.04,0.04,0.0,1.7360303595321147,3.7921975351330963
very_high,2026-05-04 11:14:00-04:00,2026-05-04 11:15:00-04:00,2026-05-04 11:17:00-04:00,-0.003494909588208417,196.73,196.7693479673,196.47419394534907,196.43490107130194,5,stop_loss,alpaca_personal_api,-1.279030273254591,0.1966020969727822,0.19660210976297776,0.0,0.03,0.01,0.0,0.04,0.04,0.0,-1.712234479990351,2.930106991841687
very_high,2026-05-04 11:18:00-04:00,2026-05-04 11:19:00-04:00,2026-05-04 11:19:00-04:00,-0.004668391941949457,196.15,196.18923196149998,195.89494811355775,195.85577108288453,5,stop_loss,alpaca_personal_api,-1.2752594322112998,0.19602247405671847,0.19602248680925527,0.0,0.03,0.01,0.0,0.04,0.04,0.0,-1.7073043930772736,2.346803554411657
very_high,2026-05-04 11:20:00-04:00,2026-05-04 11:21:00-04:00,2026-05-04 11:21:00-04:00,-0.005696846388606347,195.48,195.51909795479997,195.2258193078678,195.18677609626442,5,stop_loss,alpaca_personal_api,-1.2709034606609748,0.19535290965379204,0.19535292236298574,0.0,0.03,0.01,0.0,0.04,0.04,0.0,-1.7016092926777526,2.6955089586104375
very_high,2026-05-04 11:22:00-04:00,2026-05-04 11:23:00-04:00,2026-05-04 11:23:00-04:00,-0.006006617459913377,195.26,195.29905395259996,195.00610537167108,194.96710610065782,5,stop_loss,alpaca_personal_api,-1.2694731416445393,0.19513305268574754,0.19513306538044617,0.0,0.03,0.01,0.0,0.04,0.04,0.0,-1.699739259710733,2.832267395500514
very_high,2026-05-05 10:39:00-04:00,2026-05-05 10:40:00-04:00,2026-05-05 10:44:00-04:00,-0.004341241797072071,197.22,197.2594459722,196.96355680324172,196.92416606151664,5,stop_loss,alpaca_personal_api,-1.282215983791417,0.1970917784015569,0.197091791223869,0.0,0.03,0.01,0.0,0.04,0.04,0.0,-1.716399553416843,2.349121747376154
very_high,2026-05-05 14:51:00-04:00,2026-05-05 14:52:00-04:00,2026-05-05 14:53:00-04:00,-0.0024840312278210375,196.77,196.80935596770001,196.51414193374848,196.47484107050317,5,stop_loss,alpaca_personal_api,-1.2792903312576698,0.19664207096681707,0.1966420837597127,0.0,0.03,0.01,0.0,0.04,0.04,0.0,-1.7125744859841996,4.973251859111086
very_high,2026-05-05 14:54:00-04:00,2026-05-05 14:55:00-04:00,2026-05-05 14:59:00-04:00,-0.003452127119504378,196.27,196.3092559627,196.5,196.46070196500003,5,max_holding,alpaca_personal_api,1.1499999999999488,0.19638499999985015,0.1963849885000002,0.0,0.03,0.01,0.0,0.04,0.04,0.0,0.7172300115000985,3.0737482921150288
very_high,2026-05-06 15:32:00-04:00,2026-05-06 15:33:00-04:00,2026-05-06 15:37:00-04:00,-0.0026024096385541817,206.95,206.99139206949997,206.96,206.91861006960002,4,max_holding,alpaca_personal_api,0.04000000000007731,0.1655639999999039,0.1655639995999536,0.0,0.02,0.01,0.0,0.03,0.03,0.0,-0.3211279995997802,4.317482131491943
very_high,2026-05-07 11:49:00-04:00,2026-05-07 11:50:00-04:00,2026-05-07 11:54:00-04:00,-0.002533546026086131,212.65,212.6925321265,213.08,213.0373861308,4,max_holding,alpaca_personal_api,1.7200000000000273,0.17029200000001765,0.1702919827999949,0.0,0.02,0.01,0.0,0.03,0.03,0.0,1.3494160172000147,2.1142534013031296
very_high,2026-05-07 12:15:00-04:00,2026-05-07 12:16:00-04:00,2026-05-07 12:16:00-04:00,-0.005381928052119678,210.7,210.742142107,211.163626391214,211.12139577757205,4,take_profit,alpaca_personal_api,1.8545055648560265,0.1687454505564574,0.16874543201140568,0.0,0.02,0.01,0.0,0.03,0.03,0.0,1.4870146822881634,2.449745615934185
very_high,2026-05-08 12:54:00-04:00,2026-05-08 12:55:00-04:00,2026-05-08 12:59:00-04:00,-0.002181784421130817,214.94,214.9829901494,215.01,214.9670001501,4,max_holding,alpaca_personal_api,0.2799999999999727,0.17197999999996227,0.17197999719996915,0.0,0.02,0.01,0.0,0.03,0.03,0.0,-0.0939599971999587,2.008975137283038
very_high,2026-05-11 12:42:00-04:00,2026-05-11 12:43:00-04:00,2026-05-11 12:45:00-04:00,-0.004698229129020737,220.29,220.3340602029,220.7747283233058,220.7305755853884,4,take_profit,alpaca_personal_api,1.9389132932232087,0.17642589132935882,0.17642587194018233,0.0,0.02,0.01,0.0,0.03,0.03,0.0,1.5560615299536675,3.171080728674553
very_high,2026-05-11 13:12:00-04:00,2026-05-11 13:13:00-04:00,2026-05-11 13:17:00-04:00,-0.002225654069767491,219.67,219.71393619669996,219.74,219.6960541974,4,max_holding,alpaca_personal_api,0.2800000000000864,0.1757639999999583,0.17576399719996516,0.0,0.02,0.01,0.0,0.03,0.03,0.0,-0.10152799719983704,2.3683572974303
very_high,2026-05-11 14:58:00-04:00,2026-05-11 14:59:00-04:00,2026-05-11 14:59:00-04:00,-0.002764308696243223,220.07,220.11401620069998,219.78384517639893,219.7398906052021,4,stop_loss,alpaca_personal_api,-1.144619294404265,0.17594153807056045,0.17594154951666496,0.0,0.02,0.01,0.0,0.03,0.03,0.0,-1.5265023819914905,2.240301912729147
very_high,2026-05-11 15:00:00-04:00,2026-05-11 15:01:00-04:00,2026-05-11 15:05:00-04:00,-0.004395504803335171,219.73,219.7739481973,220.08,220.0359862008,4,max_holding,alpaca_personal_api,1.400000000000091,0.17592400000000907,0.17592398600004344,0.0,0.02,0.01,0.0,0.03,0.03,0.0,1.0181520140000384,2.117551223020209
very_high,2026-05-11 15:15:00-04:00,2026-05-11 15:16:00-04:00,2026-05-11 15:20:00-04:00,-0.003180372557928135,219.39,219.4338801939,219.49,219.44610419490002,4,max_holding,alpaca_personal_api,0.40000000000009095,0.1755520000000388,0.1755519959999674,0.0,0.02,0.01,0.0,0.03,0.03,0.0,0.01889600400008476,2.876871894934777
very_high,2026-05-12 10:59:00-04:00,2026-05-12 11:00:00-04:00,2026-05-12 11:00:00-04:00,-0.005678175657111484,217.14,217.18343017139998,216.85765502614288,216.8142856637142,4,stop_loss,alpaca_personal_api,-1.1293798954284284,0.17359906201045305,0.1735990733042172,0.0,0.02,0.01,0.0,0.03,0.03,0.0,-1.5065780307430987,2.125245600336018
very_high,2026-05-12 11:15:00-04:00,2026-05-12 11:16:00-04:00,2026-05-12 11:17:00-04:00,-0.004735632183908045,216.48,216.5232981648,216.1985132175528,216.15527567689443,4,stop_loss,alpaca_personal_api,-1.1259471297887558,0.17307140528703258,0.1730714165464633,0.0,0.02,0.01,0.0,0.03,0.03,0.0,-1.5020899516222517,3.5354739664548354
very_high,2026-05-12 11:24:00-04:00,2026-05-12 11:25:00-04:00,2026-05-12 11:25:00-04:00,-0.007562133997325637,215.26,215.30305415259997,215.73366026090517,215.6905156861896,4,take_profit,alpaca_personal_api,1.8946410436207088,0.1723974641042787,0.17239744515791244,0.0,0.02,0.01,0.0,0.03,0.03,0.0,1.5198461343585177,6.434127180819175
very_high,2026-05-12 14:45:00-04:00,2026-05-12 14:46:00-04:00,2026-05-12 14:49:00-04:00,-0.0022341783695056794,218.82,218.8637661882,219.30149372057642,219.25763561484723,4,take_profit,alpaca_personal_api,1.9259748823056952,0.17524859748823474,0.17524857822854756,0.0,0.02,0.01,0.0,0.03,0.03,0.0,1.545477706588913,2.6057710914011256
very_high,2026-05-12 15:47:00-04:00,2026-05-12 15:48:00-04:00,2026-05-12 15:52:00-04:00,-0.003840072283713525,220.5,220.544102205,220.79,220.7458442079,4,max_holding,alpaca_personal_api,1.1599999999999682,0.17651599999999235,0.17651598839995586,0.0,0.02,0.01,0.0,0.03,0.03,0.0,0.7769680116000199,2.149744187526038
very_high,2026-05-13 12:46:00-04:00,2026-05-13 12:47:00-04:00,2026-05-13 12:51:00-04:00,-0.002158210007047079,226.56,226.6053142656,226.57,226.52468826569998,4,max_holding,alpaca_personal_api,0.03999999999996362,0.1812519999999722,0.18125199960002192,0.0,0.02,0.01,0.0,0.03,0.03,0.0,-0.35250399960003054,3.8820166869827064
very_high,2026-05-13 15:50:00-04:00,2026-05-13 15:51:00-04:00,2026-05-13 15:53:00-04:00,-0.003185840707964571,225.27,225.3150562527,224.97708366832097,224.93209050135815,4,stop_loss,alpaca_personal_api,-1.1716653267161519,0.18009883346735478,0.18009884518392028,0.0,0.02,0.01,0.0,0.03,0.03,0.0,-1.561863005367427,4.5777126508966575
very_high,2026-05-13 15:54:00-04:00,2026-05-13 15:55:00-04:00,2026-05-13 15:55:00-04:00,-0.003099127816885927,225.18,225.2250382518,225.36,225.3149302536,4,max_holding,alpaca_personal_api,0.7200000000000273,0.18021599999997306,0.18021599279995826,0.0,0.02,0.01,0.0,0.03,0.03,0.0,0.32956800720009594,3.6206382204667116
very_high,2026-05-14 13:10:00-04:00,2026-05-14 13:11:00-04:00,2026-05-14 13:11:00-04:00,-0.0023393305261367736,234.56,234.60691434560002,234.25500397408163,234.20815531583688,4,stop_loss,alpaca_personal_api,-1.2199841036734824,0.1875260015896174,0.18752601378946565,0.0,0.02,0.01,0.0,0.03,0.03,0.0,-1.6250361190525655,2.1260328574753666
very_high,2026-05-14 13:12:00-04:00,2026-05-14 13:13:00-04:00,2026-05-14 13:13:00-04:00,-0.004941427050053182,233.58,233.6267183358,234.0939717724716,234.04715531905686,4,take_profit,alpaca_personal_api,2.055887089886369,0.18706958870893686,0.1870695681500365,0.0,0.02,0.01,0.0,0.03,0.03,0.0,1.6517479330273954,3.508134264941932
very_high,2026-05-14 13:18:00-04:00,2026-05-14 13:19:00-04:00,2026-05-14 13:20:00-04:00,-0.0058986963026287365,232.56,232.60651432560002,233.0717273542512,233.02511533949763,4,take_profit,alpaca_personal_api,2.0469094170048265,0.18625269094172836,0.1862526704726406,0.0,0.02,0.01,0.0,0.03,0.03,0.0,1.6444040555904575,2.0581095644834453
very_high,2026-05-15 15:21:00-04:00,2026-05-15 15:22:00-04:00,2026-05-15 15:24:00-04:00,-0.0032510324224584997,226.87,226.9153762687,226.57500320429696,226.52969046940612,4,stop_loss,alpaca_personal_api,-1.1799871828121695,0.18137800128170056,0.1813780130815985,0.0,0.02,0.01,0.0,0.03,0.03,0.0,-1.5727431971754686,2.701867491673008
very_high,2026-05-15 15:50:00-04:00,2026-05-15 15:51:00-04:00,2026-05-15 15:52:00-04:00,-0.0033520045869536164,225.97,226.0151962597,225.67617346531046,225.63104048737912,4,stop_loss,alpaca_personal_api,-1.1753061387581738,0.18065846938611685,0.18065848113917582,0.0,0.02,0.01,0.0,0.03,0.03,0.0,-1.5666230892834665,2.3873372066520853
very_high,2026-05-15 15:53:00-04:00,2026-05-15 15:54:00-04:00,2026-05-15 15:54:00-04:00,-0.0034464475079533097,225.54,225.58511025539997,225.24673259001688,225.20168549596622,4,stop_loss,alpaca_personal_api,-1.1730696399324643,0.18031469303593894,0.1803147047666016,0.0,0.02,0.01,0.0,0.03,0.03,0.0,-1.5636990377350048,2.310244035075794
very_high,2026-05-18 12:26:00-04:00,2026-05-18 12:27:00-04:00,2026-05-18 12:28:00-04:00,-0.00974055121644668,220.61,220.65412420610002,220.32314301979088,220.27908059441836,4,stop_loss,alpaca_personal_api,-1.1474279208365488,0.17637325720795616,0.17637326868214132,0.0,0.02,0.01,0.0,0.03,0.03,0.0,-1.5301744467266463,2.950248306487607
very_high,2026-05-18 12:30:00-04:00,2026-05-18 12:31:00-04:00,2026-05-18 12:33:00-04:00,-0.007635657163511667,219.65,219.6939321965,220.133320060893,220.08929559821402,4,take_profit,alpaca_personal_api,1.9332802435719714,0.1759133280243077,0.1759133086915199,0.0,0.02,0.01,0.0,0.03,0.03,0.0,1.5514536068561438,7.690578460403718
very_high,2026-05-18 14:06:00-04:00,2026-05-18 14:07:00-04:00,2026-05-18 14:11:00-04:00,-0.0029453078979564395,220.03,220.07400820029997,220.04,219.9959942004,4,max_holding,alpaca_personal_api,0.03999999999996362,0.17602799999997387,0.1760279995999099,0.0,0.02,0.01,0.0,0.03,0.03,0.0,-0.34205599959992017,2.0623073442219706
very_high,2026-05-18 14:50:00-04:00,2026-05-18 14:51:00-04:00,2026-05-18 14:55:00-04:00,-0.0033301400483555232,218.47,218.5136961847,218.9507235770694,218.90693562186124,4,take_profit,alpaca_personal_api,1.9228943082775913,0.174968289430808,0.17496827020181627,0.0,0.02,0.01,0.0,0.03,0.03,0.0,1.542957748644967,2.460579362344354
very_high,2026-05-19 10:46:00-04:00,2026-05-19 10:47:00-04:00,2026-05-19 10:47:00-04:00,-0.003141361256544517,218.95,218.9937921895,218.66530150121577,218.62157062756856,4,stop_loss,alpaca_personal_api,-1.1387939951368935,0.17504612060042746,0.175046131988438,0.0,0.02,0.01,0.0,0.03,0.03,0.0,-1.518886247725759,2.140927796537315
very_high,2026-05-19 13:54:00-04:00,2026-05-19 13:55:00-04:00,2026-05-19 13:57:00-04:00,-0.002648233762736263,222.2,222.244442222,222.68893110644402,222.64439554711205,4,take_profit,alpaca_personal_api,1.9557244257761113,0.17795557244255633,0.1779555528853507,0.0,0.02,0.01,0.0,0.03,0.03,0.0,1.5698133004482042,2.0001915347283448
very_high,2026-05-19 14:55:00-04:00,2026-05-19 14:56:00-04:00,2026-05-19 15:00:00-04:00,-0.002425767036521309,222.06,222.1044142206,222.39,222.34552422390001,4,max_holding,alpaca_personal_api,1.3199999999999363,0.17777999999998428,0.17777998679991924,0.0,0.02,0.01,0.0,0.03,0.03,0.0,0.9344400132000328,2.4534061614640494
very_high,2026-05-19 15:07:00-04:00,2026-05-19 15:08:00-04:00,2026-05-19 15:09:00-04:00,-0.0020708594066537467,221.66,221.7043342166,222.14774288503318,222.1033155579336,4,take_profit,alpaca_personal_api,1.9509715401327412,0.17752309715399406,0.17752307764430952,0.0,0.02,0.01,0.0,0.03,0.03,0.0,1.5659253653344376,2.406105772625444
very_high,2026-05-19 15:49:00-04:00,2026-05-19 15:50:00-04:00,2026-05-19 15:53:00-04:00,-0.0022603978300180794,220.65,220.6941322065,220.36309100819025,220.3190205936195,4,stop_loss,alpaca_personal_api,-1.1476359672390117,0.17640523640329775,0.17640524787964296,0.0,0.02,0.01,0.0,0.03,0.03,0.0,-1.5304464515219525,2.1408736953050997
very_high,2026-05-19 15:54:00-04:00,2026-05-19 15:55:00-04:00,2026-05-19 15:55:00-04:00,-0.005845038513819678,219.4,219.443882194,219.114716370709,219.07089561858203,4,stop_loss,alpaca_personal_api,-1.141134517164005,0.175405886548333,0.17540589795953565,0.0,0.02,0.01,0.0,0.03,0.03,0.0,-1.5219463016718737,5.660351881723302
very_high,2026-05-20 12:15:00-04:00,2026-05-20 12:16:00-04:00,2026-05-20 12:18:00-04:00,-0.0033346672002134703,224.16,224.2048342416,223.8685269902376,223.82375552352482,4,stop_loss,alpaca_personal_api,-1.165892039049595,0.17921141079602876,0.17921142245506871,0.0,0.02,0.01,0.0,0.03,0.03,0.0,-1.5543148723006925,2.1814261487523217
very_high,2026-05-20 12:21:00-04:00,2026-05-20 12:22:00-04:00,2026-05-20 12:25:00-04:00,-0.002408134141990814,223.69,223.7347402369,223.39913812654467,223.35446053291074,4,stop_loss,alpaca_personal_api,-1.1634474938213089,0.17883565525062295,0.17883566688510655,0.0,0.02,0.01,0.0,0.03,0.03,0.0,-1.5511188159570384,2.1848698752971596
very_high,2026-05-20 14:24:00-04:00,2026-05-20 14:25:00-04:00,2026-05-20 14:29:00-04:00,-0.002453166815343355,223.64,223.6847302364,224.01,223.9652002401,4,max_holding,alpaca_personal_api,1.4800000000000182,0.1790600000000495,0.17905998519995592,0.0,0.02,0.01,0.0,0.03,0.03,0.0,1.0918800148000127,3.9505711697922443
very_high,2026-05-20 14:42:00-04:00,2026-05-20 14:43:00-04:00,2026-05-20 14:46:00-04:00,-0.00428954423592498,222.83,222.8745682283,222.54025637595757,222.49575055008495,4,stop_loss,alpaca_personal_api,-1.158974496169776,0.17814810255026714,0.1781481141401855,0.0,0.02,0.01,0.0,0.03,0.03,0.0,-1.5452707128602288,3.5141690705361683
very_high,2026-05-20 14:50:00-04:00,2026-05-20 14:51:00-04:00,2026-05-20 14:52:00-04:00,-0.0027843894552476156,222.06,222.1044142206,221.77125759926912,221.72690556546183,4,stop_loss,alpaca_personal_api,-1.1549696029235292,0.17753250303974255,0.17753251458941577,0.0,0.02,0.01,0.0,0.03,0.03,0.0,-1.5400346205526876,2.1861529887011115
very_high,2026-05-21 10:18:00-04:00,2026-05-21 10:19:00-04:00,2026-05-21 10:19:00-04:00,-0.012182512924252542,219.75,219.7939521975,219.46426126920377,219.42037061159255,4,stop_loss,alpaca_personal_api,-1.1429549231849023,0.17568570450771404,0.17568571593722027,0.0,0.02,0.01,0.0,0.03,0.03,0.0,-1.5243263436298367,2.363062001720988
very_high,2026-05-21 10:20:00-04:00,2026-05-21 10:21:00-04:00,2026-05-21 10:21:00-04:00,-0.010593028519692238,218.53,218.57370818529998,219.01085560167058,218.9670556206588,4,take_profit,alpaca_personal_api,1.9234224066823344,0.17501634224061036,0.17501632300638903,0.0,0.02,0.01,0.0,0.03,0.03,0.0,1.543389741435335,2.5619542173711225
very_high,2026-05-21 12:22:00-04:00,2026-05-21 12:23:00-04:00,2026-05-21 12:27:00-04:00,-0.0033722201968647836,218.72,218.76374618719998,218.97,218.9262081897,4,max_holding,alpaca_personal_api,1.0,0.17507599999999002,0.17507598999998208,0.0,0.02,0.01,0.0,0.03,0.03,0.0,0.6198480100000279,2.307172394064314
very_high,2026-05-21 14:48:00-04:00,2026-05-21 14:49:00-04:00,2026-05-21 14:52:00-04:00,-0.0021843003412969075,219.27,219.3138561927,218.98488540841097,218.94109062117815,4,stop_loss,alpaca_personal_api,-1.1404583663561425,0.17530195416338756,0.1753019655678827,0.0,0.02,0.01,0.0,0.03,0.03,0.0,-1.5210622860874128,2.081165767962041
very_high,2026-05-21 14:55:00-04:00,2026-05-21 14:56:00-04:00,2026-05-21 15:00:00-04:00,-0.003828274541974208,218.58,218.62371818580002,219.0609656221716,219.01715561965682,4,take_profit,alpaca_personal_api,1.9238624886863818,0.17505638624891162,0.1750563670102565,0.0,0.02,0.01,0.0,0.03,0.03,0.0,1.5437497354272136,2.0199849871564433
very_high,2026-05-22 10:15:00-04:00,2026-05-22 10:16:00-04:00,2026-05-22 10:16:00-04:00,-0.002354896800110806,216.07,216.11321616069998,215.78904633645894,215.7458906850821,4,stop_loss,alpaca_personal_api,-1.1238146541642209,0.1727436185345823,0.1727436297727536,0.0,0.02,0.01,0.0,0.03,0.03,0.0,-1.4993019024715568,2.443804222334678
very_high,2026-05-22 13:53:00-04:00,2026-05-22 13:54:00-04:00,2026-05-22 13:58:00-04:00,-0.003605269239657982,215.57,215.6131161557,216.0443423880114,216.0011356799772,4,take_profit,alpaca_personal_api,1.897369552045575,0.17264573695524632,0.17264571798148154,0.0,0.02,0.01,0.0,0.03,0.03,0.0,1.522078097108847,3.5213157112162765
very_high,2026-05-22 14:21:00-04:00,2026-05-22 14:22:00-04:00,2026-05-22 14:26:00-04:00,-0.002548774271282195,215.25,215.2930521525,215.65,215.6068721565,4,max_holding,alpaca_personal_api,1.6000000000000227,0.17236000000002605,0.17235998399996788,0.0,0.02,0.01,0.0,0.03,0.03,0.0,1.2252800160000288,6.307611202071029
very_high,2026-05-22 15:14:00-04:00,2026-05-22 15:15:00-04:00,2026-05-22 15:16:00-04:00,-0.002228308806462076,214.94,214.9829901494,214.6605156641759,214.61758570764823,4,stop_loss,alpaca_personal_api,-1.1179373432963757,0.17184020626564234,0.17184021744503752,0.0,0.02,0.01,0.0,0.03,0.03,0.0,-1.4916177670070556,2.1584088003888877
very_high,2026-05-26 11:07:00-04:00,2026-05-26 11:08:00-04:00,2026-05-26 11:09:00-04:00,-0.0022832114067378173,214.11,214.1528241411,213.83159490488836,213.78883072422335,4,stop_loss,alpaca_personal_api,-1.113620380446605,0.17117663796193483,0.17117664909812902,0.0,0.02,0.01,0.0,0.03,0.03,0.0,-1.4859736675066688,2.157455283667732
very_high,2026-05-26 11:10:00-04:00,2026-05-26 11:11:00-04:00,2026-05-26 11:11:00-04:00,-0.005406665113027342,213.4,213.44268213400002,213.86956749826803,213.82679572346404,4,take_profit,alpaca_personal_api,1.878269993072081,0.17090782699938245,0.17090780821661156,0.0,0.02,0.01,0.0,0.03,0.03,0.0,1.506454357856087,2.6903504146729675
very_high,2026-05-26 11:54:00-04:00,2026-05-26 11:55:00-04:00,2026-05-26 11:57:00-04:00,-0.0038430894689974737,212.56,212.60251412559998,212.2836103544116,212.2411557551768,4,stop_loss,alpaca_personal_api,-1.1055585823536376,0.16993744414173761,0.16993745519732784,0.0,0.02,0.01,0.0,0.03,0.03,0.0,-1.475433481692703,3.2326243977865747
very_high,2026-05-26 12:15:00-04:00,2026-05-26 12:16:00-04:00,2026-05-26 12:18:00-04:00,-0.0037162480007527643,211.8,211.84236211799998,212.266046842236,212.22359575552804,4,take_profit,alpaca_personal_api,1.8641873689439308,0.1696264187368115,0.1696264000948986,0.0,0.02,0.01,0.0,0.03,0.03,0.0,1.4949345501122207,2.0241407567478635
very_high,2026-05-26 13:38:00-04:00,2026-05-26 13:39:00-04:00,2026-05-26 13:43:00-04:00,-0.0029980793554128526,212.85,212.8925721285,213.07,213.0273881307,4,max_holding,alpaca_personal_api,0.8799999999999955,0.17036800000005314,0.17036799120000978,0.0,0.02,0.01,0.0,0.03,0.03,0.0,0.5092640087999325,2.136982973162868
very_high,2026-05-26 13:57:00-04:00,2026-05-26 13:58:00-04:00,2026-05-26 14:02:00-04:00,-0.002015750984436515,212.89,212.93258012889999,212.74,212.6974541274,4,max_holding,alpaca_personal_api,-0.599999999999909,0.17025200000000495,0.1702520060000552,0.0,0.02,0.01,0.0,0.03,0.03,0.0,-0.9705040059999692,2.2036746240750813
very_high,2026-05-27 10:20:00-04:00,2026-05-27 10:21:00-04:00,2026-05-27 10:23:00-04:00,-0.002662989205383104,209.73,209.7719480973,210.1914919934946,210.1494557970108,4,take_profit,alpaca_personal_api,1.8459679739784178,0.16796859679743648,0.16796857833776357,0.0,0.02,0.01,0.0,0.03,0.03,0.0,1.4800307988432178,4.004299498111972
very_high,2026-05-27 10:56:00-04:00,2026-05-27 10:57:00-04:00,2026-05-27 10:57:00-04:00,-0.005383259492163339,208.79,208.8317600879,209.2494236080758,209.20757581584843,4,take_profit,alpaca_personal_api,1.8376944323032376,0.1672157694432599,0.16721575106623732,0.0,0.02,0.01,0.0,0.03,0.03,0.0,1.4732629117937404,2.609184862504855
very_high,2026-05-27 15:19:00-04:00,2026-05-27 15:20:00-04:00,2026-05-27 15:20:00-04:00,-0.0021161533035505276,212.2,212.242442122,211.924078458817,211.88169576236604,4,stop_loss,alpaca_personal_api,-1.1036861647319256,0.1696496313835496,0.1696496424203815,0.0,0.02,0.01,0.0,0.03,0.03,0.0,-1.4729854385358567,2.4490825161627625
very_high,2026-05-27 15:54:00-04:00,2026-05-27 15:55:00-04:00,2026-05-27 15:55:00-04:00,-0.00272774302779466,212.06,212.1024141206,212.23,212.1875561223,4,max_holding,alpaca_personal_api,0.67999999999995,0.16971599999999398,0.16971599319992947,0.0,0.02,0.01,0.0,0.03,0.03,0.0,0.3105680068000265,2.0783889646558573
very_high,2026-05-28 14:11:00-04:00,2026-05-28 14:12:00-04:00,2026-05-28 14:16:00-04:00,-0.003351799264466271,214.11,214.1528241411,214.08,214.0371861408,4,max_holding,alpaca_personal_api,-0.12000000000000455,0.1712760000000344,0.17127600119999897,0.0,0.02,0.01,0.0,0.03,0.03,0.0,-0.49255200120003795,2.418843047600349
very_high,2026-05-29 10:25:00-04:00,2026-05-29 10:26:00-04:00,2026-05-29 10:26:00-04:00,-0.005861989383798782,215.36,215.40307415360002,215.07996954236964,215.0369556992609,4,stop_loss,alpaca_personal_api,-1.120121830521498,0.17217598781689958,0.17217599901812264,0.0,0.02,0.01,0.0,0.03,0.03,0.0,-1.4944738173565202,2.1264620259686726
very_high,2026-05-29 10:44:00-04:00,2026-05-29 10:45:00-04:00,2026-05-29 10:48:00-04:00,-0.002328180294281945,214.23,214.27284814229998,214.70139383858458,214.6584557068308,4,take_profit,alpaca_personal_api,1.885575354338357,0.17157255753545542,0.17157253867958389,0.0,0.02,0.01,0.0,0.03,0.03,0.0,1.5124302581233178,2.0454394061365075
very_high,2026-05-29 13:59:00-04:00,2026-05-29 14:00:00-04:00,2026-05-29 14:04:00-04:00,-0.0034260845409510576,215.27,215.3130561527,215.5,215.45690215500002,4,max_holding,alpaca_personal_api,0.9199999999999591,0.17230799999992996,0.1723079907999363,0.0,0.02,0.01,0.0,0.03,0.03,0.0,0.5453840092000928,2.139950939420681
very_high,2026-05-29 15:50:00-04:00,2026-05-29 15:51:00-04:00,2026-05-29 15:51:00-04:00,-0.01466722014667221,213.62,213.6627261362,213.34223204699572,213.29956573400864,4,stop_loss,alpaca_personal_api,-1.1110718120171441,0.17078489281880138,0.17078490392952972,0.0,0.02,0.01,0.0,0.03,0.03,0.0,-1.4826416087654752,20.407457128991734
very_high,2026-05-29 15:52:00-04:00,2026-05-29 15:53:00-04:00,2026-05-29 15:53:00-04:00,-0.014785380954581262,213.23,213.2726481323,212.95273916010154,212.91015074179694,4,stop_loss,alpaca_personal_api,-1.1090433595937839,0.17047309566396507,0.17047310675445715,0.0,0.02,0.01,0.0,0.03,0.03,0.0,-1.479989562012206,8.931481456546425
very_high,2026-05-29 15:54:00-04:00,2026-05-29 15:55:00-04:00,2026-05-29 15:55:00-04:00,-0.02049672237097222,212.17,212.2124361217,211.89411746751745,211.85174076296514,4,stop_loss,alpaca_personal_api,-1.1035301299301636,0.169625646987015,0.16962565802225527,0.0,0.02,0.01,0.0,0.03,0.03,0.0,-1.472781434939434,9.066515452462557
