signal_time,entry_time,exit_time,drop_return,entry_mid,entry_executed,exit_mid,exit_executed,quantity,exit_reason,gross_pnl,spread_cost,slippage_cost,commission_cost,net_pnl
2026-07-01 09:35:00-04:00,2026-07-01 09:36:00-04:00,2026-07-01 09:36:00-04:00,-0.0038131715593027193,193.77,193.8087559377,194.1963734495754,194.15753611684923,5,take_profit,2.1318672478768974,0.19398318672472215,0.19398316540602423,2.0,-0.25609910425384896
2026-07-01 10:16:00-04:00,2026-07-01 10:17:00-04:00,2026-07-01 10:21:00-04:00,-0.002984663983288338,195.66,195.69913395659998,196.09053222451317,196.0513160789736,5,take_profit,2.15266112256586,0.1958752661121821,0.19587524458557937,2.0,-0.23908938813190161
2026-07-01 10:31:00-04:00,2026-07-01 10:32:00-04:00,2026-07-01 10:32:00-04:00,-0.0032836124828183877,195.79,195.82915995789998,195.53541621796313,195.4963110900737,5,stop_loss,-1.272918910184302,0.19566270810898345,0.19566272083807235,2.0,-3.6642443391313577
2026-07-01 10:33:00-04:00,2026-07-01 10:34:00-04:00,2026-07-01 10:36:00-04:00,-0.002899296445547095,195.72,195.75914595720002,195.46550723826422,195.42641609147165,5,stop_loss,-1.2724638086788786,0.1955927536191382,0.19559276634382172,2.0,-3.6636493286418386
2026-07-01 10:44:00-04:00,2026-07-01 10:45:00-04:00,2026-07-01 10:45:00-04:00,-0.0021461420541645237,195.26,195.29905395259996,195.00610537167108,194.96710610065782,5,stop_loss,-1.2694731416445393,0.19513305268574754,0.19513306538044617,2.0,-3.659739259710733
2026-07-01 10:46:00-04:00,2026-07-01 10:47:00-04:00,2026-07-01 10:49:00-04:00,-0.002739164938688754,194.785,194.82395894784997,195.21360686574567,195.17456609650858,5,take_profit,2.1430343287283904,0.19499930343286564,0.1949992820024704,2.0,-0.24696425670694566
2026-07-01 10:58:00-04:00,2026-07-01 10:59:00-04:00,2026-07-01 11:01:00-04:00,-0.002169197396963196,195.5,195.539101955,195.93018015891002,195.89099608218004,5,take_profit,2.150900794550097,0.1957150900794602,0.19571506857047893,2.0,-0.24052936409984227
2026-07-01 12:05:00-04:00,2026-07-01 12:06:00-04:00,2026-07-01 12:10:00-04:00,-0.002282641777416994,196.705,196.74434296705,196.8399,196.800533988399,5,max_holding,0.6744999999999379,0.196772449999969,0.19677244325492893,2.0,-1.71904489325496
2026-07-01 12:53:00-04:00,2026-07-01 12:54:00-04:00,2026-07-01 12:56:00-04:00,-0.002327699625544022,197.175,197.21443697175,196.91861531629237,196.87923356241527,5,stop_loss,-1.2819234185381845,0.19704680765812554,0.19704682047731126,2.0,-3.6760170466736213
2026-07-01 14:06:00-04:00,2026-07-01 14:07:00-04:00,2026-07-01 14:07:00-04:00,-0.002011768847759443,198.44,198.4796899844,198.18197044942343,198.14233603715326,5,stop_loss,-1.290147752882831,0.19831098522473667,0.19831099812620323,2.0,-3.686769736233771
2026-07-01 14:09:00-04:00,2026-07-01 14:10:00-04:00,2026-07-01 14:11:00-04:00,-0.0024146691148727584,198.305,198.34466298305003,198.04714598857547,198.00753853984924,5,stop_loss,-1.2892700571227067,0.1981760729943005,0.19817608588695634,2.0,-3.6856222160039636
2026-07-01 14:13:00-04:00,2026-07-01 14:14:00-04:00,2026-07-01 14:16:00-04:00,-0.0021171489061396764,197.96,197.99959397959998,197.7025945886306,197.66305604673883,5,stop_loss,-1.2870270568470232,0.19783129729418647,0.19783131016453126,2.0,-3.682689664305741
2026-07-01 15:14:00-04:00,2026-07-01 15:15:00-04:00,2026-07-01 15:19:00-04:00,-0.0020032059309723627,199.235,199.27484899235,199.48,199.44010599479998,5,max_holding,1.2249999999998806,0.19935750000001917,0.1993574877499782,2.0,-1.1737149877501167
2026-07-01 15:35:00-04:00,2026-07-01 15:36:00-04:00,2026-07-01 15:38:00-04:00,-0.0021290451858532178,199.2,199.23984199199998,198.94098222901198,198.901196021976,5,stop_loss,-1.2950888549400474,0.19907049111438369,0.19907050406544613,2.0,-3.6932298501198773
2026-07-01 15:39:00-04:00,2026-07-01 15:40:00-04:00,2026-07-01 15:40:00-04:00,-0.0034338421435196054,198.79,198.8297599879,198.53151534791814,198.49181103016372,5,stop_loss,-1.2924232604092367,0.19866075767396296,0.1986607705981669,2.0,-3.6897447886813666
2026-07-01 15:41:00-04:00,2026-07-01 15:42:00-04:00,2026-07-01 15:46:00-04:00,-0.00281364618399238,198.465,198.50469498465,198.41,198.3703199841,5,max_holding,-0.2750000000000341,0.1984374999999261,0.1984375027500107,2.0,-2.671875002749971
2026-07-01 15:53:00-04:00,2026-07-01 15:54:00-04:00,2026-07-01 15:54:00-04:00,-0.002293288979612451,197.95,197.98959197949998,197.69260759153073,197.65307104693852,5,stop_loss,-1.286962042346289,0.19782130379567775,0.197821316665312,2.0,-3.682604662807279
2026-07-02 09:38:00-04:00,2026-07-02 09:39:00-04:00,2026-07-02 09:39:00-04:00,-0.0025449780779115416,197.935,197.97458897935,197.67762709588098,197.63809354723807,5,stop_loss,-1.2868645205951168,0.19780631354791467,0.19780632641655416,2.0,-3.6824771605595856
2026-07-02 09:40:00-04:00,2026-07-02 09:41:00-04:00,2026-07-02 09:41:00-04:00,-0.0030769230769231992,197.6402,197.67973001640198,198.07508947643478,198.0354764392904,5,take_profit,2.174447382173952,0.1978576447382352,0.19785762299363796,2.0,-0.22126788555792132
2026-07-02 09:46:00-04:00,2026-07-02 09:47:00-04:00,2026-07-02 09:47:00-04:00,-0.0022507519328206493,197.695,197.73454097694997,198.13001005890388,198.09038603819218,5,take_profit,2.1750502945194228,0.19791250502947833,0.19791248327891253,2.0,-0.22077469378896808
2026-07-02 09:53:00-04:00,2026-07-02 09:54:00-04:00,2026-07-02 09:54:00-04:00,-0.0027508768388382343,197.58,197.6195179758,198.01475701175158,197.9751560404968,5,take_profit,2.1737850587578578,0.19779737850583956,0.19779735676792143,2.0,-0.22180967651590322
2026-07-02 10:07:00-04:00,2026-07-02 10:08:00-04:00,2026-07-02 10:08:00-04:00,-0.002025303795569311,199.55,199.58991199550002,199.29052712750678,199.25067101498655,5,stop_loss,-1.297364362466169,0.1994202635637521,0.1994202765374098,2.0,-3.696204902567331
2026-07-02 10:09:00-04:00,2026-07-02 10:10:00-04:00,2026-07-02 10:10:00-04:00,-0.0036334477660560083,198.84,198.8797699884,198.58145033341742,198.54173602916524,5,stop_loss,-1.2927483329129075,0.19871072516664867,0.1987107380942632,2.0,-3.6901697961738193
2026-07-02 10:11:00-04:00,2026-07-02 10:12:00-04:00,2026-07-02 10:13:00-04:00,-0.003609927300075255,198.73,198.76974798729998,199.16728748327458,199.1274560174508,5,take_profit,2.1864374163729394,0.19894864374151666,0.19894862187726403,2.0,-0.21145984924584127
2026-07-02 10:24:00-04:00,2026-07-02 10:25:00-04:00,2026-07-02 10:25:00-04:00,-0.003663972692134032,198.505,198.54470298504998,198.2468859305724,198.20723853585517,5,stop_loss,-1.2905703471379582,0.19837594296518546,0.19837595587091528,2.0,-3.687322245974059
2026-07-02 10:27:00-04:00,2026-07-02 10:28:00-04:00,2026-07-02 10:28:00-04:00,-0.0056078056631293505,197.73,197.76954797729996,197.47289365533402,197.43340105133188,5,stop_loss,-1.2855317233298535,0.19760144682763325,0.19760145968291454,2.0,-3.6807346298404013
2026-07-02 10:29:00-04:00,2026-07-02 10:30:00-04:00,2026-07-02 10:30:00-04:00,-0.0031746255669964363,197.89,197.9295799789,197.63268560893167,197.59316104813675,5,stop_loss,-1.2865719553416,0.19776134280448332,0.19776135567013853,2.0,-3.682094653816222
2026-07-02 10:31:00-04:00,2026-07-02 10:32:00-04:00,2026-07-02 10:32:00-04:00,-0.003474845142770855,197.9,197.939581979,197.6426726060315,197.60314604793703,5,stop_loss,-1.2866369698424762,0.19777133630299204,0.1977713491693578,2.0,-3.682179655314826
2026-07-02 10:34:00-04:00,2026-07-02 10:35:00-04:00,2026-07-02 10:37:00-04:00,-0.005509224159716997,196.795,196.83436096794998,197.2280296898859,197.1885860562282,5,take_profit,2.165148449429495,0.1970115148449736,0.19701149319345745,2.0,-0.22887455860893624
2026-07-02 10:42:00-04:00,2026-07-02 10:43:00-04:00,2026-07-02 10:45:00-04:00,-0.00534501975884083,196.325,196.36426696324997,196.75699549717646,196.717646065647,5,take_profit,2.159977485882365,0.19654099774854217,0.19654097614875354,2.0,-0.23310448801493067
2026-07-02 10:48:00-04:00,2026-07-02 10:49:00-04:00,2026-07-02 10:49:00-04:00,-0.0020116625499732033,195.931,195.97018815931003,196.36212853562864,196.32285807354282,5,take_profit,2.1556426781431526,0.19614656426782062,0.1961465427113751,2.0,-0.23665042883604315
2026-07-02 10:52:00-04:00,2026-07-02 10:53:00-04:00,2026-07-02 10:53:00-04:00,-0.003260814184541827,195.62,195.6591259562,195.3656372672657,195.3265660934686,5,stop_loss,-1.2718136636715371,0.19549281863362467,0.1954928313517712,2.0,-3.662799313656933
2026-07-02 10:54:00-04:00,2026-07-02 10:55:00-04:00,2026-07-02 10:55:00-04:00,-0.004709176530482417,195.51,195.5491039551,195.9402021630102,195.90101608197963,5,take_profit,2.1510108150511087,0.19572510108147867,0.19572507957150265,2.0,-0.24043936560187262
2026-07-02 11:04:00-04:00,2026-07-02 11:05:00-04:00,2026-07-02 11:06:00-04:00,-0.0032613126783531676,195.61,195.64912395610003,195.35565027016588,195.31658109366836,5,stop_loss,-1.2717486491706609,0.19548282513511595,0.19548283785255194,2.0,-3.6627143121583288
2026-07-02 11:07:00-04:00,2026-07-02 11:08:00-04:00,2026-07-02 11:08:00-04:00,-0.007795185326709975,194.76,194.79895394759998,195.18855185549518,195.1495160970096,5,take_profit,2.142759277475932,0.19497427592767735,0.1949742545001243,2.0,-0.24718925295186978
2026-07-02 11:09:00-04:00,2026-07-02 11:10:00-04:00,2026-07-02 11:13:00-04:00,-0.003093047034764762,195.01,195.04900395009997,195.43910195800018,195.4000160919996,5,take_profit,2.1455097900009434,0.19522455097899183,0.1952245295238697,2.0,-0.2449392905019181
2026-07-02 11:25:00-04:00,2026-07-02 11:26:00-04:00,2026-07-02 11:26:00-04:00,-0.0024101328137018374,194.55,194.5889119455,194.978089769391,194.939096101218,5,take_profit,2.1404488469549676,0.194764044884721,0.1947640234801895,2.0,-0.24907922140994287
2026-07-02 11:43:00-04:00,2026-07-02 11:44:00-04:00,2026-07-02 11:48:00-04:00,-0.003141682204796825,195.14,195.17902995139997,194.88626140647287,194.8472861030542,5,stop_loss,-1.2686929676355874,0.19501313070321658,0.19501314339009923,2.0,-3.658719241728903
2026-07-02 11:50:00-04:00,2026-07-02 11:51:00-04:00,2026-07-02 11:52:00-04:00,-0.003865550520953276,194.56,194.5989139456,194.3070155746816,194.2681561146368,5,stop_loss,-1.2649221265920119,0.19443350778729496,0.19443352043666096,2.0,-3.6537891548159678
2026-07-02 11:53:00-04:00,2026-07-02 11:54:00-04:00,2026-07-02 11:58:00-04:00,-0.0034891477243572666,194.21,194.2488439421,194.46,194.42110994460003,5,max_holding,1.25,0.19433499999991,0.19433498749990008,2.0,-1.13866998749981
2026-07-02 12:17:00-04:00,2026-07-02 12:18:00-04:00,2026-07-02 12:20:00-04:00,-0.0020815130801253856,194.165,194.20383494165,193.91252918923755,193.873748622525,5,stop_loss,-1.2623540538122313,0.19403876459463731,0.19403877721813956,2.0,-3.650431595625008
2026-07-02 12:23:00-04:00,2026-07-02 12:24:00-04:00,2026-07-02 12:25:00-04:00,-0.0033444816053511683,193.7,193.738741937,194.12621942087398,194.087396118252,5,take_profit,2.1310971043699567,0.19391310971045073,0.19391308839942667,2.0,-0.2567290937399207
2026-07-02 12:37:00-04:00,2026-07-02 12:38:00-04:00,2026-07-02 12:40:00-04:00,-0.002323540042340033,193.22,193.25864593219998,193.6451632240644,193.6064361278712,5,take_profit,2.125816120321957,0.19343258161200083,0.19343256035384115,2.0,-0.26104902164388477
2026-07-02 12:56:00-04:00,2026-07-02 12:57:00-04:00,2026-07-02 13:01:00-04:00,-0.002914033684970674,193.29,193.3286599329,193.03866694300066,193.00006113999873,5,stop_loss,-1.256665284996643,0.19316433347142947,0.1931643460382304,2.0,-3.642993964506303
2026-07-02 13:04:00-04:00,2026-07-02 13:05:00-04:00,2026-07-02 13:06:00-04:00,-0.0022740193291642674,193.05,193.0886119305,193.47478915436102,193.43609613127805,5,take_profit,2.1239457718050403,0.19326239457711836,0.193262373337717,2.0,-0.26257899610979507
2026-07-02 13:12:00-04:00,2026-07-02 13:13:00-04:00,2026-07-02 13:17:00-04:00,-0.002892711400382275,193.03,193.0686079303,193.2,193.161361932,5,max_holding,0.8499999999999375,0.19311500000000592,0.19311499149992528,2.0,-1.5362299914999937
2026-07-02 13:37:00-04:00,2026-07-02 13:38:00-04:00,2026-07-02 13:38:00-04:00,-0.0026143452488804897,192.66,192.6985339266,192.40948612571012,192.37100615257984,5,stop_loss,-1.2525693714493968,0.19253474306282214,0.1925347555885537,2.0,-3.6376388701007727
2026-07-02 13:39:00-04:00,2026-07-02 13:40:00-04:00,2026-07-02 13:41:00-04:00,-0.002902456722297053,192.39,192.42847992389997,192.81333688374778,192.7747761445044,5,take_profit,2.11668441873897,0.19260166844190962,0.19260164727498363,2.0,-0.2685188969779233
2026-07-02 13:59:00-04:00,2026-07-02 14:00:00-04:00,2026-07-02 14:04:00-04:00,-0.002796695755755363,192.545,192.58351092544999,192.86,192.82142992860003,5,max_holding,1.5750000000001307,0.19270249999991051,0.19270248425002023,2.0,-0.8104049842498
2026-07-02 14:15:00-04:00,2026-07-02 14:16:00-04:00,2026-07-02 14:17:00-04:00,-0.0022473001150248306,193.185,193.22363893185,192.93380347345223,192.89521864209559,5,stop_loss,-1.2559826327388635,0.19305940173666158,0.1930594142964992,2.0,-3.6421014487720242
2026-07-02 14:18:00-04:00,2026-07-02 14:19:00-04:00,2026-07-02 14:22:00-04:00,-0.0031027795733677976,192.79,192.8285599279,193.2142170477558,193.17557613648842,5,take_profit,2.121085238779017,0.19300210852392752,0.19300208731294788,2.0,-0.2649189570578585
2026-07-02 14:36:00-04:00,2026-07-02 14:37:00-04:00,2026-07-02 14:41:00-04:00,-0.0024757582009490298,193.41,193.4486839341,193.36,193.3213299336,5,max_holding,-0.24999999999991473,0.19338500000003478,0.19338500250000834,2.0,-2.636770002499958
2026-07-02 14:45:00-04:00,2026-07-02 14:46:00-04:00,2026-07-02 14:48:00-04:00,-0.0028942064189363403,192.925,192.96358692925003,193.34951410310853,193.31084613378306,5,take_profit,2.1225705155426056,0.19313725705160323,0.1931372358258443,2.0,-0.26370397733484197
2026-07-02 15:04:00-04:00,2026-07-02 15:05:00-04:00,2026-07-02 15:09:00-04:00,-0.003308690482345056,192.785,192.82355892784997,192.68,192.6414659268,5,max_holding,-0.5249999999999488,0.19273249999997688,0.19273250524989294,2.0,-2.9104650052498187
2026-07-06 10:13:00-04:00,2026-07-06 10:14:00-04:00,2026-07-06 10:18:00-04:00,-0.0027299944182269664,196.52,196.55930596520002,196.51,196.47069996509998,5,max_holding,-0.050000000000096634,0.19651500000009037,0.19651500050002824,2.0,-2.4430300005002152
2026-07-06 10:21:00-04:00,2026-07-06 10:22:00-04:00,2026-07-06 10:23:00-04:00,-0.004016064257028162,195.91,195.9491839591,196.3410823270182,196.3018160739636,5,take_profit,2.1554116350910135,0.19612554116349656,0.1961255196094669,2.0,-0.23683942568194993
2026-07-06 10:39:00-04:00,2026-07-06 10:40:00-04:00,2026-07-06 10:41:00-04:00,-0.0022418161507370415,196.24,196.2792499624,195.9848310874564,195.9456360810872,5,stop_loss,-1.2758445627180492,0.19611241554372327,0.19611242830222864,2.0,-3.668069406564001
2026-07-06 10:49:00-04:00,2026-07-06 10:50:00-04:00,2026-07-06 10:54:00-04:00,-0.0024426354617146373,196.06,196.0992139606,196.14,196.1007739614,5,max_holding,0.3999999999999204,0.19610000000000127,0.1960999959999299,2.0,-1.9921999960000107
2026-07-06 12:36:00-04:00,2026-07-06 12:37:00-04:00,2026-07-06 12:41:00-04:00,-0.002155008493268773,196.79,196.8293599679,196.86,196.8206299686,5,max_holding,0.350000000000108,0.19682500000001824,0.19682499650002683,2.0,-2.043649996499937
2026-07-06 12:45:00-04:00,2026-07-06 12:46:00-04:00,2026-07-06 12:50:00-04:00,-0.0024771825094670463,196.52,196.55930596520002,196.62,196.5806779662,5,max_holding,0.4999999999999716,0.19657000000009361,0.19656999500000438,2.0,-1.8931399950001264
2026-07-06 13:20:00-04:00,2026-07-06 13:21:00-04:00,2026-07-06 13:25:00-04:00,-0.0024688215830999116,195.9699,196.009095939699,196.16,196.12076996160002,5,max_holding,0.9505000000000052,0.19606494999990787,0.1960649404949777,2.0,-1.4416298904948803
2026-07-06 13:31:00-04:00,2026-07-06 13:32:00-04:00,2026-07-06 13:36:00-04:00,-0.0020151326013297943,195.865,195.90417495865,195.88,195.8408259588,5,max_holding,0.07499999999993179,0.19587250000000722,0.1958724992499583,2.0,-2.3167449992500337
2026-07-06 15:50:00-04:00,2026-07-06 15:51:00-04:00,2026-07-06 15:55:00-04:00,-0.0021599369806620805,196.33,196.36926796330002,196.07471406135508,196.03550107928993,5,stop_loss,-1.2764296932246566,0.19620235703072808,0.1962023697950599,2.0,-3.6688344200504446
2026-07-07 09:39:00-04:00,2026-07-07 09:40:00-04:00,2026-07-07 09:40:00-04:00,-0.0024125139432930043,192.29,192.32845992289998,192.7131168427458,192.67457614650843,5,take_profit,2.1155842137289937,0.19250155842129857,0.19250153726545705,2.0,-0.26941888195776187
2026-07-07 09:45:00-04:00,2026-07-07 09:46:00-04:00,2026-07-07 09:49:00-04:00,-0.0023353573096682734,192.23,192.2684479223,191.98004525041657,191.94165116116693,5,stop_loss,-1.2497737479171178,0.19210502262524187,0.19210503512297805,2.0,-3.6339838056653377
2026-07-07 10:15:00-04:00,2026-07-07 10:16:00-04:00,2026-07-07 10:16:00-04:00,-0.0022773148387764675,192.79,192.8285599279,192.53931708800815,192.50081114998372,5,stop_loss,-1.253414559959225,0.19266465854400394,0.1926646710781199,2.0,-3.638743889581349
2026-07-07 10:17:00-04:00,2026-07-07 10:18:00-04:00,2026-07-07 10:19:00-04:00,-0.0030024867984296266,192.57,192.6085159257,192.31960315181146,192.28114115437714,5,stop_loss,-1.2519842409426474,0.19244480157595945,0.19244481409572245,2.0,-3.6368738566143293
2026-07-07 10:20:00-04:00,2026-07-07 10:21:00-04:00,2026-07-07 10:25:00-04:00,-0.0036831457176946802,192.05,192.08841192050002,191.89,191.85162391889997,5,max_holding,-0.8000000000001251,0.1919700000000546,0.19197000800005526,2.0,-3.183940008000235
2026-07-07 10:26:00-04:00,2026-07-07 10:27:00-04:00,2026-07-07 10:31:00-04:00,-0.0022134263840424273,191.57,191.6083159157,191.9915325475314,191.95313616093722,5,take_profit,2.1076627376569945,0.1917807662738369,0.19178074519700772,2.0,-0.2758987738138501
2026-07-07 10:35:00-04:00,2026-07-07 10:36:00-04:00,2026-07-07 10:38:00-04:00,-0.0029707614530671833,191.3,191.338261913,191.720938436826,191.68259616634802,5,take_profit,2.1046921841299593,0.19151046921834336,0.1915104481714991,2.0,-0.27832873325988317
2026-07-07 11:18:00-04:00,2026-07-07 11:19:00-04:00,2026-07-07 11:23:00-04:00,-0.0026387954674808034,192.76,192.79855392759998,192.5751,192.536586905751,5,max_holding,-0.9244999999999948,0.19266754999989644,0.1926675592450522,2.0,-3.3098351092449434
2026-07-07 11:41:00-04:00,2026-07-07 11:42:00-04:00,2026-07-07 11:44:00-04:00,-0.0021195202646815403,193.01,193.04860393009997,193.43470113796016,193.39601613207958,5,take_profit,2.123505689800851,0.19322235056890236,0.19322232933390637,2.0,-0.26293899010195787
2026-07-07 12:36:00-04:00,2026-07-07 12:37:00-04:00,2026-07-07 12:41:00-04:00,-0.004269509637975899,197.09,197.12941997090002,196.83372584094369,196.79436106411276,5,stop_loss,-1.281370795281589,0.1969618629205172,0.19696187573416069,2.0,-3.675294533936267
2026-07-07 12:55:00-04:00,2026-07-07 12:56:00-04:00,2026-07-07 12:59:00-04:00,-0.0030895107084294438,196.7915,196.830860267915,197.22452198845082,197.18507905629835,5,take_profit,2.16510994225402,0.19700801099418186,0.19700798934309205,2.0,-0.22890605808325404
2026-07-07 13:10:00-04:00,2026-07-07 13:11:00-04:00,2026-07-07 13:12:00-04:00,-0.0021443527838743703,197.77,197.8095559777,197.51284164373345,197.47334105053315,5,stop_loss,-1.2857917813327902,0.19764142082181024,0.19764143367964948,2.0,-3.68107463583425
2026-07-07 13:13:00-04:00,2026-07-07 13:14:00-04:00,2026-07-07 13:18:00-04:00,-0.0033336681301830984,197.46,197.4994939746,197.55,197.5104919755,5,max_holding,0.45000000000001705,0.1975050000000067,0.19750499549999745,2.0,-1.945009995499987
2026-07-07 13:46:00-04:00,2026-07-07 13:47:00-04:00,2026-07-07 13:51:00-04:00,-0.002522831626217248,197.695,197.73454097694997,198.05,198.01039198050003,5,max_holding,1.775000000000091,0.1978724999999315,0.19787248224986342,2.0,-0.620744982249704
2026-07-07 14:02:00-04:00,2026-07-07 14:03:00-04:00,2026-07-07 14:07:00-04:00,-0.002424242424242329,197.5299,197.569407955299,197.37,197.33052797370001,5,max_holding,-0.7994999999999663,0.1974499499999638,0.19744995799499065,2.0,-3.194399907994921
2026-07-07 14:43:00-04:00,2026-07-07 14:44:00-04:00,2026-07-07 14:48:00-04:00,-0.0023541323883052856,197.07,197.1094159707,197.23,197.1905559723,5,max_holding,0.799999999999983,0.19715000000005034,0.19714999200004968,2.0,-1.594299992000117
2026-07-07 14:51:00-04:00,2026-07-07 14:52:00-04:00,2026-07-07 14:56:00-04:00,-0.0020459099556119353,196.73,196.7693479673,196.695,196.65566296695,5,max_holding,-0.17499999999998295,0.19671250000001805,0.1967125017500848,2.0,-2.568425001750086
2026-07-07 14:59:00-04:00,2026-07-07 15:00:00-04:00,2026-07-07 15:04:00-04:00,-0.002032520325203291,196.418,196.45728556417998,196.42,196.3807179642,5,max_holding,0.00999999999990564,0.19641899999996326,0.19641899989991884,2.0,-2.3828379998999765
2026-07-07 15:18:00-04:00,2026-07-07 15:19:00-04:00,2026-07-07 15:23:00-04:00,-0.0030523477641551944,195.97,196.0091959597,196.03,195.9907959603,5,max_holding,0.30000000000001137,0.19599999999996953,0.1959999970000581,2.0,-2.0919999970000163
2026-07-07 15:35:00-04:00,2026-07-07 15:36:00-04:00,2026-07-07 15:36:00-04:00,-0.0020856866636136395,196.1278,196.167027521278,195.87277697999608,195.83360438332784,5,stop_loss,-1.2751151000196614,0.19600028848998363,0.19600030124109935,2.0,-3.6671156897507444
2026-07-07 15:37:00-04:00,2026-07-07 15:38:00-04:00,2026-07-07 15:40:00-04:00,-0.0025181918883590004,196.04,196.07920996039996,195.78509114545938,195.74593608508118,5,stop_loss,-1.274544272703082,0.19591254557269622,0.1959125583181276,2.0,-3.666369376593906
2026-07-08 09:49:00-04:00,2026-07-08 09:50:00-04:00,2026-07-08 09:50:00-04:00,-0.0033561058277915556,197.6,197.63952197599997,197.343062693036,197.303596053928,5,stop_loss,-1.2846865348200254,0.19747153134645146,0.19747154419334834,2.0,-3.679629610359825
2026-07-08 09:51:00-04:00,2026-07-08 09:52:00-04:00,2026-07-08 09:55:00-04:00,-0.0106665331263458,197.565,197.60451497565,197.30810820318655,197.26864855462702,5,stop_loss,-1.2844589840672427,0.19743655410152883,0.19743656694615197,2.0,-3.6793321051149235
2026-07-08 10:11:00-04:00,2026-07-08 10:12:00-04:00,2026-07-08 10:12:00-04:00,-0.0024328297678190003,196.83,196.8693679683,196.57406391634757,196.53475106930492,5,stop_loss,-1.2796804182622168,0.1967020319581536,0.19670204475502828,2.0,-3.6730844949753987
2026-07-08 10:24:00-04:00,2026-07-08 10:25:00-04:00,2026-07-08 10:26:00-04:00,-0.003140512612703761,196.8,196.839361968,197.233040691936,197.193596056128,5,take_profit,2.1652034596799297,0.19701652034598283,0.19701649869389826,2.0,-0.22882955935995142
2026-07-08 10:38:00-04:00,2026-07-08 10:39:00-04:00,2026-07-08 10:43:00-04:00,-0.0021432793390507854,196.88,196.9193779688,197.025,196.98559697025001,5,max_holding,0.7250000000000512,0.19695249999998055,0.1969524927500288,2.0,-1.6689049927499582
2026-07-08 10:46:00-04:00,2026-07-08 10:47:00-04:00,2026-07-08 10:47:00-04:00,-0.0028396125957101948,196.66,196.6993339666,196.4042849656501,196.36500607269983,5,stop_loss,-1.278575171749452,0.19653214248279482,0.19653215526858503,2.0,-3.671639469500832
2026-07-08 10:49:00-04:00,2026-07-08 10:50:00-04:00,2026-07-08 10:50:00-04:00,-0.004556378016629559,196.32,196.3592659632,196.0647270642552,196.02551607948965,5,stop_loss,-1.2763646787239225,0.19619236353207725,0.19619237629569852,2.0,-3.6687494185516982
2026-07-08 11:05:00-04:00,2026-07-08 11:06:00-04:00,2026-07-08 11:06:00-04:00,-0.003591791625850882,198.33,198.36966798330002,198.0721134813251,198.03250103934997,5,stop_loss,-1.2894325933746131,0.19820105674071442,0.19820106963493345,2.0,-3.685834719750261
2026-07-08 11:07:00-04:00,2026-07-08 11:08:00-04:00,2026-07-08 11:10:00-04:00,-0.004922389109358494,198.1126,198.152224501126,197.8549961643743,197.8154271436914,5,stop_loss,-1.2880191781283656,0.19798379808221966,0.19798381096236994,2.0,-3.6839867871729552
2026-07-08 11:13:00-04:00,2026-07-08 11:14:00-04:00,2026-07-08 11:15:00-04:00,-0.003923341916169498,197.3701,197.409575993701,197.11346162971046,197.07404090851912,5,stop_loss,-1.2831918514477536,0.19724178081489185,0.19724179364672523,2.0,-3.6776754259093707
2026-07-08 11:16:00-04:00,2026-07-08 11:17:00-04:00,2026-07-08 11:19:00-04:00,-0.005633589329021693,196.83,196.8693679683,197.2631067042366,197.22365605552682,5,take_profit,2.165533521182965,0.19704655335203825,0.1970465316968273,2.0,-0.22855956386590037
2026-07-08 11:24:00-04:00,2026-07-08 11:25:00-04:00,2026-07-08 11:29:00-04:00,-0.003447576556479426,196.5858,196.625119125858,196.59,196.55068396590002,5,max_holding,0.020999999999986585,0.19658789999994042,0.19658789978990399,2.0,-2.372175799789858
2026-07-08 11:42:00-04:00,2026-07-08 11:43:00-04:00,2026-07-08 11:47:00-04:00,-0.0021738481866140358,197.33,197.3694679733,197.375,197.33552697375,5,max_holding,0.22499999999993747,0.1973524999999654,0.19735249774996078,2.0,-2.1697049977499887
2026-07-08 12:25:00-04:00,2026-07-08 12:26:00-04:00,2026-07-08 12:30:00-04:00,-0.0027288203484878704,199.175,199.21483699175,199.485,199.44510499485003,5,max_holding,1.5500000000000114,0.1993299999999465,0.19932998449988304,2.0,-0.8486599844998182
2026-07-08 13:03:00-04:00,2026-07-08 13:04:00-04:00,2026-07-08 13:06:00-04:00,-0.003656716417910544,200.2708,200.310856162708,200.7114778750334,200.6713375865732,4,take_profit,1.7627115001336051,0.16039291114998377,0.16039289352283959,2.0,-0.5580743045392182
2026-07-08 13:40:00-04:00,2026-07-08 13:41:00-04:00,2026-07-08 13:41:00-04:00,-0.0021349146206044445,203.1855,203.22613913185498,202.9212999231572,202.88071769238556,4,stop_loss,-1.0568003073711907,0.16244271996924908,0.16244273053723646,2.0,-3.3816857578776762
2026-07-08 13:42:00-04:00,2026-07-08 13:43:00-04:00,2026-07-08 13:45:00-04:00,-0.0036856310506923062,202.775,202.81555702775,202.51133369220838,202.47083345058329,4,stop_loss,-1.0546652311664957,0.16211453347682436,0.1621145440235523,2.0,-3.3788943086668723
2026-07-08 13:47:00-04:00,2026-07-08 13:48:00-04:00,2026-07-08 13:49:00-04:00,-0.002391872564975195,202.285,202.32545902285,202.02197083431574,201.9815684603686,4,stop_loss,-1.0521166627370349,0.16172278833369091,0.1617227988548393,2.0,-3.375562249925565
2026-07-08 13:57:00-04:00,2026-07-08 13:58:00-04:00,2026-07-08 14:00:00-04:00,-0.0028013624247211766,202.02,202.06040602020002,202.4645268322404,202.42403595151924,4,take_profit,1.778107328961596,0.16179381073288823,0.16179379295181207,2.0,-0.5454802747231042
2026-07-08 15:40:00-04:00,2026-07-08 15:41:00-04:00,2026-07-08 15:41:00-04:00,-0.002493038252967872,204.175,204.21583704175,203.9095132861874,203.86873342262533,4,stop_loss,-1.0619468552504259,0.1632338053144622,0.163233815933836,2.0,-3.388414476498724
2026-07-08 15:42:00-04:00,2026-07-08 15:43:00-04:00,2026-07-08 15:44:00-04:00,-0.005364022041254191,203.98,204.02079803979998,204.4288396358796,204.3879559122408,4,take_profit,1.7953585435184323,0.163363535854387,0.16336351790073422,2.0,-0.531368510236689
2026-07-09 09:39:00-04:00,2026-07-09 09:40:00-04:00,2026-07-09 09:40:00-04:00,-0.0042782326473407295,202.49,202.53050002490002,202.22670427486267,202.18626095627477,4,stop_loss,-1.0531829005493591,0.16188668170991605,0.161886692241751,2.0,-3.376956274501026
2026-07-09 09:41:00-04:00,2026-07-09 09:42:00-04:00,2026-07-09 09:42:00-04:00,-0.0037649250270826995,201.96,202.0003940196,201.69739342857062,201.65705596685885,4,stop_loss,-1.050426285717549,0.161462957371441,0.16146296787565007,2.0,-3.37335221096464
2026-07-09 09:43:00-04:00,2026-07-09 09:44:00-04:00,2026-07-09 09:44:00-04:00,-0.0035032318547391084,201.94,201.9803900194,201.6774194343709,201.63708596725823,4,stop_loss,-1.0503222625163744,0.16144696777371337,0.16144697827701293,2.0,-3.3732162085671007
2026-07-09 09:56:00-04:00,2026-07-09 09:57:00-04:00,2026-07-09 09:58:00-04:00,-0.0024441426984322945,202.015,202.05540502014998,201.75232191261975,201.71197346576045,4,stop_loss,-1.0507123495209498,0.16150692876499306,0.16150693927215798,2.0,-3.373726217558101
2026-07-09 10:00:00-04:00,2026-07-09 10:01:00-04:00,2026-07-09 10:01:00-04:00,-0.0026711177052423096,201.6322,201.672528456322,201.37001966363752,201.329747673405,4,stop_loss,-1.0487213454499624,0.16120088786544784,0.16120089835260387,2.0,-3.371123131668014
2026-07-09 10:02:00-04:00,2026-07-09 10:03:00-04:00,2026-07-09 10:06:00-04:00,-0.004160269426972452,201.08,201.12021801080002,200.81853768378383,200.77837598443244,4,stop_loss,-1.045849264864728,0.16075941507347125,0.16075942553209188,2.0,-3.367368105470291
2026-07-09 10:07:00-04:00,2026-07-09 10:08:00-04:00,2026-07-09 10:09:00-04:00,-0.0038046451484556876,200.33,200.3700680033,200.06951290129504,200.02950099940992,4,stop_loss,-1.041948394819883,0.16015980516044692,0.16015981557995929,2.0,-3.3622680155602893
2026-07-09 10:10:00-04:00,2026-07-09 10:11:00-04:00,2026-07-09 10:11:00-04:00,-0.003931521847317598,200.15,200.19003200150001,199.88974695349776,199.84977100300455,4,stop_loss,-1.0410121860089703,0.16001589878135292,0.16001590919154296,2.0,-3.361043993981866
2026-07-09 10:15:00-04:00,2026-07-09 10:16:00-04:00,2026-07-09 10:17:00-04:00,-0.003797152135898152,199.39,199.4298799939,199.8287397538878,199.78877600422442,5,take_profit,2.1936987694390098,0.1996093698768675,0.1996093479399974,2.0,-0.20551994837785514
2026-07-09 10:19:00-04:00,2026-07-09 10:20:00-04:00,2026-07-09 10:20:00-04:00,-0.0037448208463524146,199.48,199.51989799479998,199.22061814780778,199.1807760163844,5,stop_loss,-1.29690926096103,0.19935030907390683,0.19935032204287495,2.0,-3.6956098920778118
2026-07-09 10:21:00-04:00,2026-07-09 10:22:00-04:00,2026-07-09 10:24:00-04:00,-0.002379699907316901,199.135,199.17482899134998,199.57317864933268,199.5332660093346,5,take_profit,2.1908932466634212,0.1993540893246859,0.19935406741566908,2.0,-0.20781491007693376
2026-07-09 11:14:00-04:00,2026-07-09 11:15:00-04:00,2026-07-09 11:17:00-04:00,-0.0024763473900765165,201.37,201.4102760137,201.10816059967948,201.06794097864116,4,stop_loss,-1.0473576012821013,0.16099126423989674,0.16099127471341035,2.0,-3.3693401402354084
2026-07-09 11:31:00-04:00,2026-07-09 11:32:00-04:00,2026-07-09 11:34:00-04:00,-0.0031464226692803354,201.52,201.5603060152,201.25796555617723,201.21771597564566,4,stop_loss,-1.0481377752911385,0.16111118622245613,0.16111119670381413,2.0,-3.3703601582174088
2026-07-09 12:36:00-04:00,2026-07-09 12:37:00-04:00,2026-07-09 12:41:00-04:00,-0.002815092848676426,201.9,201.940382019,202.05,202.0095920205,4,max_holding,0.6000000000000227,0.1615799999999581,0.16157999400002154,2.0,-1.723159993999957
2026-07-09 14:22:00-04:00,2026-07-09 14:23:00-04:00,2026-07-09 14:27:00-04:00,-0.002359649985252177,202.94,202.9805900294,203.23,203.1893560323,4,max_holding,1.1599999999999682,0.16246799999998984,0.16246798839995336,2.0,-1.164935988399975
2026-07-09 14:49:00-04:00,2026-07-09 14:50:00-04:00,2026-07-09 14:54:00-04:00,-0.0020588235294116686,203.57,203.6107160357,203.72,203.6792580372,4,max_holding,0.6000000000000227,0.16291599999999562,0.16291599400005907,2.0,-1.725831994000032
2026-07-09 15:01:00-04:00,2026-07-09 15:02:00-04:00,2026-07-09 15:06:00-04:00,-0.0026988413197172045,203.1397,203.180329971397,203.2199,203.179258052199,4,max_holding,0.3207999999999629,0.1625438399998984,0.1625438367919969,2.0,-2.0042876767919324
2026-07-09 15:26:00-04:00,2026-07-09 15:27:00-04:00,2026-07-09 15:30:00-04:00,-0.003080420435101483,203.915,203.95578503915,203.64985136159126,203.60912342781745,4,stop_loss,-1.0605945536349282,0.1630259405445713,0.16302595115064378,2.0,-3.3866464453301433
2026-07-09 15:53:00-04:00,2026-07-09 15:54:00-04:00,2026-07-09 15:54:00-04:00,-0.0024011368648011455,203.58,203.6207180358,203.3152869587463,203.27462593450744,4,stop_loss,-1.058852165014855,0.16275811478340074,0.16275812537196543,2.0,-3.384368405170221
2026-07-10 09:39:00-04:00,2026-07-10 09:40:00-04:00,2026-07-10 09:40:00-04:00,-0.0029145950182468683,203.5484,203.589111715484,203.28372804791078,203.2430733351385,4,stop_loss,-1.058687808356808,0.16273285121917525,0.16273286180603463,2.0,-3.384153521382018
2026-07-10 09:41:00-04:00,2026-07-10 09:42:00-04:00,2026-07-10 09:42:00-04:00,-0.0036148698158370296,203.985,204.02579903985,204.4338506379297,204.39296591214062,4,take_profit,1.7954025517187802,0.1633675402551944,0.16336752230108686,2.0,-0.5313325108375011
2026-07-10 10:05:00-04:00,2026-07-10 10:06:00-04:00,2026-07-10 10:07:00-04:00,-0.00417229403820174,206.4652,206.506495104652,206.19673536199502,206.15549807688998,4,stop_loss,-1.0738585520199422,0.16506477414475285,0.16506478488338416,2.0,-3.403988111048079
2026-07-10 10:08:00-04:00,2026-07-10 10:09:00-04:00,2026-07-10 10:09:00-04:00,-0.0064744392028497355,206.4,206.44128206399998,206.854164628128,206.81279586374401,4,take_profit,1.8166585125119354,0.16530166585118877,0.16530164768460054,2.0,-0.5139448010238539
2026-07-10 10:18:00-04:00,2026-07-10 10:19:00-04:00,2026-07-10 10:19:00-04:00,-0.0038851513695338236,207.29,207.33146007289997,207.02046288279064,206.9790608604187,4,stop_loss,-1.078148468837412,0.16572418515306708,0.16572419593455834,2.0,-3.4095968499250375
2026-07-10 10:20:00-04:00,2026-07-10 10:21:00-04:00,2026-07-10 10:21:00-04:00,-0.003517055309308126,206.84,206.8813700684,206.5710480132974,206.52973586940521,4,stop_loss,-1.0758079468104143,0.16536441920527523,0.16536442996346068,2.0,-3.40653679597915
2026-07-10 10:22:00-04:00,2026-07-10 10:23:00-04:00,2026-07-10 10:27:00-04:00,-0.004186003484481726,206.6999,206.741242046999,207.154724531093,207.11329565773403,4,take_profit,1.819298124371926,0.16554184981237086,0.16554183161940728,2.0,-0.5117855570598522
2026-07-10 10:32:00-04:00,2026-07-10 10:33:00-04:00,2026-07-10 10:33:00-04:00,-0.004724233306447556,206.45,206.4912920645,206.18155512640325,206.14032087719352,4,stop_loss,-1.0737794943869403,0.1650526220505526,0.1650526327883881,2.0,-3.403884749225881
2026-07-10 10:41:00-04:00,2026-07-10 10:42:00-04:00,2026-07-10 10:43:00-04:00,-0.0021193296735048106,207.205,207.24644307205003,206.93557340744195,206.8941883621162,4,stop_loss,-1.0777063702322494,0.1656562293629804,0.16565624014003788,2.0,-3.4090188397352676
2026-07-10 10:44:00-04:00,2026-07-10 10:45:00-04:00,2026-07-10 10:45:00-04:00,-0.002097750343597049,206.91,206.9513840691,206.64095699299634,206.59963086800732,4,stop_loss,-1.0761720280146392,0.16542038279715143,0.16542039355886118,2.0,-3.407012804370652
2026-07-10 10:46:00-04:00,2026-07-10 10:47:00-04:00,2026-07-10 10:51:00-04:00,-0.003133868899656722,206.59,206.63132006589998,207.04458270603178,207.0031758599364,4,take_profit,1.818330824127088,0.165453833082438,0.1654538148990241,2.0,-0.5125768238543742
2026-07-10 10:54:00-04:00,2026-07-10 10:55:00-04:00,2026-07-10 10:55:00-04:00,-0.0025475097029581395,206.425,206.46628706425003,206.15658763365366,206.1153583776928,4,stop_loss,-1.0736494653854152,0.16503263505353516,0.16503264579000643,2.0,-3.4037147462289568
2026-07-10 10:56:00-04:00,2026-07-10 10:57:00-04:00,2026-07-10 10:57:00-04:00,-0.004588042113397028,206.1,206.141222061,206.55350450512202,206.51219586975606,4,take_profit,1.8140180204881062,0.1650614018020633,0.1650613836618504,2.0,-0.5161047649758075
2026-07-10 10:58:00-04:00,2026-07-10 10:59:00-04:00,2026-07-10 11:03:00-04:00,-0.0022867262460626314,206.19,206.2312400619,205.92189320180717,205.88071088238573,4,stop_loss,-1.072427192771329,0.1648447572807754,0.1648447680049685,2.0,-3.402116718057073
2026-07-10 11:42:00-04:00,2026-07-10 11:43:00-04:00,2026-07-10 11:46:00-04:00,-0.005075412975819926,207.805,207.84656307805,208.2622562042061,208.2206058355878,4,take_profit,1.829024816824358,0.1664269024817031,0.1664268841914236,2.0,-0.5038289698487688
2026-07-10 12:12:00-04:00,2026-07-10 12:13:00-04:00,2026-07-10 12:17:00-04:00,-0.002100038182512365,209.07,209.1118160907,209.53003972288138,209.4881358102372,4,take_profit,1.8401588915255616,0.1674400158891558,0.16743999748757687,2.0,-0.4947211218511711
2026-07-10 12:29:00-04:00,2026-07-10 12:30:00-04:00,2026-07-10 12:34:00-04:00,-0.0035622684525505877,209.795,209.83696109795,210.2566350201459,210.21458579570822,4,take_profit,1.8465400805836225,0.16802065400804622,0.16802063554268898,2.0,-0.4895012089671127
2026-07-10 12:57:00-04:00,2026-07-10 12:58:00-04:00,2026-07-10 13:02:00-04:00,-0.0022384150116683266,209.5,209.54190209499998,209.69,209.6480640969,4,max_holding,0.7599999999999909,0.16767600000002858,0.1676759923999498,2.0,-1.5753519923999875
2026-07-10 13:17:00-04:00,2026-07-10 13:18:00-04:00,2026-07-10 13:22:00-04:00,-0.0020944167446739215,209.69,209.7319400969,209.97,209.9280080997,4,max_holding,1.1200000000000045,0.16786400000000867,0.16786398879992248,2.0,-1.2157279887999266
2026-07-10 14:07:00-04:00,2026-07-10 14:08:00-04:00,2026-07-10 14:12:00-04:00,-0.0025863091707201136,210.185,210.22703910185,210.07,210.0279881007,4,max_holding,-0.4600000000000364,0.16810199999997621,0.16810200460008673,2.0,-2.7962040046000993
2026-07-10 14:38:00-04:00,2026-07-10 14:39:00-04:00,2026-07-10 14:43:00-04:00,-0.002139545940805787,209.89,209.93198009889997,210.02,209.9779981002,4,max_holding,0.5200000000000955,0.16796399999998357,0.1679639947999476,2.0,-1.8159279947998357
2026-07-10 15:11:00-04:00,2026-07-10 15:12:00-04:00,2026-07-10 15:16:00-04:00,-0.002254336631783871,210.2399,210.281950082399,210.09,210.0479841009,4,max_holding,-0.5996000000000095,0.16813195999998243,0.16813196599593994,2.0,-2.935863925995932
2026-07-13 09:37:00-04:00,2026-07-13 09:38:00-04:00,2026-07-13 09:38:00-04:00,-0.006469412995908974,208.89,208.93178008889998,208.61838241876666,208.57666082846674,4,stop_loss,-1.086470324933316,0.16700335296752655,0.1670033638321229,2.0,-3.4204770417329655
2026-07-13 09:39:00-04:00,2026-07-13 09:40:00-04:00,2026-07-13 09:40:00-04:00,-0.004525533536585358,208.99,209.0318000899,208.71825238976515,208.67651082646972,4,stop_loss,-1.0869904409394167,0.1670833009558237,0.167083311825877,2.0,-3.4211570537211173
2026-07-13 09:41:00-04:00,2026-07-13 09:42:00-04:00,2026-07-13 09:42:00-04:00,-0.0041972717733472775,208.7506,208.79235220750599,208.47916367919473,208.43746993125052,4,stop_loss,-1.0857452832210583,0.16689190547174348,0.16689191632906386,2.0,-3.4195291050218657
2026-07-13 09:43:00-04:00,2026-07-13 09:44:00-04:00,2026-07-13 09:45:00-04:00,-0.006506696636558229,207.91,207.9515840791,208.3674872472582,208.32581583348363,4,take_profit,1.8299489890328005,0.16651099489888566,0.1665109765993975,2.0,-0.5030729824654827
2026-07-13 09:46:00-04:00,2026-07-13 09:47:00-04:00,2026-07-13 09:47:00-04:00,-0.003233068301561559,208.0913,208.132920340913,208.54918618159482,208.50747842985035,4,take_profit,1.8315447263793203,0.16665619447269364,0.16665617615717565,2.0,-0.501767644250549
2026-07-13 09:51:00-04:00,2026-07-13 09:52:00-04:00,2026-07-13 09:52:00-04:00,-0.0024747122846638936,207.5601,207.60161409560098,208.01681732379217,207.9752160404956,4,take_profit,1.826869295168649,0.1662307669294023,0.1662307486607233,2.0,-0.5055922204214767
2026-07-13 09:53:00-04:00,2026-07-13 09:54:00-04:00,2026-07-13 09:54:00-04:00,-0.005729766014576088,207.35,207.39147207349998,207.08038486538973,207.0389708592205,4,stop_loss,-1.0784605384410497,0.1657721539461363,0.1657721647306971,2.0,-3.410004857117883
2026-07-13 09:55:00-04:00,2026-07-13 09:56:00-04:00,2026-07-13 09:57:00-04:00,-0.006140855881788476,207.16,207.20143407159998,207.6158369397432,207.5743158485136,4,take_profit,1.8233477589727727,0.1659103347758446,0.1659103165424085,2.0,-0.5084728923454804
2026-07-13 10:16:00-04:00,2026-07-13 10:17:00-04:00,2026-07-13 10:17:00-04:00,-0.00451461876552639,208.38,208.4216780838,208.10904556667433,208.06742583865145,4,stop_loss,-1.0838177333026806,0.16659561822666547,0.16659562906488645,2.0,-3.4170089805942325
2026-07-13 10:18:00-04:00,2026-07-13 10:19:00-04:00,2026-07-13 10:19:00-04:00,-0.0027032846104160235,208.4401,208.481790104401,208.8987536846098,208.85697602286044,4,take_profit,1.8346147384391998,0.16693554147377654,0.1669355231276768,2.0,-0.49925632616225357
2026-07-13 10:20:00-04:00,2026-07-13 10:21:00-04:00,2026-07-13 10:21:00-04:00,-0.0020808419038507164,208.615,208.65672508615,208.3437399985208,208.30207333395848,4,stop_loss,-1.0850400059168805,0.1667834959994252,0.1667835068498107,2.0,-3.4186070087661165
2026-07-13 10:29:00-04:00,2026-07-13 10:30:00-04:00,2026-07-13 10:32:00-04:00,-0.002200009565259009,208.63,208.6717280863,208.35872049417054,208.31705083365893,4,stop_loss,-1.0851180233178184,0.16679548819763568,0.16679549904881696,2.0,-3.418709010564271
2026-07-13 10:35:00-04:00,2026-07-13 10:36:00-04:00,2026-07-13 10:36:00-04:00,-0.003112100751807678,208.1992,208.240841921992,207.92848065910903,207.88689704226204,4,stop_loss,-1.0828773635638527,0.16645107226361233,0.1664510830923973,2.0,-3.4157795189198623
2026-07-13 10:37:00-04:00,2026-07-13 10:38:00-04:00,2026-07-13 10:39:00-04:00,-0.002327981376149091,207.8301,207.871668098301,208.2874114344976,208.24575603508484,4,take_profit,1.8292457379905045,0.16644700457379713,0.16644698628135757,2.0,-0.5036482528646502
2026-07-13 10:40:00-04:00,2026-07-13 10:41:00-04:00,2026-07-13 10:41:00-04:00,-0.0025463528934802637,207.65,207.6915320765,207.37999477838528,207.33852085322957,4,stop_loss,-1.0800208864588967,0.16601199791136878,0.16601200871150468,2.0,-3.41204489308177
2026-07-13 10:42:00-04:00,2026-07-13 10:43:00-04:00,2026-07-13 10:45:00-04:00,-0.0025739716141448543,207.32,207.3614660732,207.05042387409023,207.00901585981964,4,stop_loss,-1.0783045036390604,0.16574816954971539,0.16574818033268457,2.0,-3.4098008535214603
2026-07-13 10:54:00-04:00,2026-07-13 10:55:00-04:00,2026-07-13 10:56:00-04:00,-0.003541827293754851,206.7707,206.812056207707,207.22568032012242,207.1842372563152,4,take_profit,1.819921280489666,0.16559855212801722,0.16559853392880086,2.0,-0.511275805567152
2026-07-13 11:35:00-04:00,2026-07-13 11:36:00-04:00,2026-07-13 11:40:00-04:00,-0.003173610944149252,207.31,207.35146407309998,207.34,207.2985340734,4,max_holding,0.12000000000000455,0.16585999999995238,0.1658599987999878,2.0,-2.2117199987999356
2026-07-13 12:00:00-04:00,2026-07-13 12:01:00-04:00,2026-07-13 12:02:00-04:00,-0.002270202386127629,206.545,206.58631106545,206.27643159885181,206.23517837529636,4,stop_loss,-1.0742736045926904,0.16512857263955993,0.16512858338228398,2.0,-3.4045307606145343
2026-07-13 12:04:00-04:00,2026-07-13 12:05:00-04:00,2026-07-13 12:05:00-04:00,-0.0027085852478839767,206.2,206.241242062,205.931880198907,205.89069588218604,4,stop_loss,-1.0724792043719162,0.1648527520795824,0.1648527628043439,2.0,-3.4021847192558425
2026-07-13 12:06:00-04:00,2026-07-13 12:07:00-04:00,2026-07-13 12:11:00-04:00,-0.002350090854027931,205.88,205.9211780588,206.2321,206.190855642321,4,max_holding,1.4084000000000287,0.16484484000000066,0.16484482591602045,2.0,-0.9212896659159924
2026-07-13 12:32:00-04:00,2026-07-13 12:33:00-04:00,2026-07-13 12:34:00-04:00,-0.002137686440266351,205.38,205.4210780538,205.1129464367193,205.07192589856143,4,stop_loss,-1.0682142531227328,0.16419717857468186,0.16419718925681082,2.0,-3.3966086209542254
2026-07-13 12:35:00-04:00,2026-07-13 12:36:00-04:00,2026-07-13 12:36:00-04:00,-0.004246221514545678,204.79,204.8309600479,204.52371360782814,204.48281091034372,4,stop_loss,-1.0651455686873987,0.16372548544313759,0.1637254960945711,2.0,-3.3925965502251074
2026-07-13 12:37:00-04:00,2026-07-13 12:38:00-04:00,2026-07-13 12:39:00-04:00,-0.003505526072350107,204.66,204.7009340466,205.1103359146932,205.0693158986136,4,take_profit,1.8013436587727938,0.16390813436589724,0.16390811635244518,2.0,-0.5264725919455486
2026-07-13 12:49:00-04:00,2026-07-13 12:50:00-04:00,2026-07-13 12:50:00-04:00,-0.0020473822755191495,204.7,204.74094204699998,204.4338306339295,204.39294591214102,4,stop_loss,-1.0646774642819992,0.16365353225353374,0.1636535429003061,2.0,-3.391984539435839
2026-07-13 12:51:00-04:00,2026-07-13 12:52:00-04:00,2026-07-13 12:56:00-04:00,-0.002649620466356639,204.65,204.6909320465,204.72,204.67905804720002,4,max_holding,0.2799999999999727,0.16374799999994138,0.16374799719994826,2.0,-2.047495997199917
2026-07-13 13:15:00-04:00,2026-07-13 13:16:00-04:00,2026-07-13 13:20:00-04:00,-0.0020248841180775523,204.521,204.56190624521,204.2550633858422,204.21421441571567,4,stop_loss,-1.0637464566311792,0.16351042535427496,0.16351043599183868,2.0,-3.390767317977293
2026-07-13 13:40:00-04:00,2026-07-13 13:41:00-04:00,2026-07-13 13:45:00-04:00,-0.0022921359318381906,203.74,203.7807500374,204.01,203.9692000401,4,max_holding,1.0799999999999272,0.1630999999999858,0.1630999891999636,2.0,-1.2461999892000222
2026-07-13 13:51:00-04:00,2026-07-13 13:52:00-04:00,2026-07-13 13:56:00-04:00,-0.0021223409469660615,203.595,203.63572103594998,203.715,203.67425903715,4,max_holding,0.4800000000000182,0.16292399999997542,0.16292399520000345,2.0,-1.8458479951999607
2026-07-13 14:10:00-04:00,2026-07-13 14:11:00-04:00,2026-07-13 14:15:00-04:00,-0.0020306804002643286,203.95,203.9907920395,204.155,204.11417104155,4,max_holding,0.82000000000005,0.16324199999996836,0.1632419918000778,2.0,-1.5064839917999961
2026-07-13 14:29:00-04:00,2026-07-13 14:30:00-04:00,2026-07-13 14:30:00-04:00,-0.0024249846907532513,203.62,203.6607260362,203.3552349471457,203.31456593370862,4,stop_loss,-1.0590602114172043,0.16279009397885602,0.16279010456946708,2.0,-3.3846404099655274
2026-07-13 15:09:00-04:00,2026-07-13 15:10:00-04:00,2026-07-13 15:14:00-04:00,-0.0029814606466761484,203.825,203.86576703825,203.87,203.8292280387,4,max_holding,0.18000000000006366,0.16307800000004136,0.16307799820003765,2.0,-2.1461559982000153
2026-07-13 15:38:00-04:00,2026-07-13 15:39:00-04:00,2026-07-13 15:43:00-04:00,-0.0022032902467685744,203.79,203.83076003789998,203.92,203.8792180392,4,max_holding,0.5199999999999818,0.16308399999991252,0.16308399479999025,2.0,-1.806167994799921
2026-07-14 09:35:00-04:00,2026-07-14 09:36:00-04:00,2026-07-14 09:39:00-04:00,-0.008949303405572762,204.87,204.9109760487,204.60360958462698,204.56269090874616,4,stop_loss,-1.0655616614920973,0.16378944383382077,0.1637894544894607,2.0,-3.3931405598153788
2026-07-14 09:40:00-04:00,2026-07-14 09:41:00-04:00,2026-07-14 09:42:00-04:00,-0.0022453263044858174,204.42,204.46088604419998,204.15419471513368,204.1133659177326,4,stop_loss,-1.0632211394652131,0.1634296778860289,0.16342968851824935,2.0,-3.3900805058694914
2026-07-14 09:43:00-04:00,2026-07-14 09:44:00-04:00,2026-07-14 09:45:00-04:00,-0.002479389312977087,204.15,204.1908320415,204.599213705583,204.55829590883403,4,take_profit,1.7968548223319658,0.1634996854821793,0.16349966751363354,2.0,-0.530144530663847
2026-07-14 10:02:00-04:00,2026-07-14 10:03:00-04:00,2026-07-14 10:07:00-04:00,-0.0020973563554775865,204.5784,204.619317725784,204.74,204.6990540474,4,max_holding,0.6464000000000851,0.1637273600000526,0.1637273535359327,2.0,-1.6810547135359002
2026-07-14 10:25:00-04:00,2026-07-14 10:26:00-04:00,2026-07-14 10:26:00-04:00,-0.0024280250117705293,205.09,205.1310200509,205.5412820910018,205.50017588999643,4,take_profit,1.805128364007146,0.1642525128363559,0.1642524947850461,2.0,-0.523376643614256
2026-07-14 10:27:00-04:00,2026-07-14 10:28:00-04:00,2026-07-14 10:29:00-04:00,-0.0028675577156743737,205.14,205.18103005139997,205.59139211150278,205.5502758889944,4,take_profit,1.8055684460111934,0.16429255684454347,0.1642925387889136,2.0,-0.5230166496222637
2026-07-14 10:43:00-04:00,2026-07-14 10:44:00-04:00,2026-07-14 10:46:00-04:00,-0.0021761207021615547,206.31,206.35126406310002,206.76396659122622,206.72261586554765,4,take_profit,1.8158663649048776,0.16522958663654208,0.16522956847779824,2.0,-0.5145927902094627
2026-07-14 11:51:00-04:00,2026-07-14 11:52:00-04:00,2026-07-14 11:55:00-04:00,-0.002216212335160228,208.465,208.50669508465,208.9237084748193,208.8819258223614,4,take_profit,1.8348338992772142,0.16695548338998378,0.1669554650416103,2.0,-0.4990770491543799
2026-07-14 12:13:00-04:00,2026-07-14 12:14:00-04:00,2026-07-14 12:18:00-04:00,-0.002346125302243096,208.35,208.3916720835,208.80845542766698,208.76669582466602,4,take_profit,1.8338217106679622,0.16686338217107277,0.1668633638328174,2.0,-0.499905035335928
2026-07-14 13:32:00-04:00,2026-07-14 13:33:00-04:00,2026-07-14 13:37:00-04:00,-0.0025323645658296146,210.74,210.7821501074,210.66,210.6178701066,4,max_holding,-0.32000000000005,0.16855999999995674,0.16856000320001385,2.0,-2.6571200032000206
2026-07-14 15:03:00-04:00,2026-07-14 15:04:00-04:00,2026-07-14 15:08:00-04:00,-0.0024954093883891026,211.875,211.91737711874998,211.755,211.71265111755,4,max_holding,-0.4800000000000182,0.1694519999999784,0.16945200479995037,2.0,-2.818904004799947
2026-07-14 15:27:00-04:00,2026-07-14 15:28:00-04:00,2026-07-14 15:29:00-04:00,-0.0025687554497677567,211.62,211.6623261162,211.3448326270257,211.30256577394863,4,stop_loss,-1.1006694918971789,0.1691859330508123,0.1691859440575172,2.0,-3.4390413690055084
2026-07-14 15:30:00-04:00,2026-07-14 15:31:00-04:00,2026-07-14 15:35:00-04:00,-0.0032092123271507678,211.215,211.25724511215,211.6797596023743,211.63742576725144,4,take_profit,1.8590384094972023,0.16915790384086904,0.16915788525056996,2.0,-0.47927737959423666
2026-07-15 09:37:00-04:00,2026-07-15 09:38:00-04:00,2026-07-15 09:38:00-04:00,-0.005839176418169445,211.97,212.01239611969999,211.69437752552045,211.65204076695912,4,stop_loss,-1.1024898979181899,0.16946575101019334,0.16946576203508812,2.0,-3.4414214109634713
2026-07-15 09:39:00-04:00,2026-07-15 09:40:00-04:00,2026-07-15 09:40:00-04:00,-0.0059995312866182315,212.075,212.11741712075,211.79924099506889,211.7568832648623,4,stop_loss,-1.1030360197244136,0.16954969639800765,0.1695497074283594,2.0,-3.4421354235507806
2026-07-15 09:41:00-04:00,2026-07-15 09:42:00-04:00,2026-07-15 09:43:00-04:00,-0.002613017974510523,211.695,211.73734111694998,212.16081579918387,212.11838575763218,4,take_profit,1.8632631967354882,0.16954232631962896,0.16954230768703837,2.0,-0.4758214372711791
2026-07-15 09:48:00-04:00,2026-07-15 09:49:00-04:00,2026-07-15 09:49:00-04:00,-0.00256724292241739,211.69,211.7323401169,211.41474160672465,211.37246077255074,4,stop_loss,-1.1010335731014038,0.16924189664257483,0.16924190765303138,2.0,-3.43951737739701
2026-07-15 09:50:00-04:00,2026-07-15 09:51:00-04:00,2026-07-15 09:51:00-04:00,-0.0032800811761096726,211.215,211.25724511215,210.94035924448178,210.89817328203648,4,stop_loss,-1.0985630220728808,0.16886214369776553,0.16886215468343835,2.0,-3.4362873204540847
2026-07-15 09:52:00-04:00,2026-07-15 09:53:00-04:00,2026-07-15 09:53:00-04:00,-0.0037531866679255677,211.02,211.06220611019998,210.7456128010347,210.70346578593063,4,stop_loss,-1.0975487958612575,0.16870624512034738,0.16870625609578838,2.0,-3.4349612970773933
2026-07-15 10:04:00-04:00,2026-07-15 10:05:00-04:00,2026-07-15 10:05:00-04:00,-0.006321351070855741,210.65,210.6921321065,210.37609390834027,210.33402079331952,4,stop_loss,-1.0956243666389582,0.1684104375633524,0.1684104485195803,2.0,-3.432445252721891
2026-07-15 10:06:00-04:00,2026-07-15 10:07:00-04:00,2026-07-15 10:08:00-04:00,-0.0027881480081282106,211.01,211.05220411009998,211.47430851832019,211.4320157713596,4,take_profit,1.8572340732807788,0.16899372340731134,0.16899370483497478,2.0,-0.4807533549615073
2026-07-15 10:15:00-04:00,2026-07-15 10:16:00-04:00,2026-07-15 10:17:00-04:00,-0.0028709877321083654,211.275,211.31725711275,211.73989162697552,211.69754576604905,4,take_profit,1.8595665079020591,0.16920595665078508,0.16920593805514272,2.0,-0.4788453868038687
2026-07-15 10:22:00-04:00,2026-07-15 10:23:00-04:00,2026-07-15 10:23:00-04:00,-0.0040139780884019816,210.905,210.94718310904997,210.63076233438642,210.58863828822714,4,stop_loss,-1.0969506624543328,0.1686143049337261,0.16861431590325537,2.0,-3.4341792832913143
2026-07-15 10:24:00-04:00,2026-07-15 10:25:00-04:00,2026-07-15 10:25:00-04:00,-0.008078994614003632,209.95,209.99199209949998,209.67700411135075,209.63507080729855,4,stop_loss,-1.0919835545969363,0.16785080164447663,0.16785081256432477,2.0,-3.4276851688057377
2026-07-15 10:26:00-04:00,2026-07-15 10:27:00-04:00,2026-07-15 10:29:00-04:00,-0.006490122696480194,209.73,209.7719480973,210.1914919934946,210.1494557970108,4,take_profit,1.8459679739784178,0.16796859679743648,0.16796857833776357,2.0,-0.4899692011567822
2026-07-15 10:38:00-04:00,2026-07-15 10:39:00-04:00,2026-07-15 10:40:00-04:00,-0.0032050521117731323,209.92,209.9619860992,209.64704312005122,209.60511580789765,4,stop_loss,-1.0918275197950607,0.1678268172480557,0.16782682816631223,2.0,-3.4274811652094286
2026-07-15 10:42:00-04:00,2026-07-15 10:43:00-04:00,2026-07-15 10:44:00-04:00,-0.003140389693812029,209.5,209.54190209499998,209.96098589918998,209.91899580162,4,take_profit,1.8439435967599138,0.16778439435961445,0.1677843759201778,2.0,-0.49162517351987844
2026-07-15 11:04:00-04:00,2026-07-15 11:05:00-04:00,2026-07-15 11:08:00-04:00,-0.0026181974003713915,209.5,209.54190209499998,209.96098589918998,209.91899580162,4,take_profit,1.8439435967599138,0.16778439435961445,0.1677843759201778,2.0,-0.49162517351987844
2026-07-15 11:12:00-04:00,2026-07-15 11:13:00-04:00,2026-07-15 11:14:00-04:00,-0.002120764428346855,209.395,209.43688109395,209.12272577230908,209.0809033183819,4,stop_loss,-1.0890969107637147,0.16740709030887047,0.16740710119984215,2.0,-3.4239111022724273
2026-07-15 11:15:00-04:00,2026-07-15 11:16:00-04:00,2026-07-15 11:16:00-04:00,-0.0035317119694802113,208.92,208.9617860892,208.6483434100662,208.6066158278676,4,stop_loss,-1.0866263597351917,0.16702733736406117,0.16702734823024912,2.0,-3.420681045329502
2026-07-15 11:17:00-04:00,2026-07-15 11:18:00-04:00,2026-07-15 11:22:00-04:00,-0.0033908828235068578,208.66,208.70173408659997,208.69,208.64826408689999,4,max_holding,0.12000000000000455,0.16693999999995413,0.16693999879998955,2.0,-2.213879998799939
2026-07-15 11:35:00-04:00,2026-07-15 11:36:00-04:00,2026-07-15 11:40:00-04:00,-0.0025765817348984976,209.04,209.08181009039998,209.15,209.1081720915,4,max_holding,0.44000000000005457,0.1672760000000153,0.16727599559999362,2.0,-1.8945519955999544
2026-07-15 11:44:00-04:00,2026-07-15 11:45:00-04:00,2026-07-15 11:45:00-04:00,-0.0020088859163004402,208.9,208.94178208900001,208.62836941586653,208.58664582826705,4,stop_loss,-1.0865223365339034,0.16701134776633353,0.16701135863161198,2.0,-3.420545042931849
2026-07-15 11:47:00-04:00,2026-07-15 11:48:00-04:00,2026-07-15 11:52:00-04:00,-0.0031258214840482745,208.545,208.58671108544996,208.63,208.5882760863,4,max_holding,0.34000000000003183,0.16686999999990348,0.16686999659998492,2.0,-1.9937399965998566
2026-07-15 12:01:00-04:00,2026-07-15 12:02:00-04:00,2026-07-15 12:03:00-04:00,-0.0022034304331161048,208.27,208.3116560827,207.99918859857598,207.95759084084816,4,stop_loss,-1.0832456056961064,0.16650767543944767,0.16650768627187063,2.0,-3.4162609674074247
2026-07-15 12:04:00-04:00,2026-07-15 12:05:00-04:00,2026-07-15 12:05:00-04:00,-0.003930692134445857,207.81,207.8515640781,207.53978673198287,207.49828085003435,4,stop_loss,-1.0808530720685212,0.16613991469273515,0.16613992550139756,2.0,-3.413132912262654
2026-07-15 12:06:00-04:00,2026-07-15 12:07:00-04:00,2026-07-15 12:07:00-04:00,-0.004994235573688832,207.23,207.2714480723,206.96054090019155,206.9191508616169,4,stop_loss,-1.0778363992337745,0.16567621636011154,0.16567622713841956,2.0,-3.4091888427323056
2026-07-15 12:08:00-04:00,2026-07-15 12:09:00-04:00,2026-07-15 12:13:00-04:00,-0.0040879142018948045,207.075,207.11641707074997,206.94,206.8986140694,4,max_holding,-0.5399999999999636,0.16560599999991155,0.16560600540003634,2.0,-2.8712120053999115
2026-07-15 12:14:00-04:00,2026-07-15 12:15:00-04:00,2026-07-15 12:19:00-04:00,-0.0020254434274360467,206.9401,206.981490089401,206.965,206.92360906965,4,max_holding,0.09960000000000946,0.16556203999994068,0.16556203900404398,2.0,-2.231524079003975
2026-07-15 12:34:00-04:00,2026-07-15 12:35:00-04:00,2026-07-15 12:39:00-04:00,-0.00244561539205268,206.38,206.42127806379997,206.37,206.32872806370003,4,max_holding,-0.03999999999996362,0.16509999999993852,0.1651000003998888,2.0,-2.370200000399791
2026-07-15 14:16:00-04:00,2026-07-15 14:17:00-04:00,2026-07-15 14:21:00-04:00,-0.0020676379019416435,209.955,209.99699309955,210.37,210.3279281037,4,max_holding,1.6599999999999682,0.1681300000000192,0.1681299833999219,2.0,-0.676259983399973
2026-07-15 14:52:00-04:00,2026-07-15 14:53:00-04:00,2026-07-15 14:57:00-04:00,-0.0021136126151799495,210.11,210.1520241011,210.38,210.3379261038,4,max_holding,1.0799999999999272,0.16819599999996626,0.16819598920005774,2.0,-1.2563919892000968
2026-07-15 15:19:00-04:00,2026-07-15 15:20:00-04:00,2026-07-15 15:20:00-04:00,-0.0033782985659949194,210.93,210.97218810930002,210.65572982713607,210.61360078772796,4,stop_loss,-1.0970806914557443,0.16863429193085722,0.16863430290163706,2.0,-3.4343492862882385
2026-07-15 15:21:00-04:00,2026-07-15 15:22:00-04:00,2026-07-15 15:22:00-04:00,-0.004158004158004158,210.74,210.7821501074,210.46597688223892,210.42388579152225,4,stop_loss,-1.0960924710443578,0.16848239075284255,0.16848240171384532,2.0,-3.4330572635110457
2026-07-15 15:23:00-04:00,2026-07-15 15:24:00-04:00,2026-07-15 15:28:00-04:00,-0.0032410693162999715,210.68,210.7221381068,211.0351,210.99289509035103,4,max_holding,1.4203999999999724,0.16868603999989773,0.1686860257959779,2.0,-0.9169720657959033
2026-07-15 15:48:00-04:00,2026-07-15 15:49:00-04:00,2026-07-15 15:50:00-04:00,-0.002337748188020905,211.28,211.3222581128,211.7449026290256,211.70255576594883,4,take_profit,1.859610516102407,0.16920996105159247,0.16920994245549537,2.0,-0.4788093874046808
2026-07-16 09:35:00-04:00,2026-07-16 09:36:00-04:00,2026-07-16 09:36:00-04:00,-0.008210698962431207,208.6599,208.70163406659898,208.3885816154991,208.34690598306184,4,stop_loss,-1.0852735380035483,0.1668193926461754,0.16681940349883462,2.0,-3.4189123341485583
2026-07-16 09:37:00-04:00,2026-07-16 09:38:00-04:00,2026-07-16 09:38:00-04:00,-0.009774614472123355,208.675,208.71673708675002,208.4036619811199,208.3619833327603,4,stop_loss,-1.0853520755204045,0.16683146479249444,0.16683147564594947,2.0,-3.4190150159588484
2026-07-16 09:39:00-04:00,2026-07-16 09:40:00-04:00,2026-07-16 09:40:00-04:00,-0.004402578796561585,208.48,208.5216980848,208.93874148096958,208.8969558220608,4,take_profit,1.8349659238783715,0.16696749659240595,0.1669674782427819,2.0,-0.4989690509568163
2026-07-16 09:44:00-04:00,2026-07-16 09:45:00-04:00,2026-07-16 09:45:00-04:00,-0.003324569822921508,207.82,207.86156607819998,207.5497737290827,207.5082658498346,4,stop_loss,-1.0809050836692222,0.1661479094916558,0.16614792030065928,2.0,-3.4132009134615373
2026-07-16 09:46:00-04:00,2026-07-16 09:47:00-04:00,2026-07-16 09:49:00-04:00,-0.0029777628355986963,207.585,207.62651907585,207.31507929723625,207.2736183545276,4,stop_loss,-1.0796828110550223,0.16596003171889606,0.16596004251573504,2.0,-3.4116028852896534
2026-07-16 09:57:00-04:00,2026-07-16 09:58:00-04:00,2026-07-16 10:02:00-04:00,-0.003434362841635008,207.4637,207.505194814637,207.9202052042663,207.8786232424275,4,take_profit,1.8260208170652277,0.1661535620817176,0.1661535438215651,2.0,-0.506286288838055
2026-07-16 10:20:00-04:00,2026-07-16 10:21:00-04:00,2026-07-16 10:21:00-04:00,-0.0022260519890850983,208.405,208.44668308405,208.13401305942392,208.09238833815218,4,stop_loss,-1.0839477623043194,0.1666156052236829,0.16661561606326813,2.0,-3.4171789835912705
2026-07-16 10:22:00-04:00,2026-07-16 10:23:00-04:00,2026-07-16 10:25:00-04:00,-0.00332535885167462,208.302,208.34366248301998,208.03114698929545,207.98954284020905,4,stop_loss,-1.0834120428181677,0.16653325879576641,0.166533269629781,2.0,-3.416478571243715
2026-07-16 10:39:00-04:00,2026-07-16 10:40:00-04:00,2026-07-16 10:40:00-04:00,-0.0025141871991954945,208.2702,208.31185612270198,207.99938833851795,207.95779054084414,4,stop_loss,-1.0832466459281704,0.16650783533532376,0.1665078461678604,2.0,-3.4162623274313546
2026-07-16 10:41:00-04:00,2026-07-16 10:42:00-04:00,2026-07-16 10:46:00-04:00,-0.004466103115496001,207.85,207.8915720785,207.82,207.7784380782,4,max_holding,-0.12000000000000455,0.16626799999994546,0.16626800120002372,2.0,-2.4525360011999737
2026-07-16 10:50:00-04:00,2026-07-16 10:51:00-04:00,2026-07-16 10:53:00-04:00,-0.004018576894386117,206.935,206.97638906935,206.665924485746,206.62459336750808,4,stop_loss,-1.0763020570160506,0.16544036979428256,0.16544038055735655,2.0,-3.4071828073676897
2026-07-16 10:54:00-04:00,2026-07-16 10:55:00-04:00,2026-07-16 10:55:00-04:00,-0.005011320158361698,206.51,206.55130406509997,206.24147710900232,206.2002308759953,4,stop_loss,-1.0740915639906916,0.16510059084350814,0.16510060158452688,2.0,-3.4042927564187266
2026-07-16 10:56:00-04:00,2026-07-16 10:57:00-04:00,2026-07-16 10:59:00-04:00,-0.003764842166232296,206.39,206.43128006389998,206.12163314380413,206.08041087839172,4,stop_loss,-1.0734674247834164,0.16500465325748337,0.16500466399213565,2.0,-3.4034767420330354
2026-07-16 11:05:00-04:00,2026-07-16 11:06:00-04:00,2026-07-16 11:10:00-04:00,-0.002565467834842017,206.06,206.1012140606,206.5134164887212,206.47211587055762,4,take_profit,1.8136659548847547,0.16502936659537681,0.1650293484589156,2.0,-0.5163927601695377
2026-07-16 11:15:00-04:00,2026-07-16 11:16:00-04:00,2026-07-16 11:19:00-04:00,-0.002395740045988193,206.075,206.11621706075,206.5284494948715,206.48714587025702,4,take_profit,1.8137979794860257,0.16504137979802636,0.16504136165985983,2.0,-0.5162847619718605
2026-07-16 12:05:00-04:00,2026-07-16 12:06:00-04:00,2026-07-16 12:10:00-04:00,-0.0032981882831752962,207.065,207.10641507064997,206.91,206.8686200691,4,max_holding,-0.6200000000000045,0.16558999999995194,0.16559000619997732,2.0,-2.951180006199934
2026-07-16 12:38:00-04:00,2026-07-16 12:39:00-04:00,2026-07-16 12:43:00-04:00,-0.002166169250024108,207.28,207.3214580728,207.27,207.22854807270002,4,max_holding,-0.03999999999996362,0.16581999999993968,0.16582000040000366,2.0,-2.371640000399907
2026-07-16 13:00:00-04:00,2026-07-16 13:01:00-04:00,2026-07-16 13:02:00-04:00,-0.0025553252012920913,206.89,206.93138006889998,206.62098299879665,206.57966086840673,4,stop_loss,-1.0760680048133509,0.16540439319953748,0.16540440396011036,2.0,-3.4068768019729987
2026-07-16 13:03:00-04:00,2026-07-16 13:04:00-04:00,2026-07-16 13:07:00-04:00,-0.0023153731127296684,206.84,206.8813700684,207.2951328085368,207.25367585492643,4,take_profit,1.8205312341472109,0.1656540531233759,0.16565403491813413,2.0,-0.5107768538942992
2026-07-16 13:14:00-04:00,2026-07-16 13:15:00-04:00,2026-07-16 13:16:00-04:00,-0.00209618350038554,207.095,207.13642107095,206.82571643934358,206.7843533643129,4,stop_loss,-1.0771342426256751,0.1655682865757626,0.16556829734702205,2.0,-3.40827082654846
2026-07-16 13:17:00-04:00,2026-07-16 13:18:00-04:00,2026-07-16 13:22:00-04:00,-0.002024193937057328,207.06,207.1014140706,207.02,206.9785980702,4,max_holding,-0.15999999999996817,0.1656319999999596,0.16563200159998814,2.0,-2.491264001599916
2026-07-16 13:37:00-04:00,2026-07-16 13:38:00-04:00,2026-07-16 13:41:00-04:00,-0.0022192203782324116,206.824,206.86536686824002,206.55506881793767,206.5137598697248,4,stop_loss,-1.0757247282493836,0.16535162752711585,0.1653516382843918,2.0,-3.4064279940608913
2026-07-16 13:42:00-04:00,2026-07-16 13:43:00-04:00,2026-07-16 13:44:00-04:00,-0.0023450343293685005,206.335,206.37626906335,206.066704659755,206.0254933794901,4,stop_loss,-1.0731813609800156,0.1649606818639313,0.16496069259574142,2.0,-3.4031027354396883
2026-07-16 13:45:00-04:00,2026-07-16 13:46:00-04:00,2026-07-16 13:46:00-04:00,-0.003387206038904411,205.99,206.03120005990002,206.4432624600198,206.40197587196045,4,take_profit,1.8130498400792021,0.16497330498395968,0.16497328685352386,2.0,-0.5168967517582814
2026-07-16 14:30:00-04:00,2026-07-16 14:31:00-04:00,2026-07-16 14:35:00-04:00,-0.002003427550749559,206.7001,206.741442087001,206.6999,206.65856208699904,4,max_holding,-0.0007999999999128704,0.1653599999999642,0.16536000000792228,2.0,-2.3315200000077994
2026-07-16 15:07:00-04:00,2026-07-16 15:08:00-04:00,2026-07-16 15:12:00-04:00,-0.0021448884176025196,207.025,207.06640707025,206.895,206.85362306895001,4,max_holding,-0.5199999999999818,0.1655680000000075,0.16556800519992976,2.0,-2.851136005199919
2026-07-16 15:23:00-04:00,2026-07-16 15:24:00-04:00,2026-07-16 15:26:00-04:00,-0.0020789448255869036,206.545,206.58631106545,206.27643159885181,206.23517837529636,4,stop_loss,-1.0742736045926904,0.16512857263955993,0.16512858338228398,2.0,-3.4045307606145343
2026-07-16 15:27:00-04:00,2026-07-16 15:28:00-04:00,2026-07-16 15:32:00-04:00,-0.002321532211259414,206.28,206.32125806279998,206.33,206.2887360633,4,max_holding,0.20000000000004547,0.16504399999996622,0.16504399799998737,2.0,-2.130087997999908
2026-07-17 09:35:00-04:00,2026-07-17 09:36:00-04:00,2026-07-17 09:36:00-04:00,-0.01094991364421416,200.42,200.46008600419998,200.1593958751937,200.11936599761262,4,stop_loss,-1.042416499225169,0.16023175835005077,0.1602317687742243,2.0,-3.362880026349444
2026-07-17 09:37:00-04:00,2026-07-17 09:38:00-04:00,2026-07-17 09:39:00-04:00,-0.004584412995814358,199.74,199.7799499974,199.4802800724039,199.44038601119223,5,stop_loss,-1.2985996379805442,0.19961014003612831,0.19961015302214946,2.0,-3.697819931038822
2026-07-17 09:40:00-04:00,2026-07-17 09:41:00-04:00,2026-07-17 09:41:00-04:00,-0.0035473554490074166,199.71,199.7499439971,199.45031908110434,199.4104310117913,5,stop_loss,-1.2984045944783418,0.19958015954060215,0.19958017252449167,2.0,-3.6975649265434356
2026-07-17 09:42:00-04:00,2026-07-17 09:43:00-04:00,2026-07-17 09:43:00-04:00,-0.007130056067280677,198.33,198.36966798330002,198.0721134813251,198.03250103934997,5,stop_loss,-1.2894325933746131,0.19820105674071442,0.19820106963493345,2.0,-3.685834719750261
2026-07-17 09:44:00-04:00,2026-07-17 09:45:00-04:00,2026-07-17 09:45:00-04:00,-0.00544050544050545,198.333,198.37266858332998,198.76941392049665,198.72966202540667,5,take_profit,2.1820696024832387,0.198551206960218,0.1985511851395927,2.0,-0.21503278961657202
2026-07-17 09:46:00-04:00,2026-07-17 09:47:00-04:00,2026-07-17 09:47:00-04:00,-0.003514789333601054,198.4301,198.469788004301,198.8667275803096,198.82695622346083,5,take_profit,2.1831379015479513,0.19864841379003906,0.1986483919587556,2.0,-0.21415890420084338
2026-07-17 10:21:00-04:00,2026-07-17 10:22:00-04:00,2026-07-17 10:22:00-04:00,-0.0036454662551340666,204.98,205.0209980498,204.71346655272532,204.67252590654945,4,stop_loss,-1.0661337890986715,0.16387738662103857,0.16387739728247652,2.0,-3.3938885730021866
2026-07-17 10:23:00-04:00,2026-07-17 10:24:00-04:00,2026-07-17 10:24:00-04:00,-0.0031213668916818538,204.61,204.65092404610002,205.06022589419223,205.01921589961566,4,take_profit,1.8009035767688601,0.16386809035770966,0.1638680723485777,2.0,-0.5268325859374272
2026-07-17 10:25:00-04:00,2026-07-17 10:26:00-04:00,2026-07-17 10:28:00-04:00,-0.0032415171606865467,204.44,204.48089004439998,204.1741687093334,204.13333591733323,4,stop_loss,-1.0633251626663878,0.16344566748375655,0.16344567811688648,2.0,-3.390216508267031
2026-07-17 10:29:00-04:00,2026-07-17 10:30:00-04:00,2026-07-17 10:31:00-04:00,-0.0043237169308937284,203.82,203.86076603819998,204.2684875702764,204.22763591544722,4,take_profit,1.7939502811055945,0.16323539502798212,0.16323537708865388,2.0,-0.5325204910110415
2026-07-17 10:32:00-04:00,2026-07-17 10:33:00-04:00,2026-07-17 10:33:00-04:00,-0.00541663894422495,203.28,203.3206580328,203.0156770457508,202.97507594049844,4,stop_loss,-1.0572918169967807,0.16251827081828196,0.16251828139115787,2.0,-3.3823283692062205
2026-07-17 10:42:00-04:00,2026-07-17 10:43:00-04:00,2026-07-17 10:43:00-04:00,-0.00347698334965707,203.48,203.52069803479998,203.2154169877478,203.17477593650443,4,stop_loss,-1.0583320490087544,0.16267816679498992,0.1626781773784387,2.0,-3.383688393182183
2026-07-17 10:44:00-04:00,2026-07-17 10:45:00-04:00,2026-07-17 10:46:00-04:00,-0.006306834848929244,203.245,203.28565103244998,202.9807225559013,202.94012844119734,4,stop_loss,-1.0571097763947819,0.16249028902234386,0.16249029959340078,2.0,-3.3820903650105265
2026-07-17 10:58:00-04:00,2026-07-17 10:59:00-04:00,2026-07-17 11:01:00-04:00,-0.003115876248190541,203.15,203.1906320315,202.88584608345278,202.84527094309453,4,stop_loss,-1.0566156661889181,0.1624143384334502,0.1624143489995049,2.0,-3.3814443536218732
2026-07-17 11:02:00-04:00,2026-07-17 11:03:00-04:00,2026-07-17 11:03:00-04:00,-0.002573449409540962,203.055,203.09561303055,202.7909696110042,202.7504134449917,4,stop_loss,-1.0561215559832817,0.16233838784444288,0.16233839840549535,2.0,-3.38079834223322
2026-07-17 11:04:00-04:00,2026-07-17 11:05:00-04:00,2026-07-17 11:06:00-04:00,-0.002586206896551757,202.4718,202.51229638471798,202.91732097748744,202.87673954246515,4,take_profit,1.7820839099497334,0.16215564839092167,0.1621556305701688,2.0,-0.542227369011357
2026-07-17 11:42:00-04:00,2026-07-17 11:43:00-04:00,2026-07-17 11:47:00-04:00,-0.0023935130910512914,204.23,204.27084804229997,204.67938973838457,204.6384559072308,4,take_profit,1.7975589535383278,0.1635637558953249,0.16356373791973056,2.0,-0.5295685402767276
2026-07-17 12:03:00-04:00,2026-07-17 12:04:00-04:00,2026-07-17 12:06:00-04:00,-0.0033144862546305998,204.46,204.5008940446,204.1941427035331,204.15330591693382,4,stop_loss,-1.063429185867676,0.1634616570813705,0.1634616677156373,2.0,-3.390352510664684
2026-07-17 12:07:00-04:00,2026-07-17 12:08:00-04:00,2026-07-17 12:09:00-04:00,-0.0029296159761724727,204.2,204.240842042,204.649323726084,204.608395907832,4,take_profit,1.7972949043360131,0.16353972949048057,0.16353971151750102,2.0,-0.5297845366719685
2026-07-17 12:22:00-04:00,2026-07-17 12:23:00-04:00,2026-07-17 12:27:00-04:00,-0.0031316767641290655,204.35,204.3908720435,204.725,204.68405704724998,4,max_holding,1.5,0.16363000000001193,0.16362998500005688,2.0,-0.8272599850000688
2026-07-17 12:59:00-04:00,2026-07-17 13:00:00-04:00,2026-07-17 13:01:00-04:00,-0.0020385380769790684,205.62,205.66112605619998,206.07244830831237,206.03123587937517,4,take_profit,1.8097932332494793,0.16467697932330339,0.164676961225382,2.0,-0.5195607072992061
2026-07-17 13:20:00-04:00,2026-07-17 13:21:00-04:00,2026-07-17 13:25:00-04:00,-0.003176450619529092,205.56,205.6011140556,205.8,205.75884205800003,4,max_holding,0.9600000000000364,0.16454399999997804,0.1645439903999204,2.0,-1.369087990399862
2026-07-17 13:34:00-04:00,2026-07-17 13:35:00-04:00,2026-07-17 13:35:00-04:00,-0.0020137288670045717,205.72,205.7611460572,205.4525043381142,205.41141589177164,4,stop_loss,-1.0699826475431564,0.16446900173514223,0.16446901243512002,2.0,-3.3989206617134187
2026-07-17 13:36:00-04:00,2026-07-17 13:37:00-04:00,2026-07-17 13:41:00-04:00,-0.0030588463779374075,205.33,205.3710680533,205.31,205.2689400531,4,max_holding,-0.08000000000004093,0.16425600000002305,0.16425600079992364,2.0,-2.4085120007999876
2026-07-17 13:50:00-04:00,2026-07-17 13:51:00-04:00,2026-07-17 13:55:00-04:00,-0.002044094028325283,205.05,205.09101205049998,204.875,204.83402704875,4,max_holding,-0.7000000000000455,0.16396999999994932,0.16397000699998898,2.0,-3.027940006999984
2026-07-17 13:56:00-04:00,2026-07-17 13:57:00-04:00,2026-07-17 13:58:00-04:00,-0.002463300432430926,204.56,204.6009140456,204.29401267453161,204.25315591493685,4,stop_loss,-1.0639493018735493,0.16354160506978133,0.16354161570927772,2.0,-3.3910325226526083
2026-07-17 13:59:00-04:00,2026-07-17 14:00:00-04:00,2026-07-17 14:04:00-04:00,-0.002805083298778044,204.423,204.46388664422997,204.38,204.3391260438,4,max_holding,-0.17200000000002547,0.16352119999987735,0.1635212017199592,2.0,-2.499042401719862
2026-07-17 14:07:00-04:00,2026-07-17 14:08:00-04:00,2026-07-17 14:12:00-04:00,-0.0024938875305623442,203.98,204.02079803979998,203.8095,203.768740138095,4,max_holding,-0.6819999999999027,0.16311580000001413,0.16311580681997384,2.0,-3.0082316068198907
2026-07-17 14:15:00-04:00,2026-07-17 14:16:00-04:00,2026-07-17 14:17:00-04:00,-0.002452422993918013,203.375,203.41567703375,203.1105535181994,203.0699334386013,4,stop_loss,-1.057785927202417,0.1625942214072893,0.16259423198505374,2.0,-3.38297438059476
2026-07-17 14:18:00-04:00,2026-07-17 14:19:00-04:00,2026-07-17 14:23:00-04:00,-0.003484149573069084,203.05,203.0906120305,203.496793254561,203.45609593087804,4,take_profit,1.7871730182439478,0.1626187173018252,0.16261869943002694,2.0,-0.5380643984879043
2026-07-17 14:43:00-04:00,2026-07-17 14:44:00-04:00,2026-07-17 14:47:00-04:00,-0.0023107177974434068,202.91,202.95058402909999,203.35648519715818,203.3158159336836,4,take_profit,1.785940788632729,0.16250659407876356,0.16250657621947084,2.0,-0.5390723816655054
2026-07-17 15:08:00-04:00,2026-07-17 15:09:00-04:00,2026-07-17 15:11:00-04:00,-0.0020667421371264316,202.755,202.79555302755,202.4913596980087,202.4508634509827,4,stop_loss,-1.0545612079652074,0.1620985438792104,0.16209855442480148,2.0,-3.3787583062692192
2026-07-17 15:12:00-04:00,2026-07-17 15:13:00-04:00,2026-07-17 15:15:00-04:00,-0.0030061652281134776,202.1628,202.203234581628,201.89992972975557,201.85955176280893,4,stop_loss,-1.0514810809777373,0.16162509189189223,0.16162510240667416,2.0,-3.3747312752763037
2026-07-17 15:16:00-04:00,2026-07-17 15:17:00-04:00,2026-07-17 15:19:00-04:00,-0.003802656921329528,201.72,201.7603460172,202.16386670923438,202.12343595753123,4,take_profit,1.7754668369375395,0.16155354668364907,0.16155352892894825,2.0,-0.5476402386750578
2026-07-20 09:42:00-04:00,2026-07-20 09:43:00-04:00,2026-07-20 09:43:00-04:00,-0.0024567065680771716,207.085,207.12641907084998,206.8157294422437,206.77436836451255,4,stop_loss,-1.0770822310252015,0.16556029177684195,0.16556030254764664,2.0,-3.40820282534969
2026-07-20 09:45:00-04:00,2026-07-20 09:46:00-04:00,2026-07-20 09:50:00-04:00,-0.002771819036371026,206.8811,206.92247828881102,206.86,206.81863006860004,4,max_holding,-0.08439999999995962,0.16549643999996988,0.16549644084398096,2.0,-2.4153928808439105
2026-07-20 09:51:00-04:00,2026-07-20 09:52:00-04:00,2026-07-20 09:52:00-04:00,-0.002499395580484509,206.3199,206.36116604319898,206.0516242941342,206.01041602979163,4,stop_loss,-1.0731028234631594,0.16494860971761227,0.16494862044862657,2.0,-3.4030000536293983
2026-07-20 09:53:00-04:00,2026-07-20 09:54:00-04:00,2026-07-20 09:57:00-04:00,-0.0038866357667053375,206.315,206.35626506315,206.0467306655553,206.0055233798895,4,stop_loss,-1.073077337778841,0.16494469226620367,0.1649447029969906,2.0,-3.4029667330420352
2026-07-20 09:58:00-04:00,2026-07-20 09:59:00-04:00,2026-07-20 10:02:00-04:00,-0.002932409180137152,205.69,205.7311400569,206.14260233701378,206.10137587797243,4,take_profit,1.8104093480551455,0.16473304093472052,0.16473302283066005,2.0,-0.519056715710235
2026-07-20 10:08:00-04:00,2026-07-20 10:09:00-04:00,2026-07-20 10:11:00-04:00,-0.0021800741225200815,205.965,206.00619505965003,205.69718576706057,205.65604838687904,4,stop_loss,-1.0712569317577163,0.16466487430682264,0.16466488501941967,2.0,-3.4005866910839586
2026-07-20 10:12:00-04:00,2026-07-20 10:13:00-04:00,2026-07-20 10:17:00-04:00,-0.0031531203764341154,205.495,205.53610105495,205.2277969033676,205.1867533962649,4,stop_loss,-1.0688123865296575,0.16428911876130314,0.1642891294494575,2.0,-3.397390634740418
2026-07-20 10:19:00-04:00,2026-07-20 10:20:00-04:00,2026-07-20 10:20:00-04:00,-0.0028679758895586716,205.13,205.1710280513,204.86327150922307,204.82230090355392,4,stop_loss,-1.0669139631077087,0.16399730860371164,0.1639973192728803,2.0,-3.3949085909843006
2026-07-20 10:21:00-04:00,2026-07-20 10:22:00-04:00,2026-07-20 10:23:00-04:00,-0.0027518020650691977,204.775,204.81595704775,205.22558896184552,205.18454589630906,4,take_profit,1.8023558473820458,0.16400023558469456,0.16400021756112437,2.0,-0.5256446057637731
2026-07-20 10:35:00-04:00,2026-07-20 10:36:00-04:00,2026-07-20 10:36:00-04:00,-0.002014744398098789,205.7793,205.820457917793,205.5117272309163,205.4706269405874,4,stop_loss,-1.0702910763347973,0.1645164108923609,0.16451642159518087,2.0,-3.399323908822339
2026-07-20 10:51:00-04:00,2026-07-20 10:52:00-04:00,2026-07-20 10:52:00-04:00,-0.0028196530106430195,205.18,205.2210380518,204.91320649472232,204.87222590255544,4,stop_loss,-1.067174021110759,0.1640372825979739,0.16403729326952998,2.0,-3.395248596978263
2026-07-20 10:53:00-04:00,2026-07-20 10:54:00-04:00,2026-07-20 10:58:00-04:00,-0.002873913149370244,204.72,204.76094604719998,204.77,204.72904804770002,4,max_holding,0.20000000000004547,0.16379599999993388,0.16379599799995503,2.0,-2.1275919979998434
2026-07-20 11:37:00-04:00,2026-07-20 11:38:00-04:00,2026-07-20 11:40:00-04:00,-0.002303086135421406,205.79,205.83116005789998,205.52241331781315,205.48131089037372,4,stop_loss,-1.0703467287473813,0.16452496532713212,0.16452497603052052,2.0,-3.399396670105034
2026-07-20 11:41:00-04:00,2026-07-20 11:42:00-04:00,2026-07-20 11:43:00-04:00,-0.002207020352715805,205.69,205.7311400569,206.14260233701378,206.10137587797243,4,take_profit,1.8104093480551455,0.16473304093472052,0.16473302283066005,2.0,-0.519056715710235
2026-07-20 11:47:00-04:00,2026-07-20 11:48:00-04:00,2026-07-20 11:48:00-04:00,-0.0030352329844839376,205.27,205.3110560527,205.00308946862097,204.96209090075814,4,stop_loss,-1.0676421255161586,0.16410923578735037,0.16410924646390868,2.0,-3.3958606077674176
2026-07-20 11:49:00-04:00,2026-07-20 11:50:00-04:00,2026-07-20 11:54:00-04:00,-0.005967108135642496,204.92,204.9609860492,205.3709080212984,205.3298358934032,4,take_profit,1.8036320851936125,0.1641163632084499,0.16411634517226048,2.0,-0.5246006231870979
2026-07-20 12:15:00-04:00,2026-07-20 12:16:00-04:00,2026-07-20 12:20:00-04:00,-0.002908385845855621,205.7,205.741142057,205.59,205.5488840559,4,max_holding,-0.4399999999999409,0.16451599999993505,0.16451600440007041,2.0,-2.7690320043999463
2026-07-20 12:26:00-04:00,2026-07-20 12:27:00-04:00,2026-07-20 12:31:00-04:00,-0.0024788568095656105,205.22,205.2610460522,205.19,205.14896405189998,4,max_holding,-0.12000000000000455,0.16416400000002795,0.16416400119999253,2.0,-2.448328001200025
2026-07-20 12:42:00-04:00,2026-07-20 12:43:00-04:00,2026-07-20 12:45:00-04:00,-0.00287608462513389,204.5499,204.590812025499,204.28392580746075,204.2430710651385,4,stop_loss,-1.0638967701570436,0.16353353032297946,0.16353354096190742,2.0,-3.3909638414419305
2026-07-20 12:52:00-04:00,2026-07-20 12:53:00-04:00,2026-07-20 12:56:00-04:00,-0.0030037363549781926,204.13,204.17082804129998,203.86457179923804,203.82380092352392,4,stop_loss,-1.0617128030478398,0.16319782871960342,0.1631978393368172,2.0,-3.3881084711042604
2026-07-20 13:14:00-04:00,2026-07-20 13:15:00-04:00,2026-07-20 13:19:00-04:00,-0.002062665749926418,203.2,203.24064203199998,203.64712331606398,203.606395927872,4,take_profit,1.788493264255976,0.16273884932638794,0.16273883144151569,2.0,-0.5369844165119275
2026-07-20 14:24:00-04:00,2026-07-20 14:25:00-04:00,2026-07-20 14:29:00-04:00,-0.002416992187500022,204.32,204.3608660432,204.31,204.2691400431,4,max_holding,-0.03999999999996362,0.1634520000000066,0.1634520003999569,2.0,-2.366904000399927
2026-07-20 14:33:00-04:00,2026-07-20 14:34:00-04:00,2026-07-20 14:38:00-04:00,-0.0025920672959358626,203.94,203.9807900394,204.035,203.99419504035,4,max_holding,0.37999999999999545,0.16318999999998596,0.1631899962000034,2.0,-1.946379996199994
2026-07-20 15:04:00-04:00,2026-07-20 15:05:00-04:00,2026-07-20 15:05:00-04:00,-0.0025325792967788585,202.845,202.88557102845,202.58124267190732,202.54072844918537,4,stop_loss,-1.0550293123707206,0.16217049706881426,0.1621705076189528,2.0,-3.3793703170584877
2026-07-20 15:06:00-04:00,2026-07-20 15:07:00-04:00,2026-07-20 15:11:00-04:00,-0.0029987218562579354,202.8,202.840562028,202.765,202.72444902765,4,max_holding,-0.14000000000010004,0.1622259999999187,0.16222600139997212,2.0,-2.464452001399991
2026-07-20 15:15:00-04:00,2026-07-20 15:16:00-04:00,2026-07-20 15:20:00-04:00,-0.0036669701966381973,202.43,202.4704880243,202.46,202.41951002460002,4,max_holding,0.12000000000000455,0.16195599999991828,0.1619559988000674,2.0,-2.203911998799981
2026-07-21 09:35:00-04:00,2026-07-21 09:36:00-04:00,2026-07-21 09:36:00-04:00,-0.00538927918390919,206.695,206.73634106695,207.1498137490839,207.10838585783222,4,take_profit,1.8192549963356441,0.16553792549962054,0.1655379073071117,2.0,-0.5118208364710881
2026-07-21 09:48:00-04:00,2026-07-21 09:49:00-04:00,2026-07-21 09:49:00-04:00,-0.0033113383124260265,206.16,206.2012340616,205.8919322105076,205.85075588298483,4,stop_loss,-1.072271157969567,0.1648207728841271,0.16482078360695596,2.0,-3.40191271446065
2026-07-21 09:50:00-04:00,2026-07-21 09:51:00-04:00,2026-07-21 09:51:00-04:00,-0.002538385279396538,206.26,206.30125406259998,205.9918021815061,205.95060588098784,4,stop_loss,-1.0727912739755538,0.16490072087253793,0.1649007316004827,2.0,-3.4025927264485745
2026-07-21 09:52:00-04:00,2026-07-21 09:53:00-04:00,2026-07-21 09:53:00-04:00,-0.0024209557933472237,206.01,206.0512040601,205.74212725400986,205.70098088598033,4,stop_loss,-1.0714909839605298,0.16470085090156772,0.16470086161655217,2.0,-3.4008926964786497
2026-07-21 09:54:00-04:00,2026-07-21 09:55:00-04:00,2026-07-21 09:56:00-04:00,-0.002279893281591061,205.69,205.7311400569,205.42254334681465,205.3814608923707,4,stop_loss,-1.0698266127413945,0.1644450173387213,0.1644450280369938,2.0,-3.3987166581171095
2026-07-21 09:57:00-04:00,2026-07-21 09:58:00-04:00,2026-07-21 09:58:00-04:00,-0.0028151240110664277,205.422,205.46308645422,205.15489182453868,205.1138628977227,4,stop_loss,-1.0684327018452677,0.16423075672980758,0.1642307674140966,2.0,-3.396894225989172
2026-07-21 10:02:00-04:00,2026-07-21 10:03:00-04:00,2026-07-21 10:03:00-04:00,-0.002092966658554296,205.0165,205.057505350165,204.74991909213978,204.70897115582054,4,stop_loss,-1.0663236314409232,0.16390656763690004,0.1639065783000433,2.0,-3.3941367773778666
2026-07-21 10:04:00-04:00,2026-07-21 10:05:00-04:00,2026-07-21 10:06:00-04:00,-0.004599883177570097,204.52,204.56090604520003,204.97002785729043,204.92903590141924,4,take_profit,1.8001114291616886,0.16379601114294928,0.16379599314188908,2.0,-0.5274805751231497
2026-07-21 10:10:00-04:00,2026-07-21 10:11:00-04:00,2026-07-21 10:12:00-04:00,-0.002734107997265922,204.2688,204.30965580268798,204.71827511429336,204.67733350645327,4,take_profit,1.797900457173455,0.16359483004566755,0.1635948120666626,2.0,-0.5292891849388752
2026-07-21 10:33:00-04:00,2026-07-21 10:34:00-04:00,2026-07-21 10:36:00-04:00,-0.0021199863541108144,204.75,204.7909520475,205.20053395159502,205.15949589681003,4,take_profit,1.802135806380079,0.16398021358065762,0.16398019555936116,2.0,-0.5258246027599398
2026-07-21 11:05:00-04:00,2026-07-21 11:06:00-04:00,2026-07-21 11:07:00-04:00,-0.003125908694388002,205.685,205.72613905685,206.1375913349637,206.09636587807265,4,take_profit,1.8103653398547976,0.16472903653391313,0.1647290184303074,2.0,-0.5190927151094229
2026-07-21 11:20:00-04:00,2026-07-21 11:21:00-04:00,2026-07-21 11:21:00-04:00,-0.002180683998667332,205.78,205.8211580578,206.2328003739156,206.19155587616882,4,take_profit,1.8112014956624307,0.16480512014959459,0.16480510203757603,2.0,-0.5184087265247399
2026-07-21 11:45:00-04:00,2026-07-21 11:46:00-04:00,2026-07-21 11:50:00-04:00,-0.0021574450737531503,206.09,206.1312200609,206.29,206.24874406290002,4,max_holding,0.7999999999999545,0.16495199999997112,0.16495199199994204,2.0,-1.5299039919999586
2026-07-21 12:26:00-04:00,2026-07-21 12:27:00-04:00,2026-07-21 12:31:00-04:00,-0.003593454086340042,205.2,205.24104205199998,204.933180488922,204.89219590215603,4,stop_loss,-1.0672780443119336,0.16405327219558785,0.1640532828682808,2.0,-3.3953845993758023
2026-07-22 09:58:00-04:00,2026-07-22 09:59:00-04:00,2026-07-22 10:02:00-04:00,-0.0024273011295362634,207.545,207.58651107545,207.27513130883685,207.2336783553264,4,stop_loss,-1.0794747646525593,0.16592805252355447,0.16592806331834709,2.0,-3.411330880494461
2026-07-22 10:09:00-04:00,2026-07-22 10:10:00-04:00,2026-07-22 10:10:00-04:00,-0.0028446072995516047,206.82,206.86136606819997,206.55107401909768,206.5097658698046,4,stop_loss,-1.0757039236092396,0.16534842960766127,0.16534844036459617,2.0,-3.406400793581497
2026-07-22 10:17:00-04:00,2026-07-22 10:18:00-04:00,2026-07-22 10:20:00-04:00,-0.0020750392085897573,206.7951,206.836461087951,207.25013401012689,207.2086860558262,4,take_profit,1.8201360405075775,0.16561809360405277,0.16561807540267637,2.0,-0.5111001284991517
2026-07-22 10:25:00-04:00,2026-07-22 10:26:00-04:00,2026-07-22 10:26:00-04:00,-0.0033496357614457573,206.8399,206.88127004839902,206.57094814332643,206.52963601940723,4,stop_loss,-1.0758074266942685,0.16536433925739402,0.1653643500154658,2.0,-3.4065361159671284
2026-07-22 10:27:00-04:00,2026-07-22 10:28:00-04:00,2026-07-22 10:32:00-04:00,-0.0021009418014972248,206.615,206.65632506615,207.0696377162823,207.02822585943542,4,take_profit,1.8185508651291684,0.16547385508647494,0.1654738369010147,2.0,-0.5123968268583212
2026-07-22 10:44:00-04:00,2026-07-22 10:45:00-04:00,2026-07-22 10:46:00-04:00,-0.0020883510162779118,207.295,207.33646107294996,207.75113399509587,207.7095858458082,4,take_profit,1.82453598038353,0.16601845359798517,0.16601843535261196,2.0,-0.5075009085670672
2026-07-22 11:21:00-04:00,2026-07-22 11:22:00-04:00,2026-07-22 11:26:00-04:00,-0.005247130475521056,212.33,212.3724681233,212.44,212.3975141244,4,max_holding,0.4399999999999409,0.16990799999996398,0.1699079955999423,2.0,-1.8998159955999654
2026-07-22 11:39:00-04:00,2026-07-22 11:40:00-04:00,2026-07-22 11:44:00-04:00,-0.0021187438203305042,211.9454,211.98779119945402,211.985,211.94260511985001,4,max_holding,0.15840000000002874,0.16957216000002973,0.16957215841603102,2.0,-2.180744318416032
2026-07-22 11:57:00-04:00,2026-07-22 11:58:00-04:00,2026-07-22 11:59:00-04:00,-0.0034409976176267287,212.75,212.7925521275,213.21813723175498,213.17549573649,4,take_profit,1.8725489270199205,0.17038725489271656,0.17038723616713014,2.0,-0.4682255640399262
2026-07-22 12:10:00-04:00,2026-07-22 12:11:00-04:00,2026-07-22 12:15:00-04:00,-0.002717528668382929,213.0625,213.105114630625,213.53132485988624,213.48862073022752,4,take_profit,1.8752994395449605,0.1706375299439742,0.17063751119087556,2.0,-0.46597560158988927
2026-07-22 12:29:00-04:00,2026-07-22 12:30:00-04:00,2026-07-22 12:33:00-04:00,-0.00221988550064256,213.49,213.53270013489998,213.9597655351698,213.9169757216604,4,take_profit,1.8790621406791388,0.17097990621402914,0.17097988742341386,2.0,-0.4628976529583042
2026-07-22 13:14:00-04:00,2026-07-22 13:15:00-04:00,2026-07-22 13:19:00-04:00,-0.002476404074385541,213.49,213.53270013489998,213.3,213.257342133,4,max_holding,-0.7599999999999909,0.17071599999997034,0.17071600759993544,2.0,-3.1014320075998967
2026-07-22 13:44:00-04:00,2026-07-22 13:45:00-04:00,2026-07-22 13:49:00-04:00,-0.0020300067666891852,213.85,213.8927721385,213.95,213.90721213950002,4,max_holding,0.39999999999997726,0.17111999999997352,0.17111999599990213,2.0,-1.9422399959998984
2026-07-22 15:15:00-04:00,2026-07-22 15:16:00-04:00,2026-07-22 15:20:00-04:00,-0.0021299005266237625,213.1641,213.20673495164098,213.32,213.2773381332,4,max_holding,0.6236000000000104,0.17059363999999277,0.17059363376392866,2.0,-1.717587273763911
2026-07-22 15:33:00-04:00,2026-07-22 15:34:00-04:00,2026-07-22 15:36:00-04:00,-0.0031300077781630797,212.75,212.7925521275,212.47336329930874,212.4308707513825,4,stop_loss,-1.106546802765024,0.17008934531975228,0.17008935638511957,2.0,-3.446725504469896
2026-07-23 09:41:00-04:00,2026-07-23 09:42:00-04:00,2026-07-23 09:42:00-04:00,-0.007361126209112445,209.12,209.1618260912,209.5801497433824,209.53823580923523,4,take_profit,1.8405989735296089,0.16748005989734338,0.16748004149133067,2.0,-0.49436112785906516
2026-07-23 09:48:00-04:00,2026-07-23 09:49:00-04:00,2026-07-23 09:49:00-04:00,-0.0025020254491732175,209.305,209.34686309305,209.03284279841043,208.9910383201792,4,stop_loss,-1.0886288063583152,0.16733513711926662,0.16733514800557714,2.0,-3.423299091483159
2026-07-23 09:58:00-04:00,2026-07-23 09:59:00-04:00,2026-07-23 10:00:00-04:00,-0.0034578971215987186,208.95,208.9917920895,209.409775673679,209.36789581264205,4,take_profit,1.8391026947160753,0.1673439102694374,0.16734389187843135,2.0,-0.4955851074317934
2026-07-23 10:01:00-04:00,2026-07-23 10:02:00-04:00,2026-07-23 10:06:00-04:00,-0.004292459579338881,208.76,208.8017540876,209.2193575957752,209.1775158164496,4,take_profit,1.8374303831008092,0.16719174303830187,0.16719172466400778,2.0,-0.49695308460150045
2026-07-23 10:11:00-04:00,2026-07-23 10:12:00-04:00,2026-07-23 10:14:00-04:00,-0.003173997088513958,208.845,208.88677108845,208.57344093181732,208.53172832936536,4,stop_loss,-1.08623627273073,0.1669673763726678,0.16696738723510407,2.0,-3.420171036338502
2026-07-23 10:18:00-04:00,2026-07-23 10:19:00-04:00,2026-07-23 10:20:00-04:00,-0.002388880914788616,208.52,208.5617060852,208.2488635260722,208.2072158358556,4,stop_loss,-1.0845458957112442,0.16670754541041788,0.16670755625591482,2.0,-3.417960997377577
2026-07-23 10:27:00-04:00,2026-07-23 10:28:00-04:00,2026-07-23 10:32:00-04:00,-0.0033707059357892533,208.4556,208.497293204556,208.18454726474917,208.1429124371417,4,stop_loss,-1.0842109410033345,0.1666560589059145,0.16665606974800085,2.0,-3.41752306965725
2026-07-23 10:33:00-04:00,2026-07-23 10:34:00-04:00,2026-07-23 10:36:00-04:00,-0.004295862532398997,207.455,207.49649307455002,207.9114860606991,207.86990584260184,4,take_profit,1.8259442427963677,0.16614659442427637,0.166146576164806,2.0,-0.5063489277927147
2026-07-23 10:44:00-04:00,2026-07-23 10:45:00-04:00,2026-07-23 10:46:00-04:00,-0.003636885677369861,208.22,208.2616460822,208.67816937436442,208.63643582727124,4,take_profit,1.8326774974576665,0.1667592677497396,0.1667592494229666,2.0,-0.5008410197150397
2026-07-23 10:51:00-04:00,2026-07-23 10:52:00-04:00,2026-07-23 10:54:00-04:00,-0.004387273119620172,207.6287,207.670227816287,207.35872247456257,207.3172528036549,4,stop_loss,-1.0799101017497605,0.16599496898982125,0.16599497978882027,2.0,-3.411900050528402
2026-07-23 10:55:00-04:00,2026-07-23 10:56:00-04:00,2026-07-23 11:00:00-04:00,-0.004380222744199691,207.245,207.28645107245,207.22,207.1785580722,4,max_holding,-0.10000000000002274,0.16578600000002552,0.16578600100001495,2.0,-2.431572001000063
2026-07-23 11:01:00-04:00,2026-07-23 11:02:00-04:00,2026-07-23 11:06:00-04:00,-0.0031211166661849754,206.97,207.01139606969997,206.965,206.92360906965,4,max_holding,-0.01999999999998181,0.16557399999987865,0.16557400019996749,2.0,-2.351148000199828
2026-07-23 11:24:00-04:00,2026-07-23 11:25:00-04:00,2026-07-23 11:26:00-04:00,-0.0024853497962235016,206.79,206.8313600679,206.52111302779815,206.47981087040372,4,stop_loss,-1.075547888807364,0.16532444521112666,0.16532445596658363,2.0,-3.4061967899850742
2026-07-23 11:28:00-04:00,2026-07-23 11:29:00-04:00,2026-07-23 11:33:00-04:00,-0.002613009389217047,206.1,206.141222061,206.55350450512202,206.51219586975606,4,take_profit,1.8140180204881062,0.1650614018020633,0.1650613836618504,2.0,-0.5161047649758075
2026-07-23 12:09:00-04:00,2026-07-23 12:10:00-04:00,2026-07-23 12:14:00-04:00,-0.0027704800573201682,208.76,208.8017540876,208.88,208.8382260888,4,max_holding,0.4800000000000182,0.16705599999988863,0.16705599520003034,2.0,-1.8541119951999008
2026-07-23 12:45:00-04:00,2026-07-23 12:46:00-04:00,2026-07-23 12:50:00-04:00,-0.0029977160258850555,209.55,209.5919120955,209.6553,209.61337103655302,4,max_holding,0.4211999999999989,0.16768211999988125,0.1676821157880113,2.0,-1.9141642357878936
2026-07-23 13:05:00-04:00,2026-07-23 13:06:00-04:00,2026-07-23 13:10:00-04:00,-0.004138521548853635,209.35,209.3918720935,209.81065583768702,209.76869580462605,4,take_profit,1.842623350748113,0.16766426233505172,0.16766424390891643,2.0,-0.49270515549585525
2026-07-23 13:31:00-04:00,2026-07-23 13:32:00-04:00,2026-07-23 13:32:00-04:00,-0.002948449686132837,209.6793,209.72123795679303,209.40665609985786,209.36477686270447,4,stop_loss,-1.0905756005686271,0.16763438243992823,0.1676343933456792,2.0,-3.4258443763542346
2026-07-23 13:33:00-04:00,2026-07-23 13:34:00-04:00,2026-07-23 13:36:00-04:00,-0.0026402169259311936,209.65,209.69193209649998,209.37739419835523,209.33552081328952,4,stop_loss,-1.0904232065790893,0.16761095767924417,0.1676109685835172,2.0,-3.4256451328418507
2026-07-23 13:39:00-04:00,2026-07-23 13:40:00-04:00,2026-07-23 13:44:00-04:00,-0.002050646191997796,209.275,209.31685709275,209.44,209.3981140944,4,max_holding,0.6599999999999682,0.16748599999993985,0.16748599340007786,2.0,-1.6749719934000495
2026-07-23 13:55:00-04:00,2026-07-23 13:56:00-04:00,2026-07-23 14:00:00-04:00,-0.0022173477659624963,209.24,209.28185009240002,208.96792731726143,208.92613582147726,4,stop_loss,-1.088290730954327,0.1672831709269076,0.1672831818098075,2.0,-3.422857083691042
2026-07-23 14:07:00-04:00,2026-07-23 14:08:00-04:00,2026-07-23 14:12:00-04:00,-0.0025853401637381257,208.34,208.3816700834,208.7984334235668,208.75667582486642,4,take_profit,1.8337336942671527,0.166855373369458,0.16685535503199844,2.0,-0.4999770341343037
2026-07-23 14:17:00-04:00,2026-07-23 14:18:00-04:00,2026-07-23 14:22:00-04:00,-0.0025374634940393825,208.33,208.37166808330002,208.44,208.3983140844,4,max_holding,0.4399999999999409,0.16670800000008512,0.16670799559994975,2.0,-1.893415995600094
2026-07-23 14:37:00-04:00,2026-07-23 14:38:00-04:00,2026-07-23 14:42:00-04:00,-0.0023240212755761824,208.22,208.2616460822,207.9492536130767,207.9076658418466,4,stop_loss,-1.0829855476931698,0.1664677014452991,0.16646771227510726,2.0,-3.415920961413576
2026-07-23 14:44:00-04:00,2026-07-23 14:45:00-04:00,2026-07-23 14:49:00-04:00,-0.002452567366348135,207.65,207.6915320765,207.6999,207.658362096999,4,max_holding,0.1996000000000322,0.16613996000000952,0.1661399580040097,2.0,-2.132679918003987
2026-07-23 15:04:00-04:00,2026-07-23 15:05:00-04:00,2026-07-23 15:09:00-04:00,-0.002118213554833437,207.25,207.2914520725,207.31,207.2685400731,4,max_holding,0.2400000000000091,0.16582399999992958,0.16582399760000044,2.0,-2.091647997599921
2026-07-23 15:31:00-04:00,2026-07-23 15:32:00-04:00,2026-07-23 15:33:00-04:00,-0.0026915312890511967,207.51,207.55150407509998,207.24017681898735,207.19873085602535,4,stop_loss,-1.0792927240505605,0.16590007072750268,0.1659000815204763,2.0,-3.4110928762985395
2026-07-23 15:42:00-04:00,2026-07-23 15:43:00-04:00,2026-07-23 15:47:00-04:00,-0.002982523710943208,207.09,207.13142007090002,207.35,207.3085320735,4,max_holding,1.0399999999999636,0.16577600000005077,0.16577598959997886,2.0,-1.291551989600066
2026-07-24 09:38:00-04:00,2026-07-24 09:39:00-04:00,2026-07-24 09:43:00-04:00,-0.0030550878037045592,207.2,207.24144207199998,207.495,207.45350307495002,4,max_holding,1.1800000000000637,0.16587800000002062,0.1658779881998953,2.0,-1.1517559881998523
2026-07-24 09:51:00-04:00,2026-07-24 09:52:00-04:00,2026-07-24 09:52:00-04:00,-0.0032944571359865282,207.2134,207.254844752134,206.9439624850058,206.90257576194844,4,stop_loss,-1.077750059976779,0.16566294499398282,0.16566295577149504,2.0,-3.409075960742257
2026-07-24 09:53:00-04:00,2026-07-24 09:54:00-04:00,2026-07-24 09:54:00-04:00,-0.008040830083297146,206.02,206.0612060602,205.7521142511097,205.71096588578064,4,stop_loss,-1.0715429955612308,0.1647088457003747,0.1647088564158139,2.0,-3.4009606976774194
2026-07-24 09:55:00-04:00,2026-07-24 09:56:00-04:00,2026-07-24 09:58:00-04:00,-0.007566014087310169,205.9415,205.982690359415,206.39465574013383,206.35337887293235,4,take_profit,1.81262296053535,0.1649344622960598,0.16493444416983039,2.0,-0.5172459459305401
2026-07-24 10:17:00-04:00,2026-07-24 10:18:00-04:00,2026-07-24 10:18:00-04:00,-0.002693473137415192,207.33,207.3714680733,207.06041087119007,207.01900085961995,4,stop_loss,-1.0783565152397614,0.16575616434852236,0.1657561751319463,2.0,-3.40986885472023
2026-07-24 10:19:00-04:00,2026-07-24 10:20:00-04:00,2026-07-24 10:20:00-04:00,-0.003944203944203917,207.07,207.1114160707,206.80074894659396,206.7593908648121,4,stop_loss,-1.07700421362415,0.16554829957863149,0.16554831034875406,2.0,-3.4081008235515355
2026-07-24 10:40:00-04:00,2026-07-24 10:41:00-04:00,2026-07-24 10:45:00-04:00,-0.0028366748401366104,207.38,207.4214780738,207.23,207.18855607229997,4,max_holding,-0.6000000000000227,0.16584399999999277,0.165844006000043,2.0,-2.9316880060000585
2026-07-24 11:04:00-04:00,2026-07-24 11:05:00-04:00,2026-07-24 11:09:00-04:00,-0.0023150910522924395,209.015,209.05680509015,208.74321988251478,208.70147332597048,4,stop_loss,-1.0871204699408281,0.1671032879530685,0.16710329882414499,2.0,-3.4213270567180416
2026-07-24 11:20:00-04:00,2026-07-24 11:21:00-04:00,2026-07-24 11:24:00-04:00,-0.0024858165729034765,209.68,209.72193809680002,209.40735518965482,209.36547581269045,4,stop_loss,-1.0905792413807376,0.16763494207589247,0.16763495298164344,2.0,-3.4258491364382735
2026-07-24 11:43:00-04:00,2026-07-24 11:44:00-04:00,2026-07-24 11:48:00-04:00,-0.002361246929186489,209.155,209.19683309155,209.43,209.38811609430002,4,max_holding,1.1000000000000227,0.16743399999995745,0.1674339889999601,2.0,-1.2348679889998948
2026-07-24 12:14:00-04:00,2026-07-24 12:15:00-04:00,2026-07-24 12:19:00-04:00,-0.0028023868050426337,210.86,210.9021741086,210.785,210.74284510785,4,max_holding,-0.3000000000000682,0.1686579999999367,0.16865800300001865,2.0,-2.6373160030000236
2026-07-24 12:30:00-04:00,2026-07-24 12:31:00-04:00,2026-07-24 12:35:00-04:00,-0.0024402378639626354,210.549,210.59111190549,210.755,210.71285110755,4,max_holding,0.8239999999999554,0.16852159999996275,0.16852159176005443,2.0,-1.5130431917600617
2026-07-24 13:42:00-04:00,2026-07-24 13:43:00-04:00,2026-07-24 13:47:00-04:00,-0.002072228430137213,209.9,209.94198209900003,209.995,209.95300309995002,4,max_holding,0.37999999999999545,0.16795799999999872,0.16795799620001617,2.0,-1.9559159962000194
2026-07-24 14:12:00-04:00,2026-07-24 14:13:00-04:00,2026-07-24 14:17:00-04:00,-0.002337117237432129,209.1599,209.201734071599,209.19,209.14816409190001,4,max_holding,0.12040000000001783,0.16733995999993567,0.16733995879599206,2.0,-2.21427991879591
2026-07-24 14:20:00-04:00,2026-07-24 14:21:00-04:00,2026-07-24 14:22:00-04:00,-0.0021026474242569204,208.83,208.8717680883,208.55846043616756,208.51675082966494,4,stop_loss,-1.0861582553297922,0.16695538417445732,0.1669553950359841,2.0,-3.4200690345402336
2026-07-24 14:23:00-04:00,2026-07-24 14:24:00-04:00,2026-07-24 14:25:00-04:00,-0.0028202676864244047,208.61,208.65172408610002,208.33874649997088,208.29708083405833,4,stop_loss,-1.08501400011653,0.16677949860002172,0.16677950945017983,2.0,-3.4185730081667316
2026-07-24 14:26:00-04:00,2026-07-24 14:27:00-04:00,2026-07-24 14:28:00-04:00,-0.002443933294997258,208.187,208.22863948187,207.9162965226472,207.87471534250565,4,stop_loss,-1.082813909411243,0.16644131860903144,0.1664413294371343,2.0,-3.4156965574574087
2026-07-24 14:29:00-04:00,2026-07-24 14:30:00-04:00,2026-07-24 14:31:00-04:00,-0.0028548123980424167,207.83,207.87156807830002,207.5597607261826,207.51825084963497,4,stop_loss,-1.0809570952696959,0.16615590429046279,0.1661559151000347,2.0,-3.4132689146601933
2026-07-24 14:32:00-04:00,2026-07-24 14:33:00-04:00,2026-07-24 14:34:00-04:00,-0.0026906260510257685,207.56,207.6015140756,207.2901118044866,207.24865585502684,4,stop_loss,-1.0795527820536108,0.16594004472176493,0.16594005551723967,2.0,-3.4114328822926154
2026-07-24 14:35:00-04:00,2026-07-24 14:36:00-04:00,2026-07-24 14:40:00-04:00,-0.004571043641437789,206.91,206.9513840691,206.64095699299634,206.59963086800732,4,stop_loss,-1.0761720280146392,0.16542038279715143,0.16542039355886118,2.0,-3.407012804370652
2026-07-24 14:41:00-04:00,2026-07-24 14:42:00-04:00,2026-07-24 14:44:00-04:00,-0.002753256636159662,206.52,206.5613060652,206.25146410610222,206.21021587579565,4,stop_loss,-1.0741435755911652,0.16510858564231512,0.1651085963839023,2.0,-3.4043607576173827
2026-07-24 14:50:00-04:00,2026-07-24 14:51:00-04:00,2026-07-24 14:55:00-04:00,-0.002708061318245525,206.23,206.27124806229997,206.385,206.34372506385,4,max_holding,0.6200000000000045,0.16504599999996117,0.1650459937999358,2.0,-1.7100919937998924
2026-07-24 15:02:00-04:00,2026-07-24 15:03:00-04:00,2026-07-24 15:05:00-04:00,-0.0020103180177779567,206.005,206.04620306005,205.73713375545995,205.69598838608022,4,stop_loss,-1.0714649781601793,0.16469685350216423,0.16469686421680763,2.0,-3.400858695879151
2026-07-24 15:07:00-04:00,2026-07-24 15:08:00-04:00,2026-07-24 15:09:00-04:00,-0.003276380933889933,205.3401,205.38117007340102,205.07309831829093,205.03208574935826,4,stop_loss,-1.0680067268363018,0.16416527932733516,0.16416529000741775,2.0,-3.3963372961710547
2026-07-24 15:10:00-04:00,2026-07-24 15:11:00-04:00,2026-07-24 15:15:00-04:00,-0.005433332524801715,205.015,205.05600505015,205.05,205.00899205050004,4,max_holding,0.14000000000010004,0.16402599999992162,0.1640259985999819,2.0,-2.1880519985998035
2026-07-27 09:35:00-04:00,2026-07-27 09:36:00-04:00,2026-07-27 09:36:00-04:00,-0.004607077738461363,206.12,206.1612260612,205.85198422210823,205.81081588378368,4,stop_loss,-1.072063111567104,0.16478879368878552,0.16478880440945431,2.0,-3.401640709665344
2026-07-27 09:39:00-04:00,2026-07-27 09:40:00-04:00,2026-07-27 09:40:00-04:00,-0.004812132406552205,204.78,204.8209580478,204.5137266107283,204.47282591054343,4,stop_loss,-1.0650935570868114,0.16371749064421692,0.1637175012951957,2.0,-3.392528549026224
2026-07-27 09:41:00-04:00,2026-07-27 09:42:00-04:00,2026-07-27 09:42:00-04:00,-0.011679860133067876,203.45,203.49069203449997,203.18545599644824,203.1448209371035,4,stop_loss,-1.0581760142069925,0.162654182398569,0.16265419298031247,2.0,-3.383484389585874
2026-07-27 09:43:00-04:00,2026-07-27 09:44:00-04:00,2026-07-27 09:45:00-04:00,-0.013003970331566861,202.27,202.3104560227,202.00699033866596,201.96659096066813,4,stop_loss,-1.0520386453362107,0.16171079613548045,0.16171080665583304,2.0,-3.375460248127524
2026-07-27 09:46:00-04:00,2026-07-27 09:47:00-04:00,2026-07-27 09:47:00-04:00,-0.008033709245472975,201.9,201.940382019,201.6374714459715,201.59714596805702,4,stop_loss,-1.0501142161140251,0.16141498857837178,0.1614149990795113,2.0,-3.372944203771908
2026-07-27 09:55:00-04:00,2026-07-27 09:56:00-04:00,2026-07-27 09:57:00-04:00,-0.00288326474284728,202.31,202.3504640231,202.75516495114618,202.7146159457076,4,take_profit,1.7806598045847295,0.16202606598039893,0.1620260481738569,2.0,-0.5433923095695263
2026-07-27 09:58:00-04:00,2026-07-27 09:59:00-04:00,2026-07-27 09:59:00-04:00,-0.002617154708409508,201.965,202.00539501965,201.70238692712053,201.66204846675896,4,stop_loss,-1.0504522915178995,0.1614669547708445,0.1614669652753946,2.0,-3.3733862115641386
2026-07-27 10:01:00-04:00,2026-07-27 10:02:00-04:00,2026-07-27 10:04:00-04:00,-0.003706449221645647,201.605,201.64532301604999,201.34285503152591,201.30258847394816,4,stop_loss,-1.0485798738963013,0.16117914201265648,0.1611791524983346,2.0,-3.3709381684072923
2026-07-27 10:11:00-04:00,2026-07-27 10:12:00-04:00,2026-07-27 10:12:00-04:00,-0.003708281829419069,201.5,201.540302015,201.2379915619775,201.197745976045,4,stop_loss,-1.0480337520899639,0.16109519662484217,0.161095207105177,2.0,-3.370224155819983
2026-07-27 10:13:00-04:00,2026-07-27 10:14:00-04:00,2026-07-27 10:15:00-04:00,-0.008636756619729735,201.02,201.0602060102,201.4623264222204,201.42203597155924,4,take_profit,1.769305688881559,0.1609929305689093,0.16099291287571305,2.0,-0.5526801545630633
2026-07-27 10:16:00-04:00,2026-07-27 10:17:00-04:00,2026-07-27 10:19:00-04:00,-0.0030521091811415157,200.885,200.92517900884997,201.32702936686766,201.2867659742646,4,take_profit,1.768117467470688,0.16088481174665503,0.1608847940655096,2.0,-0.5536521383414765
2026-07-27 10:20:00-04:00,2026-07-27 10:21:00-04:00,2026-07-27 10:21:00-04:00,-0.0035539428883862856,200.48,200.5200980048,200.2193178577928,200.17927599641442,4,stop_loss,-1.0427285688288066,0.16027972714312,0.16027973757036307,2.0,-3.3632880335422897
2026-07-27 10:22:00-04:00,2026-07-27 10:23:00-04:00,2026-07-27 10:23:00-04:00,-0.003285543608124275,200.22,200.2600460022,199.9596559331967,199.91966600160663,4,stop_loss,-1.0413762672131952,0.1600718623733428,0.16007187278694346,2.0,-3.3615200023734815
2026-07-27 10:24:00-04:00,2026-07-27 10:25:00-04:00,2026-07-27 10:26:00-04:00,-0.004626902795741739,200.09,200.13002000089998,199.82982497089864,199.78986100420272,4,stop_loss,-1.0407001164054464,0.15996792998828369,0.1599679403952905,2.0,-3.3606359867890205
2026-07-27 10:27:00-04:00,2026-07-27 10:28:00-04:00,2026-07-27 10:28:00-04:00,-0.0029967036260113433,199.6341,199.67402881634098,199.37451777311648,199.33464486330703,5,stop_loss,-1.2979111344175465,0.19950430888656,0.19950432186561784,2.0,-3.6969197651697243
2026-07-27 10:29:00-04:00,2026-07-27 10:30:00-04:00,2026-07-27 10:31:00-04:00,-0.005721927993367015,198.95,198.9897919895,198.69130730151576,198.65157102696855,5,stop_loss,-1.2934634924211252,0.19882065365067092,0.19882066658539088,2.0,-3.691104812657187
2026-07-27 10:32:00-04:00,2026-07-27 10:33:00-04:00,2026-07-27 10:34:00-04:00,-0.004608756637611511,198.7299,198.769647967299,198.47149349534806,198.4318011813639,5,stop_loss,-1.2920325232596497,0.19860069674777492,0.1986007096679998,2.0,-3.6892339296754244
2026-07-27 10:42:00-04:00,2026-07-27 10:43:00-04:00,2026-07-27 10:43:00-04:00,-0.002992129943928945,198.29,198.32965998289998,198.03216549292566,197.99256104014873,5,stop_loss,-1.2891725353716765,0.19816108274639532,0.1981610956381985,2.0,-3.6854947137562704
2026-07-27 10:44:00-04:00,2026-07-27 10:45:00-04:00,2026-07-27 10:45:00-04:00,-0.007281675287500566,197.69,197.72953997689999,198.1249990568538,198.0853760382924,5,take_profit,2.174995284268988,0.1979074995284691,0.19790747777847173,2.0,-0.2208196930379529
2026-07-27 11:02:00-04:00,2026-07-27 11:03:00-04:00,2026-07-27 11:03:00-04:00,-0.003454144973968787,199.06,199.09981399059998,198.8011642696141,198.76140602477184,5,stop_loss,-1.2941786519294851,0.19893058213469317,0.19893059507651856,2.0,-3.692039829140697
2026-07-27 11:04:00-04:00,2026-07-27 11:05:00-04:00,2026-07-27 11:06:00-04:00,-0.005981729445626249,198.59,198.6297199859,198.33177540592118,198.29211103415776,5,stop_loss,-1.2911229703941274,0.1984608877029359,0.19846090061420796,2.0,-3.6880447587112712
2026-07-27 11:07:00-04:00,2026-07-27 11:08:00-04:00,2026-07-27 11:09:00-04:00,-0.003014015170543005,198.48,198.5196979848,198.2219184378228,198.18227603635444,5,stop_loss,-1.2904078108859096,0.19835095921891366,0.19835097212293817,2.0,-3.6871097422277614
2026-07-27 11:10:00-04:00,2026-07-27 11:11:00-04:00,2026-07-27 11:11:00-04:00,-0.002623325467380422,198.3,198.33966198299998,198.0421524900255,198.00254603994904,5,stop_loss,-1.2892375498725528,0.19817107624490404,0.19817108913727566,2.0,-3.6855797152547325
2026-07-27 11:13:00-04:00,2026-07-27 11:14:00-04:00,2026-07-27 11:15:00-04:00,-0.002324463211287209,197.97,198.0095959797,197.71258158573048,197.67304104653914,5,stop_loss,-1.2870920713476153,0.1978412907929794,0.19784130366375052,2.0,-3.682774665804345
2026-07-27 11:16:00-04:00,2026-07-27 11:17:00-04:00,2026-07-27 11:18:00-04:00,-0.004872999040549386,197.055,197.09441297055,196.7987713510942,196.7594135648117,5,stop_loss,-1.2811432445290905,0.19692688567545247,0.19692689848696432,2.0,-3.6749970286915072
2026-07-27 11:25:00-04:00,2026-07-27 11:26:00-04:00,2026-07-27 11:27:00-04:00,-0.004340803553402051,197.24,197.27944997240002,196.98353079744143,196.94413606111726,5,stop_loss,-1.2823460127928854,0.19711176539871644,0.1971117782221654,2.0,-3.6765695564137673
2026-07-27 11:28:00-04:00,2026-07-27 11:29:00-04:00,2026-07-27 11:31:00-04:00,-0.002051567803049492,197.0,197.03940197,196.743842867045,196.70449606591004,5,stop_loss,-1.2807856647749816,0.1968719214335124,0.19687193424132943,2.0,-3.6745295204498234
2026-07-27 11:32:00-04:00,2026-07-27 11:33:00-04:00,2026-07-27 11:37:00-04:00,-0.003129061469475447,196.285,196.32425896285,196.02977257440574,195.99056858018858,5,stop_loss,-1.2761371279712819,0.19615738628729673,0.19615739904850216,2.0,-3.6684519133070808
2026-07-27 12:14:00-04:00,2026-07-27 12:15:00-04:00,2026-07-27 12:16:00-04:00,-0.0024221627895241182,197.69,197.72953997689999,197.43294566693464,197.3934610521307,5,stop_loss,-1.2852716653267748,0.19756147283345626,0.1975614856861796,2.0,-3.6803946238464107
2026-07-27 12:17:00-04:00,2026-07-27 12:18:00-04:00,2026-07-27 12:19:00-04:00,-0.005398859680104895,197.1101,197.149523991101,196.85379970511437,196.81443091371136,5,stop_loss,-1.2815014744280973,0.19698194985252826,0.19698196266759282,2.0,-3.6754653869482183
2026-07-27 12:20:00-04:00,2026-07-27 12:21:00-04:00,2026-07-27 12:24:00-04:00,-0.003136699382778496,197.04,197.07940997039998,197.47356879034078,197.43407605131839,5,take_profit,2.1678439517039294,0.19725678439513672,0.19725676271676207,2.0,-0.22666959540796938
2026-07-27 12:32:00-04:00,2026-07-27 12:33:00-04:00,2026-07-27 12:33:00-04:00,-0.0029531285494334147,197.525,197.56450697525003,197.26816021478717,197.2287085554258,5,stop_loss,-1.284198926064164,0.19739658010749395,0.19739659294941703,2.0,-3.678992099121075
2026-07-27 12:34:00-04:00,2026-07-27 12:35:00-04:00,2026-07-27 12:36:00-04:00,-0.0031347962382445305,197.17,197.20943597169997,196.91362181774244,196.87424106251513,5,stop_loss,-1.2818909112877463,0.19704181090872908,0.19704182372777268,2.0,-3.675974545924248
2026-07-27 12:37:00-04:00,2026-07-27 12:38:00-04:00,2026-07-27 12:38:00-04:00,-0.002020150878436544,197.09,197.12941997090002,197.52367881084183,197.48417605031648,5,take_profit,2.1683940542091307,0.1973068394053712,0.1973068177214543,2.0,-0.22621960291769483
2026-07-27 12:51:00-04:00,2026-07-27 12:52:00-04:00,2026-07-27 12:53:00-04:00,-0.002278711768280317,197.03,197.0694079703,196.77380385834456,196.73445106531094,5,stop_loss,-1.280980708277184,0.19690190192918067,0.19690191473898722,2.0,-3.674784524945352
2026-07-27 12:54:00-04:00,2026-07-27 12:55:00-04:00,2026-07-27 12:55:00-04:00,-0.0034952636644546287,196.73,196.7693479673,196.47419394534907,196.43490107130194,5,stop_loss,-1.279030273254591,0.1966020969727822,0.19660210976297776,2.0,-3.672234479990351
2026-07-27 12:56:00-04:00,2026-07-27 12:57:00-04:00,2026-07-27 12:59:00-04:00,-0.002892960462873684,196.45,196.48929196449998,196.19455802655324,196.1553210768935,5,stop_loss,-1.2772098672337506,0.19632227901325905,0.19632229178540683,2.0,-3.6698544380324165
2026-07-27 13:04:00-04:00,2026-07-27 13:05:00-04:00,2026-07-27 13:09:00-04:00,-0.002623199988182834,195.81,195.84916395809998,195.75,195.7108519575,5,max_holding,-0.30000000000001137,0.19577999999995654,0.19578000299986797,2.0,-2.691560002999836
2026-07-27 13:19:00-04:00,2026-07-27 13:20:00-04:00,2026-07-27 13:24:00-04:00,-0.0022194443735810143,195.55,195.58911195550002,195.54,195.5008939554,5,max_holding,-0.050000000000096634,0.19554499999998143,0.1955450005000614,2.0,-2.4410900005001395
2026-07-27 14:06:00-04:00,2026-07-27 14:07:00-04:00,2026-07-27 14:11:00-04:00,-0.002387240958959813,196.42,196.45928596419998,196.4101,196.37081994410102,5,max_holding,-0.04949999999993793,0.19641504999995618,0.19641505049492025,2.0,-2.4423301004948144
2026-07-27 14:34:00-04:00,2026-07-27 14:35:00-04:00,2026-07-27 14:39:00-04:00,-0.0021605958160697547,196.265,196.30425496264996,196.219,196.17975816218998,5,max_holding,-0.22999999999996135,0.1962419999999554,0.19624200229998223,2.0,-2.622484002299899
2026-07-27 15:38:00-04:00,2026-07-27 15:39:00-04:00,2026-07-27 15:39:00-04:00,-0.00252947427010064,197.13,197.1694279713,196.87367382934306,196.83430106331392,5,stop_loss,-1.2816308532846676,0.1970018369146942,0.19700184973103774,2.0,-3.6756345399303996
2026-07-27 15:40:00-04:00,2026-07-27 15:41:00-04:00,2026-07-27 15:45:00-04:00,-0.004577411360072836,196.81,196.8493639681,196.85,196.8106319685,5,max_holding,0.1999999999999602,0.1968300000000056,0.19682999799996992,2.0,-2.1936599980000153
2026-07-28 09:37:00-04:00,2026-07-28 09:38:00-04:00,2026-07-28 09:39:00-04:00,-0.0048895374139210634,194.415,194.45388494415,194.8427927140383,194.8038261039234,5,take_profit,2.138963570191521,0.19462889635704528,0.1946288749674352,2.0,-0.2502942011329594
2026-07-28 09:42:00-04:00,2026-07-28 09:43:00-04:00,2026-07-28 09:43:00-04:00,-0.0020580366330521516,193.97,194.0087959397,193.71778274579046,193.67904112641912,5,stop_loss,-1.2610862710477022,0.19384389137286462,0.1938439039838613,2.0,-3.648774066404428
2026-07-28 09:45:00-04:00,2026-07-28 09:46:00-04:00,2026-07-28 09:46:00-04:00,-0.007469199178644859,193.345,193.38367093345,193.09359542704982,193.0549786389004,5,stop_loss,-1.257022864750894,0.19321929771336954,0.1932193102837232,2.0,-3.643461472747987
2026-07-28 09:47:00-04:00,2026-07-28 09:48:00-04:00,2026-07-28 09:48:00-04:00,-0.0044854609197773065,193.09,193.1286199309,193.5148771707618,193.4761761304764,5,take_profit,2.1243858538089455,0.19330243858533436,0.19330241734152764,2.0,-0.2622190021179165
2026-07-28 09:54:00-04:00,2026-07-28 09:55:00-04:00,2026-07-28 09:56:00-04:00,-0.0028098577026192118,193.43,193.4686879343,193.8556253101686,193.8168561236628,5,take_profit,2.1281265508429215,0.1936428126550993,0.19364279137377594,2.0,-0.2591590531859538
2026-07-28 09:57:00-04:00,2026-07-28 09:58:00-04:00,2026-07-28 09:58:00-04:00,-0.0024702794503628223,193.82,193.8587659382,193.5679777892927,193.52926612941465,5,stop_loss,-1.2601110535364057,0.19369398889466538,0.19369400149571447,2.0,-3.6474990439267856
2026-07-28 10:15:00-04:00,2026-07-28 10:16:00-04:00,2026-07-28 10:16:00-04:00,-0.0028782894736841813,194.0,194.03880193999998,193.74774373709,193.70899612582,5,stop_loss,-1.2612813145500468,0.1938738718685329,0.193873884481377,2.0,-3.6490290708999567
2026-07-28 10:17:00-04:00,2026-07-28 10:18:00-04:00,2026-07-28 10:19:00-04:00,-0.0029875347687234877,193.56,193.5987139356,193.3083158646966,193.2696561346068,5,stop_loss,-1.2584206765170336,0.1934341579323018,0.19343417051658207,2.0,-3.6452890049659175
2026-07-28 10:20:00-04:00,2026-07-28 10:21:00-04:00,2026-07-28 10:21:00-04:00,-0.005323711340206261,192.99,193.0285999299,193.4146571297598,193.37597613248042,5,take_profit,2.1232856487989693,0.1932023285648654,0.19320230733200106,2.0,-0.26311898709789716
2026-07-28 10:22:00-04:00,2026-07-28 10:23:00-04:00,2026-07-28 10:23:00-04:00,-0.0033064682785700628,192.922,192.96058632921998,193.34650750187842,193.30784013384311,5,take_profit,2.1225375093921173,0.193134253750884,0.1931342325255514,2.0,-0.2637309768843181
2026-07-28 10:56:00-04:00,2026-07-28 10:57:00-04:00,2026-07-28 10:57:00-04:00,-0.002507217748062618,196.91,196.94938396909998,196.65395989314635,196.61463106770734,5,stop_loss,-1.280200534268232,0.1967819799465076,0.19678199274849817,2.0,-3.673764506963238
2026-07-28 10:58:00-04:00,2026-07-28 10:59:00-04:00,2026-07-28 11:03:00-04:00,-0.002637050560373333,196.67,196.7093359667,196.55,196.5106919655,5,max_holding,-0.5999999999998806,0.19660999999999262,0.1966100060000997,2.0,-2.993220005999973
2026-07-28 11:04:00-04:00,2026-07-28 11:05:00-04:00,2026-07-28 11:06:00-04:00,-0.003049245311785409,196.17,196.2092359617,196.6016544336234,196.5623360687532,5,take_profit,2.158272168117037,0.1963858272168295,0.1963858056340939,2.0,-0.2344994647338865
2026-07-28 11:07:00-04:00,2026-07-28 11:08:00-04:00,2026-07-28 11:08:00-04:00,-0.0034551089883644304,196.12,196.1592259612,195.8649871222582,195.82581608348366,5,stop_loss,-1.2750643887089552,0.1959924935610502,0.1959925063117396,2.0,-3.667049388581745
2026-07-28 11:28:00-04:00,2026-07-28 11:29:00-04:00,2026-07-28 11:29:00-04:00,-0.002958654697180485,197.13,197.1694279713,196.87367382934306,196.83430106331392,5,stop_loss,-1.2816308532846676,0.1970018369146942,0.19700184973103774,2.0,-3.6756345399303996
2026-07-28 11:30:00-04:00,2026-07-28 11:31:00-04:00,2026-07-28 11:32:00-04:00,-0.005566801619433126,196.52,196.55930596520002,196.95242457713042,196.91303606173923,5,take_profit,2.1621228856520247,0.19673621228861293,0.19673619066736592,2.0,-0.23134951730395414
2026-07-28 11:52:00-04:00,2026-07-28 11:53:00-04:00,2026-07-28 11:57:00-04:00,-0.0023931882305521235,198.03,198.0696079803,198.4657471962606,198.42605603147882,5,take_profit,2.178735981302964,0.19824787359809193,0.19824785181072002,2.0,-0.21775974410584809
2026-07-28 12:07:00-04:00,2026-07-28 12:08:00-04:00,2026-07-28 12:12:00-04:00,-0.002950075642965233,197.72,197.7595459772,197.94,197.9004139794,5,max_holding,1.0999999999999943,0.1978299999998967,0.1978299889999846,2.0,-1.295659988999887
2026-07-28 12:16:00-04:00,2026-07-28 12:17:00-04:00,2026-07-28 12:20:00-04:00,-0.002019997980002075,197.64,197.6795299764,198.0748890363528,198.03527603929442,5,take_profit,2.174445181764071,0.19785744451823462,0.1978574227737795,2.0,-0.22126968552794324
2026-07-28 12:24:00-04:00,2026-07-28 12:25:00-04:00,2026-07-28 12:29:00-04:00,-0.002903893742740249,197.435,197.47448897435,197.28,197.24054597280002,5,max_holding,-0.7750000000000057,0.19735749999995278,0.1973575077499845,2.0,-3.169715007749943
2026-07-28 12:30:00-04:00,2026-07-28 12:31:00-04:00,2026-07-28 12:34:00-04:00,-0.004151058013566855,196.7099,196.74924394709902,197.1427424349932,197.10331585793367,5,take_profit,2.164212174966025,0.196926321217461,0.19692629957532404,2.0,-0.22964044582676024
2026-07-28 13:03:00-04:00,2026-07-28 13:04:00-04:00,2026-07-28 13:06:00-04:00,-0.0022219416740310027,197.5999,197.639421955999,197.34296282306502,197.30349620393002,5,stop_loss,-1.2846858846748432,0.19747143141159995,0.19747144425849683,2.0,-3.67962876034494
2026-07-28 13:41:00-04:00,2026-07-28 13:42:00-04:00,2026-07-28 13:45:00-04:00,-0.002373831775700941,197.485,197.52449897485,197.22821222638774,197.18876855622457,5,stop_loss,-1.2839388680613695,0.19735660611317485,0.19735661895253997,2.0,-3.6786520931270843
2026-07-28 13:47:00-04:00,2026-07-28 13:48:00-04:00,2026-07-28 13:52:00-04:00,-0.0028348688873139904,197.0,197.03940197,196.91,196.8706199691,5,max_holding,-0.45000000000001705,0.19695499999997423,0.1969550044999835,2.0,-2.8439100044999748
2026-07-28 14:42:00-04:00,2026-07-28 14:43:00-04:00,2026-07-28 14:46:00-04:00,-0.002560397495373623,196.73,196.7693479673,197.16288666323462,197.12345605753083,5,take_profit,2.164433316173131,0.1969464433317114,0.1969464216873007,2.0,-0.22945954884588105
2026-07-28 15:35:00-04:00,2026-07-28 15:36:00-04:00,2026-07-28 15:37:00-04:00,-0.002073534617913264,197.31,197.3494639731,197.05343977714037,197.01403105971934,5,stop_loss,-1.2828011142981666,0.1971817198885617,0.19718173271655814,2.0,-3.6771645669032864
2026-07-28 15:38:00-04:00,2026-07-28 15:39:00-04:00,2026-07-28 15:43:00-04:00,-0.003081706947112961,197.185,197.22443897185002,197.1894,197.14996409189402,5,max_holding,0.02200000000001978,0.1971872000000019,0.19718719978001786,2.0,-2.37237439978
2026-07-29 09:39:00-04:00,2026-07-29 09:40:00-04:00,2026-07-29 09:40:00-04:00,-0.0052848213832003,195.74,195.77914995740002,196.17070825731483,196.13147607737045,5,take_profit,2.1535412865740966,0.1959553541286141,0.19595533259334275,2.0,-0.23836940014786023
2026-07-29 09:47:00-04:00,2026-07-29 09:48:00-04:00,2026-07-29 09:49:00-04:00,-0.004026708802691181,195.41,195.4490839541,195.15591032816886,195.11688109766234,5,stop_loss,-1.2704483591556937,0.1952829551640889,0.1952829678684509,2.0,-3.6610142821882334
2026-07-29 09:50:00-04:00,2026-07-29 09:51:00-04:00,2026-07-29 09:51:00-04:00,-0.0061923449365476335,194.995,195.03400094994998,194.74144994852506,194.70250360594986,5,stop_loss,-1.267750257374729,0.1948682249742717,0.19486823765163308,2.0,-3.657486720000634
2026-07-29 09:52:00-04:00,2026-07-29 09:53:00-04:00,2026-07-29 09:54:00-04:00,-0.005066530194472896,194.425,194.46388694425,194.17219111383363,194.1333586173328,5,stop_loss,-1.2640444308318877,0.1942985955568588,0.19429860819727196,2.0,-3.6526416345860184
2026-07-29 09:55:00-04:00,2026-07-29 09:56:00-04:00,2026-07-29 09:56:00-04:00,-0.006948896125541726,193.65,193.6887319365,193.39819883859528,193.35952113280953,5,stop_loss,-1.259005807023641,0.1935240994193066,0.19352411200941333,2.0,-3.646054018452361
2026-07-29 09:57:00-04:00,2026-07-29 09:58:00-04:00,2026-07-29 09:58:00-04:00,-0.00828146700272614,192.81,192.84856392810002,193.2342610559562,193.19561613608764,5,take_profit,2.1213052797810406,0.19302213052796446,0.1930221093149953,2.0,-0.2647389600619192
2026-07-29 09:59:00-04:00,2026-07-29 10:00:00-04:00,2026-07-29 10:01:00-04:00,-0.0039152138069362685,193.36,193.3986739336,193.10857592269963,193.06995613860084,5,stop_loss,-1.2571203865019243,0.19323428796141684,0.19323430053248103,2.0,-3.643588974995822
2026-07-29 10:03:00-04:00,2026-07-29 10:04:00-04:00,2026-07-29 10:04:00-04:00,-0.002197688548749799,192.94,192.9785899294,193.36454710925878,193.3258761334824,5,take_profit,2.12273554629391,0.19315227355463094,0.1931522523271667,2.0,-0.2635689795878875
2026-07-29 10:09:00-04:00,2026-07-29 10:10:00-04:00,2026-07-29 10:10:00-04:00,-0.0026917900403768957,192.62,192.6585259262,192.3695381373107,192.33106615337863,5,stop_loss,-1.2523093134464602,0.19249476906864516,0.19249478159181876,2.0,-3.637298864106924
2026-07-29 10:11:00-04:00,2026-07-29 10:12:00-04:00,2026-07-29 10:12:00-04:00,-0.002954822321868278,192.32,192.3584659232,192.0699282243152,192.0315161593696,5,stop_loss,-1.2503588784240094,0.19219496411210457,0.1921949766158093,2.0,-3.6347488191519233
2026-07-29 10:13:00-04:00,2026-07-29 10:14:00-04:00,2026-07-29 10:15:00-04:00,-0.005469812241169936,191.645,191.68333091645,192.06669757828288,192.0282861594342,5,take_profit,2.10848789141437,0.19185584878911754,0.1918558277041882,2.0,-0.27522378507893563
2026-07-29 10:24:00-04:00,2026-07-29 10:25:00-04:00,2026-07-29 10:25:00-04:00,-0.0024204252661166326,191.67,191.7083359167,191.42077341282496,191.38249117235011,5,stop_loss,-1.2461329358751527,0.1915453867064798,0.1915453991678362,2.0,-3.6292237217494687
2026-07-29 10:26:00-04:00,2026-07-29 10:27:00-04:00,2026-07-29 10:29:00-04:00,-0.006808377942934318,191.0821,191.120318330821,191.50255896748263,191.46426037071473,5,take_profit,2.1022948374131545,0.19129232948358776,0.19129230846090195,2.0,-0.28028980053133523
2026-07-29 10:39:00-04:00,2026-07-29 10:40:00-04:00,2026-07-29 10:40:00-04:00,-0.0022912663634909736,191.53,191.56830791529998,191.28095545342705,191.24270117514592,5,stop_loss,-1.2452227328647325,0.19140547772664718,0.19140549017890862,2.0,-3.6280337007702883
2026-07-29 10:41:00-04:00,2026-07-29 10:42:00-04:00,2026-07-29 10:46:00-04:00,-0.003258772615881922,191.165,191.20323491165,191.3903,191.352023853903,5,max_holding,1.1265000000000214,0.19127764999993246,0.19127763873498793,2.0,-1.256055288734899
2026-07-29 11:11:00-04:00,2026-07-29 11:12:00-04:00,2026-07-29 11:16:00-04:00,-0.002127218013904697,192.34,192.37846992340002,192.7632268632468,192.72467614550644,5,take_profit,2.116134316234053,0.19255161343167515,0.1925515922702914,2.0,-0.26896888946791364
2026-07-29 11:29:00-04:00,2026-07-29 11:30:00-04:00,2026-07-29 11:34:00-04:00,-0.002307851882584755,192.38,192.4184779238,192.325,192.28653692325,5,max_holding,-0.2750000000000341,0.19235249999994153,0.19235250275002613,2.0,-2.6597050027500018
2026-07-29 11:39:00-04:00,2026-07-29 11:40:00-04:00,2026-07-29 11:44:00-04:00,-0.002503054725074616,191.85,191.88837191849998,191.76,191.72164991760002,5,max_holding,-0.45000000000001705,0.19180499999990275,0.191805004499912,2.0,-2.833610004499832
2026-07-29 12:02:00-04:00,2026-07-29 12:03:00-04:00,2026-07-29 12:05:00-04:00,-0.002319399562180857,191.4,191.438281914,191.151124491129,191.11289617774204,5,stop_loss,-1.2443775443550464,0.19127556224546538,0.1912755746892003,2.0,-3.626928681289712
2026-07-29 12:06:00-04:00,2026-07-29 12:07:00-04:00,2026-07-29 12:11:00-04:00,-0.0032618339335107605,190.99,191.02819990990002,191.4102563097198,191.37197617256044,5,take_profit,2.101281548599019,0.19120012815491805,0.19120010714203772,2.0,-0.28111868669793694
2026-07-29 12:16:00-04:00,2026-07-29 12:17:00-04:00,2026-07-29 12:21:00-04:00,-0.002368379777278218,190.805,190.84316290805,191.2248492338661,191.18660617626784,5,take_profit,2.099246169330513,0.19101492461686576,0.19101490362444906,2.0,-0.2827836589108017
2026-07-29 12:35:00-04:00,2026-07-29 12:36:00-04:00,2026-07-29 12:39:00-04:00,-0.002762143006045492,191.36,191.3982739136,191.78107046142722,191.74271616514565,5,take_profit,2.1053523071360303,0.19157053523073841,0.19157051417707294,2.0,-0.2777887422717811
2026-07-29 13:29:00-04:00,2026-07-29 13:30:00-04:00,2026-07-29 13:30:00-04:00,-0.0022639236496941884,192.12,192.1584259212,191.87018828231822,191.83181616336364,5,stop_loss,-1.2490585884089,0.19199509414121962,0.19199510663170827,2.0,-3.633048789181828
2026-07-29 13:31:00-04:00,2026-07-29 13:32:00-04:00,2026-07-29 13:36:00-04:00,-0.002933617175939096,192.04,192.0784099204,191.915,191.87661891915,5,max_holding,-0.625,0.19197750000003566,0.19197750624996957,2.0,-3.0089550062500052
2026-07-29 13:56:00-04:00,2026-07-29 13:57:00-04:00,2026-07-29 14:00:00-04:00,-0.002060703705628608,192.02,192.05840592020002,192.44252273204043,192.40403615191926,5,take_profit,2.1126136602021006,0.19223126136608926,0.1922312402398063,2.0,-0.27184884140379495
2026-07-29 14:11:00-04:00,2026-07-29 14:12:00-04:00,2026-07-29 14:12:00-04:00,-0.0021860708394243478,193.4567,193.49539327456702,193.20515018465517,193.16651108666974,5,stop_loss,-1.2577490767242239,0.19333092509228322,0.1933309376698844,2.0,-3.6444109394863915
2026-07-29 14:13:00-04:00,2026-07-29 14:14:00-04:00,2026-07-29 14:18:00-04:00,-0.004644681839294007,192.885,192.92357892884996,192.66,192.6214699266,5,max_holding,-1.1249999999999716,0.1927724999998759,0.19277251124989903,2.0,-3.5105450112497465
2026-07-29 14:20:00-04:00,2026-07-29 14:21:00-04:00,2026-07-29 14:24:00-04:00,-0.0021235821204744765,192.65,192.6885319265,193.073908990353,193.03529613929402,5,take_profit,2.1195449517649934,0.19286195449510046,0.19286193329975276,2.0,-0.26617893602985987
2026-07-29 15:05:00-04:00,2026-07-29 15:06:00-04:00,2026-07-29 15:07:00-04:00,-0.003115867988147558,195.14,195.17902995139997,194.88626140647287,194.8472861030542,5,stop_loss,-1.2686929676355874,0.19501313070321658,0.19501314339009923,2.0,-3.658719241728903
2026-07-29 15:08:00-04:00,2026-07-29 15:09:00-04:00,2026-07-29 15:10:00-04:00,-0.006458200382897239,194.625,194.66392694625,194.37193105583063,194.33305861333878,5,stop_loss,-1.265344720846855,0.19449846552788586,0.194498478181373,2.0,-3.6543416645561138
2026-07-29 15:17:00-04:00,2026-07-29 15:18:00-04:00,2026-07-29 15:18:00-04:00,-0.0025161754133716796,194.24,194.2788499424,193.98743166748642,193.94863612102725,5,stop_loss,-1.2628416625679506,0.19411371583359482,0.19411372846221298,2.0,-3.6510691068637584
2026-07-29 15:19:00-04:00,2026-07-29 15:20:00-04:00,2026-07-29 15:20:00-04:00,-0.003284072249589376,194.21,194.2488439421,193.95747067618686,193.91868112162632,5,stop_loss,-1.2626466190657482,0.19408373533806866,0.1940837479645552,2.0,-3.650814102368372
2026-07-29 15:21:00-04:00,2026-07-29 15:22:00-04:00,2026-07-29 15:22:00-04:00,-0.006652454216217518,193.39,193.42867993389999,193.13853691399913,193.09991113800172,5,stop_loss,-1.2573154300042688,0.193264268456943,0.19326428103013882,2.0,-3.6438439794913506
2026-07-29 15:23:00-04:00,2026-07-29 15:24:00-04:00,2026-07-29 15:25:00-04:00,-0.004814500141603006,193.28,193.3186579328,193.0286799459008,192.99007614019843,5,stop_loss,-1.256600270496051,0.19315433997292075,0.19315435253886903,2.0,-3.642908963007841
2026-07-29 15:26:00-04:00,2026-07-29 15:27:00-04:00,2026-07-29 15:29:00-04:00,-0.0028960024822878294,192.805,192.84356292805,193.2292500539061,193.19060613618782,5,take_profit,2.1212502695304636,0.19301712502695523,0.1930171038144124,2.0,-0.26478395931090404
2026-07-29 15:33:00-04:00,2026-07-29 15:34:00-04:00,2026-07-29 15:34:00-04:00,-0.003678756476684031,192.29,192.32845992289998,192.03996723301563,192.0015611599687,5,stop_loss,-1.250163834921807,0.1921649836164363,0.19216499611815152,2.0,-3.6344938146563948
2026-07-29 15:35:00-04:00,2026-07-29 15:36:00-04:00,2026-07-29 15:37:00-04:00,-0.006923073346555064,192.245,192.28345092245002,191.99502574606635,191.9566286608674,5,stop_loss,-1.24987126966829,0.19212001287300495,0.1921200253717359,2.0,-3.634111307913031
2026-07-29 15:38:00-04:00,2026-07-29 15:39:00-04:00,2026-07-29 15:40:00-04:00,-0.003712621561183571,191.59,191.6283199159,191.34087743602615,191.30261117394772,5,stop_loss,-1.2456128198692795,0.19146543871798372,0.1914654511740821,2.0,-3.6285437097613453
2026-07-29 15:41:00-04:00,2026-07-29 15:42:00-04:00,2026-07-29 15:43:00-04:00,-0.0036363636363635488,191.805,191.84336291805002,191.55559787367295,191.5172886696542,5,stop_loss,-1.247010631635277,0.19168029893691596,0.19168031140694097,2.0,-3.630371241979134
2026-07-29 15:46:00-04:00,2026-07-29 15:47:00-04:00,2026-07-29 15:48:00-04:00,-0.002606882168926017,191.32,191.35826591319997,191.74098244502636,191.70263616594718,5,take_profit,2.104912225131841,0.1915304912223803,0.1915304701734044,2.0,-0.2781487362639439
2026-07-29 15:54:00-04:00,2026-07-29 15:55:00-04:00,2026-07-29 15:55:00-04:00,-0.0041629806941769765,191.35,191.3882719135,191.10118950562978,191.06297117874055,5,stop_loss,-1.2440524718510915,0.19122559475277967,0.19122560719338821,2.0,-3.6265036737972594
2026-07-30 09:37:00-04:00,2026-07-30 09:38:00-04:00,2026-07-30 09:38:00-04:00,-0.0031444089290818544,191.79,191.8283599179,192.21201663773581,192.17357615652844,5,take_profit,2.1100831886791127,0.19200100831895384,0.1920009872179662,2.0,-0.27391880685780734
2026-07-30 10:06:00-04:00,2026-07-30 10:07:00-04:00,2026-07-30 10:07:00-04:00,-0.002395636882613794,195.73,195.7691479573,195.47549423536407,195.43640109127196,5,stop_loss,-1.2725288231796128,0.1956027471176469,0.19560275984289888,2.0,-3.6637343301401586
2026-07-30 10:08:00-04:00,2026-07-30 10:09:00-04:00,2026-07-30 10:10:00-04:00,-0.0045373438694876755,195.25,195.2890519525,194.99611837457124,194.9571211008575,5,stop_loss,-1.2694081271438051,0.19512305918723882,0.19512307188136901,2.0,-3.659654258212413
2026-07-30 10:11:00-04:00,2026-07-30 10:12:00-04:00,2026-07-30 10:14:00-04:00,-0.002503576537911334,195.25,195.2890519525,195.679630056405,195.64049608719,5,take_profit,2.148150282024943,0.19546481502814572,0.19546479354673352,2.0,-0.24277932654993606
2026-07-30 10:37:00-04:00,2026-07-30 10:38:00-04:00,2026-07-30 10:38:00-04:00,-0.0026634528716952266,196.6213,196.660626226213,196.3656352868737,196.3263641234727,5,stop_loss,-1.2783235656314673,0.1964934676433927,0.19649348042662496,2.0,-3.671310513701485
2026-07-30 10:39:00-04:00,2026-07-30 10:40:00-04:00,2026-07-30 10:44:00-04:00,-0.004841939817983643,196.2851,196.32435898285098,196.0298724443767,195.99066843018656,5,stop_loss,-1.276137778116464,0.19615748622214824,0.19615749898349577,2.0,-3.668452763322108
2026-07-30 10:45:00-04:00,2026-07-30 10:46:00-04:00,2026-07-30 10:46:00-04:00,-0.0038740550309261934,195.68,195.71913795679998,195.4255592498648,195.3864760922704,5,stop_loss,-1.2722037506760842,0.1955527796248191,0.19555279234694467,2.0,-3.663309322647848
2026-07-30 10:47:00-04:00,2026-07-30 10:48:00-04:00,2026-07-30 10:48:00-04:00,-0.006719091973329205,195.13,195.1690279513,195.55936600720258,195.52025608959482,5,take_profit,2.1468300360129433,0.19534468300349772,0.1953446615353016,2.0,-0.24385930852585602
2026-07-30 10:53:00-04:00,2026-07-30 10:54:00-04:00,2026-07-30 10:54:00-04:00,-0.002250063922270562,195.095,195.13402095095,194.84131991952358,194.80235360395287,5,stop_loss,-1.2684004023820705,0.19496815995978523,0.1949681726438257,2.0,-3.6583367349856815
2026-07-30 10:55:00-04:00,2026-07-30 10:56:00-04:00,2026-07-30 10:56:00-04:00,-0.003186261964477688,194.75,194.7889519475,194.49676851957878,194.45787111084255,5,stop_loss,-1.2661574021061028,0.1946233842598133,0.19462339692140063,2.0,-3.6554041832873168
2026-07-30 11:10:00-04:00,2026-07-30 11:11:00-04:00,2026-07-30 11:11:00-04:00,-0.0022034332564694337,194.7,194.73894194699997,194.44683353407947,194.407946111841,5,stop_loss,-1.2658323296025742,0.19457341676698547,0.1945734294253043,2.0,-3.654979175794864
2026-07-30 11:13:00-04:00,2026-07-30 11:14:00-04:00,2026-07-30 11:18:00-04:00,-0.0031560310984528606,194.22,194.2588459422,193.9674576732867,193.92866612142663,5,stop_loss,-1.2627116335664823,0.19409372883657738,0.19409374146377445,2.0,-3.650899103866834
2026-07-30 11:19:00-04:00,2026-07-30 11:20:00-04:00,2026-07-30 11:21:00-04:00,-0.0025475412367155226,193.8002,193.83896197800198,194.22663990195798,194.187796516244,5,take_profit,2.132199509789956,0.19401341995092025,0.19401339862895384,2.0,-0.2558273087899181
2026-07-30 11:30:00-04:00,2026-07-30 11:31:00-04:00,2026-07-30 11:35:00-04:00,-0.0033016921172100977,193.21,193.2486439321,193.1701,193.13146791170098,5,max_holding,-0.19950000000008572,0.19319004999999834,0.19319005199506023,2.0,-2.5858801019951443
2026-07-30 11:37:00-04:00,2026-07-30 11:38:00-04:00,2026-07-30 11:42:00-04:00,-0.002017589239524109,192.915,192.95358492915,193.135,193.09637493134997,5,max_holding,1.0999999999999943,0.19302500000009104,0.19302498900003684,2.0,-1.2860499890001336
2026-07-30 11:52:00-04:00,2026-07-30 11:53:00-04:00,2026-07-30 11:57:00-04:00,-0.0028431843457856765,192.86,192.8985739286,193.2843710764572,193.24571613508562,5,take_profit,2.1218553822859576,0.19307218553819894,0.19307216431968754,2.0,-0.2642889675719289
2026-07-30 12:19:00-04:00,2026-07-30 12:20:00-04:00,2026-07-30 12:24:00-04:00,-0.002368448151580771,193.77,193.8087559377,193.87,193.8312279387,5,max_holding,0.4999999999999716,0.19381999999993127,0.19381999499998415,2.0,-1.8876399949999438
2026-07-30 12:39:00-04:00,2026-07-30 12:40:00-04:00,2026-07-30 12:40:00-04:00,-0.0020371325425477815,193.5003,193.53900199500302,193.24869349201052,193.21004568579906,5,stop_loss,-1.2580325399474646,0.1933744967459461,0.19337450932638944,2.0,-3.6447815460198
2026-07-30 12:41:00-04:00,2026-07-30 12:42:00-04:00,2026-07-30 12:46:00-04:00,-0.004746427281638654,192.92,192.95858592919998,193.3445031010584,193.30583613388322,5,take_profit,2.1225155052920286,0.193132251550594,0.1931322303252614,2.0,-0.2637489765838268
2026-07-30 13:37:00-04:00,2026-07-30 13:38:00-04:00,2026-07-30 13:42:00-04:00,-0.0024268084886662766,193.2,193.23864193199998,193.3,193.261341933,5,max_holding,0.5000000000001137,0.1932499999999493,0.19324999500000217,2.0,-1.8864999949998378
2026-07-30 14:19:00-04:00,2026-07-30 14:20:00-04:00,2026-07-30 14:24:00-04:00,-0.0021162693563268054,193.29,193.3286599329,193.4997,193.461001994997,5,max_holding,1.04849999999999,0.19339485000003265,0.19339483951497982,2.0,-1.3382896895150225
2026-07-30 14:35:00-04:00,2026-07-30 14:36:00-04:00,2026-07-30 14:40:00-04:00,-0.002657104529976251,193.3,193.338661933,193.23,193.1913559323,5,max_holding,-0.350000000000108,0.19326499999991142,0.19326500349990283,2.0,-2.7365300034999223
2026-07-30 15:23:00-04:00,2026-07-30 15:24:00-04:00,2026-07-30 15:25:00-04:00,-0.002138457970681351,194.49,194.52889994490002,194.2371065949827,194.19826111603476,5,stop_loss,-1.2644670250865886,0.1943635532975918,0.19436356594212612,2.0,-3.6531941443263065
2026-07-30 15:28:00-04:00,2026-07-30 15:29:00-04:00,2026-07-30 15:33:00-04:00,-0.002158465730885961,194.075,194.11381694074998,194.06,194.0211899406,5,max_holding,-0.07499999999993179,0.19406750000001693,0.19406750074992374,2.0,-2.4631350007498725
2026-07-31 09:39:00-04:00,2026-07-31 09:40:00-04:00,2026-07-31 09:40:00-04:00,-0.004985719296487501,198.5842,198.623918825842,199.0211666634937,198.98136442037267,5,take_profit,2.1848333174683887,0.19880268333167805,0.19880266148334158,2.0,-0.21277202734663092
2026-07-31 09:41:00-04:00,2026-07-31 09:42:00-04:00,2026-07-31 09:42:00-04:00,-0.00457778222979055,198.76,198.7997539876,198.5015543566186,198.46185603076285,5,stop_loss,-1.2922282169068922,0.1986307771782947,0.1986307901006512,2.0,-3.689489784185838
2026-07-31 09:43:00-04:00,2026-07-31 09:44:00-04:00,2026-07-31 09:44:00-04:00,-0.004379562043795637,197.7304,197.769948057304,197.47329313521806,197.43380045132395,5,stop_loss,-1.2855343239097294,0.1976018465676077,0.197601859422889,2.0,-3.680738029900226
2026-07-31 09:45:00-04:00,2026-07-31 09:46:00-04:00,2026-07-31 09:46:00-04:00,-0.005566402089217881,198.37,198.4096759837,198.11206146972447,198.07244103855112,5,stop_loss,-1.2896926513776918,0.1982410307348914,0.1982410436318105,2.0,-3.6861747257443938
2026-07-31 09:47:00-04:00,2026-07-31 09:48:00-04:00,2026-07-31 09:48:00-04:00,-0.0031792490916431326,197.53,197.5695079753,197.27315371333708,197.23370105532595,5,stop_loss,-1.284231433314602,0.1974015768567483,0.1974015896989556,2.0,-3.679034599870306
2026-07-31 09:50:00-04:00,2026-07-31 09:51:00-04:00,2026-07-31 09:52:00-04:00,-0.0027219113866625566,197.8601,197.89967399860097,197.60282448760307,197.5633058987338,5,stop_loss,-1.2863775619845796,0.19773146224380866,0.19773147510747435,2.0,-3.6818404993358627
2026-07-31 10:01:00-04:00,2026-07-31 10:02:00-04:00,2026-07-31 10:02:00-04:00,-0.004889272361230934,197.245,197.28445097245,196.98852429599134,196.94912856101737,5,stop_loss,-1.2823785200433235,0.1971167621479708,0.1971167749718461,2.0,-3.6766120571631404
2026-07-31 10:03:00-04:00,2026-07-31 10:04:00-04:00,2026-07-31 10:04:00-04:00,-0.0037945863900834542,196.905,196.94438296905,196.64896639459644,196.6096385678072,5,stop_loss,-1.280168027017794,0.19677698319725323,0.1967769959989596,2.0,-3.673722006214007
2026-07-31 10:05:00-04:00,2026-07-31 10:06:00-04:00,2026-07-31 10:06:00-04:00,-0.004983682865744243,196.66,196.6993339666,196.4042849656501,196.36500607269983,5,stop_loss,-1.278575171749452,0.19653214248279482,0.19653215526858503,2.0,-3.671639469500832
2026-07-31 10:07:00-04:00,2026-07-31 10:08:00-04:00,2026-07-31 10:08:00-04:00,-0.0042247624364065706,196.18,196.21923796180002,195.92490910485733,195.88572608228546,5,stop_loss,-1.2754544757133601,0.19605245455252884,0.19605246730691306,2.0,-3.667559397572802
2026-07-31 10:09:00-04:00,2026-07-31 10:10:00-04:00,2026-07-31 10:10:00-04:00,-0.0023447854011622304,195.71,195.7491439571,195.45552024116435,195.4164310916713,5,stop_loss,-1.2723987941782866,0.19558276012048736,0.19558277284460246,2.0,-3.6635643271433764
2026-07-31 10:11:00-04:00,2026-07-31 10:12:00-04:00,2026-07-31 10:12:00-04:00,-0.002317290552584561,195.915,195.95418495914998,195.66025368171128,195.6211235875775,5,stop_loss,-1.2737315914435499,0.19578762684076878,0.19578763957809997,2.0,-3.6653068578624186
2026-07-31 10:13:00-04:00,2026-07-31 10:14:00-04:00,2026-07-31 10:14:00-04:00,-0.0039041567786878284,195.205,195.24404295205002,194.95117688762195,194.9121886017562,5,stop_loss,-1.2691155618902883,0.19507808844380747,0.19507810113495339,2.0,-3.659271751469049
2026-07-31 10:16:00-04:00,2026-07-31 10:17:00-04:00,2026-07-31 10:17:00-04:00,-0.002118481839761155,195.51,195.5491039551,195.9402021630102,195.90101608197963,5,take_profit,2.1510108150511087,0.19572510108147867,0.19572507957150265,2.0,-0.24043936560187262
2026-07-31 10:27:00-04:00,2026-07-31 10:28:00-04:00,2026-07-31 10:28:00-04:00,-0.003397784336092391,196.41,196.4492839641,196.8421825320282,196.80281606394365,5,take_profit,2.1609126601410367,0.1966260912659834,0.19662606965681562,2.0,-0.23233950078176235
2026-07-31 10:55:00-04:00,2026-07-31 10:56:00-04:00,2026-07-31 10:56:00-04:00,-0.004854491033025599,197.835,197.87456897835,198.2703181163067,198.23066603538663,5,take_profit,2.1765905815334463,0.19805265905802116,0.19805263729224976,2.0,-0.2195147148168246
2026-07-31 10:57:00-04:00,2026-07-31 10:58:00-04:00,2026-07-31 11:00:00-04:00,-0.0033954576322341445,198.11,198.1496239811,197.85239954512838,197.81283104374336,5,stop_loss,-1.2880022743581776,0.19798119977252782,0.197981212652536,2.0,-3.6839646867832414
2026-07-31 11:01:00-04:00,2026-07-31 11:02:00-04:00,2026-07-31 11:02:00-04:00,-0.0023535723073075943,197.86,197.89957397860002,197.60272461763213,197.56320604873588,5,stop_loss,-1.2863769118393975,0.19773136230881505,0.19773137517248074,2.0,-3.6818396493206933
2026-07-31 11:03:00-04:00,2026-07-31 11:04:00-04:00,2026-07-31 11:08:00-04:00,-0.004211747496910556,197.425,197.46448697425,197.405,197.36552097404999,5,max_holding,-0.10000000000005116,0.19741500000009182,0.19741500099996756,2.0,-2.4948300010001105
2026-07-31 11:11:00-04:00,2026-07-31 11:12:00-04:00,2026-07-31 11:14:00-04:00,-0.0032777621083003305,196.85,196.8893719685,197.283150712437,197.24369605512604,5,take_profit,2.165753562184989,0.1970665753562173,0.1970665536985905,2.0,-0.22837956686981897
2026-07-31 11:19:00-04:00,2026-07-31 11:20:00-04:00,2026-07-31 11:20:00-04:00,-0.002755579490659077,196.62,196.65932596620002,196.36433697725073,196.32506607349868,5,stop_loss,-1.2783151137463733,0.19649216848861784,0.19649218127170798,2.0,-3.671299463506699
2026-07-31 11:21:00-04:00,2026-07-31 11:22:00-04:00,2026-07-31 11:24:00-04:00,-0.004365371437273113,196.12,196.1592259612,195.8649871222582,195.82581608348366,5,stop_loss,-1.2750643887089552,0.1959924935610502,0.1959925063117396,2.0,-3.667049388581745
2026-07-31 11:25:00-04:00,2026-07-31 11:26:00-04:00,2026-07-31 11:26:00-04:00,-0.003513059416526687,195.71,195.7491439571,195.45552024116435,195.4164310916713,5,stop_loss,-1.2723987941782866,0.19558276012048736,0.19558277284460246,2.0,-3.6635643271433764
2026-07-31 11:27:00-04:00,2026-07-31 11:28:00-04:00,2026-07-31 11:29:00-04:00,-0.003121081430738859,195.43,195.4690879543,195.86002613020858,195.8208560835828,5,take_profit,2.150130651042872,0.19564501306504667,0.19564499156373927,2.0,-0.241159353585914
2026-07-31 11:45:00-04:00,2026-07-31 11:46:00-04:00,2026-07-31 11:46:00-04:00,-0.0021121742671009747,196.07,196.1092159607,195.81505213675896,195.77589108448214,5,stop_loss,-1.2747393162051424,0.1959425260683645,0.19594253881578538,2.0,-3.6666243810892922
2026-07-31 12:41:00-04:00,2026-07-31 12:42:00-04:00,2026-07-31 12:46:00-04:00,-0.0021211049946971983,197.59,197.6295199759,197.9,197.860421979,5,max_holding,1.5500000000000114,0.1977449999999692,0.19774498450004785,2.0,-0.8454899845000057
2026-07-31 13:42:00-04:00,2026-07-31 13:43:00-04:00,2026-07-31 13:47:00-04:00,-0.003351340536214442,199.25,199.2898519925,199.11,199.07017999110002,5,max_holding,-0.6999999999999318,0.199180000000041,0.1991800069998817,2.0,-3.0983600069998545
2026-07-31 14:11:00-04:00,2026-07-31 14:12:00-04:00,2026-07-31 14:14:00-04:00,-0.0022036359993989896,199.23,199.2698479923,198.97094322031154,198.9311510213769,5,stop_loss,-1.29528389844225,0.19910047161019406,0.1991004845629618,2.0,-3.6934848546154058
2026-07-31 14:15:00-04:00,2026-07-31 14:16:00-04:00,2026-07-31 14:20:00-04:00,-0.0021810524204668447,199.015,199.05480499015,198.95,198.9102119895,5,max_holding,-0.32499999999998863,0.1989824999999712,0.19898250324999367,2.0,-2.7229650032499535
2026-07-31 14:27:00-04:00,2026-07-31 14:28:00-04:00,2026-07-31 14:32:00-04:00,-0.0020240342131609967,198.65,198.68973198650002,198.71,198.67025998710002,5,max_holding,0.30000000000001137,0.1986800000000244,0.19867999699997085,2.0,-2.097359996999984
2026-07-31 15:06:00-04:00,2026-07-31 15:07:00-04:00,2026-07-31 15:11:00-04:00,-0.002162433995474,198.42,198.4596859842,198.39,198.3503239839,5,max_holding,-0.15000000000000568,0.19840500000000816,0.19840500149996387,2.0,-2.5468100014999777
2026-07-31 15:25:00-04:00,2026-07-31 15:26:00-04:00,2026-07-31 15:30:00-04:00,-0.002911679068262618,200.32,200.3600660032,200.0595259041952,200.0195159996096,4,stop_loss,-1.041896383219182,0.16015181036163995,0.16015182078069756,2.0,-3.3622000143615196
